SET NAMES utf8;
SET TIME_ZONE='+00:00';
SET UNIQUE_CHECKS=0;
SET FOREIGN_KEY_CHECKS=0;
SET SQL_MODE='NO_AUTO_VALUE_ON_ZERO';
SET SQL_NOTES=0;

CREATE TABLE `APPROP_ACCOUNT` (
  `BUDGES_APPROP_ACCT_ID` int(10) unsigned NOT NULL AUTO_INCREMENT,
  `VERSION` int(11) DEFAULT '0',
  `BUDGES_APPROP_ACCT_CODE` varchar(10) NOT NULL,
  `BUDGES_APPROP_ACCT_NAME` varchar(75) NOT NULL,
  `aa_status_flag` enum('A','I') NOT NULL DEFAULT 'A',
  `CREATED_BY_USER` varchar(256) DEFAULT NULL,
  `DATE_CREATED` timestamp NOT NULL DEFAULT CURRENT_TIMESTAMP,
  `MODIFIED_BY_USER` varchar(256) DEFAULT NULL,
  `DATE_MODIFIED` timestamp NOT NULL DEFAULT CURRENT_TIMESTAMP ON UPDATE CURRENT_TIMESTAMP,
  PRIMARY KEY (`BUDGES_APPROP_ACCT_ID`),
  UNIQUE KEY `UN_BUDGES_APPROP_ACCT_ID` (`BUDGES_APPROP_ACCT_ID`),
  UNIQUE KEY `UN_BUDGES_APPROP_ACCT_KEY` (`BUDGES_APPROP_ACCT_CODE`,`BUDGES_APPROP_ACCT_NAME`)
) ENGINE=InnoDB DEFAULT CHARSET=utf8 COMMENT='Reference table of RDT&E and Procurement appropriation accounts';

DELIMITER ;;
CREATE trigger tnsert_AA_create_n_mod_data before insert on APPROP_ACCOUNT
  for each row begin
    set new.date_created = now();
    set new.created_by_user = user();
    set new.modified_by_user = user();
  end;;
DELIMITER ;

DELIMITER ;;
CREATE trigger update_AA_mod_data before update on APPROP_ACCOUNT
  for each row begin
    set new.date_modified = now();
    set new.modified_by_user = user();
  end;;
DELIMITER ;

CREATE TABLE `BUDGES_APPROP_ACCOUNTS` (
  `BUDGES_APPROP_ACCT_ID` int(10) unsigned NOT NULL AUTO_INCREMENT,
  `VERSION` int(11) DEFAULT '0',
  `BUDGES_APPROP_ACCT_CODE` varchar(10) NOT NULL,
  `BUDGES_APPROP_ACCT_NAME` varchar(75) NOT NULL,
  `CREATED_BY_USER_ID` int(10) unsigned DEFAULT NULL,
  `DATE_CREATED` timestamp NOT NULL DEFAULT CURRENT_TIMESTAMP,
  `MODIFIED_BY_USER_ID` int(10) unsigned DEFAULT NULL,
  `DATE_MODIFIED` timestamp NOT NULL DEFAULT CURRENT_TIMESTAMP ON UPDATE CURRENT_TIMESTAMP,
  PRIMARY KEY (`BUDGES_APPROP_ACCT_ID`),
  UNIQUE KEY `UN_APPROP_ACCT_ID` (`BUDGES_APPROP_ACCT_ID`),
  UNIQUE KEY `UN_APPROP_ACCT_KEY` (`BUDGES_APPROP_ACCT_CODE`,`BUDGES_APPROP_ACCT_NAME`),
  KEY `FK_AA_USER_ID` (`CREATED_BY_USER_ID`),
  KEY `FK_AA_MOD_USER_ID` (`MODIFIED_BY_USER_ID`),
  CONSTRAINT `FK_AA_MOD_USER_ID` FOREIGN KEY (`MODIFIED_BY_USER_ID`) REFERENCES `BUDGES_USERS` (`BUDGES_USER_ID`),
  CONSTRAINT `FK_AA_USER_ID` FOREIGN KEY (`CREATED_BY_USER_ID`) REFERENCES `BUDGES_USERS` (`BUDGES_USER_ID`)
) ENGINE=InnoDB DEFAULT CHARSET=utf8;

CREATE TABLE `BUDGES_BUDGET_ACTIVITIES` (
  `BUDGES_BUDGET_ACTIVITY_ID` int(10) unsigned NOT NULL AUTO_INCREMENT,
  `VERSION` int(11) DEFAULT '0',
  `BUDGES_BA_NUM` tinyint(2) unsigned NOT NULL,
  `BUDGES_BA_TITLE` varchar(100) NOT NULL,
  `CREATED_BY_USER_ID` int(10) unsigned DEFAULT NULL,
  `DATE_CREATED` timestamp NOT NULL DEFAULT CURRENT_TIMESTAMP,
  `MODIFIED_BY_USER_ID` int(10) unsigned DEFAULT NULL,
  `DATE_MODIFIED` timestamp NOT NULL DEFAULT CURRENT_TIMESTAMP ON UPDATE CURRENT_TIMESTAMP,
  PRIMARY KEY (`BUDGES_BUDGET_ACTIVITY_ID`),
  UNIQUE KEY `UN_BUDGET_ACTIVITY_ID` (`BUDGES_BUDGET_ACTIVITY_ID`),
  UNIQUE KEY `UN_BA_NUM_BA_TITLE` (`BUDGES_BA_NUM`,`BUDGES_BA_TITLE`),
  KEY `FK_BA_USER_ID` (`CREATED_BY_USER_ID`),
  KEY `FK_BA_MOD_USER_ID` (`MODIFIED_BY_USER_ID`),
  CONSTRAINT `FK_BA_MOD_USER_ID` FOREIGN KEY (`MODIFIED_BY_USER_ID`) REFERENCES `BUDGES_USERS` (`BUDGES_USER_ID`),
  CONSTRAINT `FK_BA_USER_ID` FOREIGN KEY (`CREATED_BY_USER_ID`) REFERENCES `BUDGES_USERS` (`BUDGES_USER_ID`)
) ENGINE=InnoDB DEFAULT CHARSET=utf8;

CREATE TABLE `BUDGES_PGM_ELEMENTS` (
  `BUDGES_PGM_ELEM_ID` int(10) unsigned NOT NULL AUTO_INCREMENT,
  `VERSION` int(11) DEFAULT '0',
  `BUDGES_PGM_ELEM_NUM` varchar(10) NOT NULL,
  `PE_BUDGET_CYCLE` varchar(10) NOT NULL,
  `PE_BUDGET_YEAR` smallint(4) unsigned NOT NULL,
  `PE_R1_NUM` smallint(3) unsigned DEFAULT NULL,
  `PE_SUBM_DATE` datetime NOT NULL,
  `PE_ACT_SUBM_DATE` datetime DEFAULT NULL,
  `PE_TITLE` varchar(255) NOT NULL,
  `BUDGES_BUDGET_ACTIVITY_ID` int(10) unsigned NOT NULL,
  `BUDGES_SERV_AGY_ID` int(10) unsigned NOT NULL,
  `PE_PY` decimal(12,3) unsigned NOT NULL,
  `PE_CY` decimal(12,3) unsigned NOT NULL,
  `PE_BY1` decimal(12,3) unsigned NOT NULL,
  `PE_BY2` decimal(12,3) unsigned DEFAULT NULL,
  `PE_BY3` decimal(12,3) unsigned DEFAULT NULL,
  `PE_BY4` decimal(12,3) unsigned DEFAULT NULL,
  `PE_BY5` decimal(12,3) unsigned DEFAULT NULL,
  `PE_BY6` decimal(12,3) unsigned DEFAULT NULL,
  `PE_COMP_COST` varchar(10) DEFAULT NULL,
  `PE_TOTAL_COST` varchar(10) DEFAULT NULL,
  `PE_NOTES` text,
  `PE_MISSION_DESC` text,
  `PE_PREV_PB_PY` decimal(12,3) unsigned DEFAULT NULL,
  `PE_PREV_PB_CY` decimal(12,3) unsigned DEFAULT NULL,
  `PE_PREV_PB_BY1` decimal(12,3) unsigned DEFAULT NULL,
  `PE_PREV_PB_BY2` decimal(12,3) unsigned DEFAULT NULL,
  `PE_CURR_BES_PB_PY` decimal(12,3) unsigned DEFAULT NULL,
  `PE_CURR_BES_PB_CY` decimal(12,3) unsigned DEFAULT NULL,
  `PE_CURR_BES_PB_BY1` decimal(12,3) unsigned DEFAULT NULL,
  `PE_CURR_BES_PB_BY2` decimal(12,3) unsigned DEFAULT NULL,
  `PE_TOTAL_ADJ_PY` decimal(13,3) DEFAULT NULL,
  `PE_TOTAL_ADJ_CY` decimal(13,3) DEFAULT NULL,
  `PE_TOTAL_ADJ_BY1` decimal(13,3) DEFAULT NULL,
  `PE_TOTAL_ADJ_BY2` decimal(13,3) DEFAULT NULL,
  `PE_CONG_PGM_REDUCE_PY` decimal(13,3) DEFAULT NULL,
  `PE_CONG_PGM_REDUCE_CY` decimal(13,3) DEFAULT NULL,
  `PE_CONG_PGM_REDUCE_BY` decimal(13,3) DEFAULT NULL,
  `PE_CONG_RESC_PY` decimal(13,3) DEFAULT NULL,
  `PE_CONG_RESC_CY` decimal(13,3) DEFAULT NULL,
  `PE_CONG_RESC_BY` decimal(13,3) DEFAULT NULL,
  `PE_CONG_INC_PY` decimal(12,3) unsigned DEFAULT NULL,
  `PE_CONG_INC_CY` decimal(12,3) unsigned DEFAULT NULL,
  `PE_CONG_INC_BY` decimal(12,3) unsigned DEFAULT NULL,
  `PE_REPGM_PY` decimal(13,3) DEFAULT NULL,
  `PE_REPGM_CY` decimal(13,3) DEFAULT NULL,
  `PE_REPGM_BY` decimal(13,3) DEFAULT NULL,
  `PE_OTHER_ADJ_PY` decimal(13,3) DEFAULT NULL,
  `PE_OTHER_ADJ_CY` decimal(13,3) DEFAULT NULL,
  `PE_OTHER_ADJ_BY1` decimal(13,3) DEFAULT NULL,
  `PE_OTHER_ADJ_BY2` decimal(13,3) DEFAULT NULL,
  `PE_SBIR_STTR_XFER_PY` decimal(13,3) DEFAULT NULL,
  `PE_SBIR_STTR_XFER_CY` decimal(13,3) DEFAULT NULL,
  `PE_SBIR_STTR_XFER_BY` decimal(13,3) DEFAULT NULL,
  `PE_CHANGE_SUMM_EXPLANATION` text,
  `PE_STATUS_SUBM` char(1) NOT NULL,
  `PE_STATE` enum('A','I') NOT NULL DEFAULT 'A',
  `PE_INIT_SRC` enum('X','W') NOT NULL DEFAULT 'W',
  `PE_TEST` enum('Y','N') NOT NULL DEFAULT 'N',
  `CREATED_BY_USER_ID` int(10) unsigned DEFAULT NULL,
  `DATE_CREATED` timestamp NOT NULL DEFAULT CURRENT_TIMESTAMP,
  `MODIFIED_BY_USER_ID` int(10) unsigned DEFAULT NULL,
  `DATE_MODIFIED` timestamp NOT NULL DEFAULT CURRENT_TIMESTAMP ON UPDATE CURRENT_TIMESTAMP,
  PRIMARY KEY (`BUDGES_PGM_ELEM_ID`),
  UNIQUE KEY `UN_PGM_ELEM_ID` (`BUDGES_PGM_ELEM_ID`),
  UNIQUE KEY `UN_PE_NUM_BUDGET_CYCLE` (`BUDGES_PGM_ELEM_NUM`,`PE_BUDGET_CYCLE`,`PE_BUDGET_YEAR`) USING BTREE,
  KEY `FK_PE_APPROP_ACCT_BA` (`BUDGES_BUDGET_ACTIVITY_ID`),
  KEY `FK_PE_SERV_AGY_CODE` (`BUDGES_SERV_AGY_ID`),
  KEY `FK_PE_USER_ID` (`CREATED_BY_USER_ID`),
  KEY `FK_PE_MOD_USER_ID` (`MODIFIED_BY_USER_ID`),
  CONSTRAINT `FK_PE_APPROP_ACCT_BA` FOREIGN KEY (`BUDGES_BUDGET_ACTIVITY_ID`) REFERENCES `BUDGES_BUDGET_ACTIVITIES` (`BUDGES_BUDGET_ACTIVITY_ID`),
  CONSTRAINT `FK_PE_MOD_USER_ID` FOREIGN KEY (`MODIFIED_BY_USER_ID`) REFERENCES `BUDGES_USERS` (`BUDGES_USER_ID`),
  CONSTRAINT `FK_PE_SERV_AGY_CODE` FOREIGN KEY (`BUDGES_SERV_AGY_ID`) REFERENCES `BUDGES_SERVICE_AGENCIES` (`BUDGES_SERV_AGY_ID`),
  CONSTRAINT `FK_PE_USER_ID` FOREIGN KEY (`CREATED_BY_USER_ID`) REFERENCES `BUDGES_USERS` (`BUDGES_USER_ID`)
) ENGINE=InnoDB DEFAULT CHARSET=utf8;

CREATE TABLE `BUDGES_PROJECTS` (
  `BUDGES_PROJ_ID` int(10) unsigned NOT NULL AUTO_INCREMENT,
  `VERSION` int(11) DEFAULT '0',
  `BUDGES_PGM_ELEM_ID` int(10) unsigned NOT NULL,
  `BUDGES_PROJ_NUM` varchar(25) NOT NULL,
  `DISPLAY_ORDER` mediumint(9) DEFAULT NULL,
  `PROJ_PROJ_TITLE` varchar(255) NOT NULL,
  `PROJ_PY` decimal(12,3) unsigned NOT NULL,
  `PROJ_CY` decimal(12,3) unsigned NOT NULL,
  `PROJ_BY1` decimal(12,3) unsigned NOT NULL,
  `PROJ_BY2` decimal(12,3) unsigned DEFAULT NULL,
  `PROJ_BY3` decimal(12,3) unsigned DEFAULT NULL,
  `PROJ_BY4` decimal(12,3) unsigned DEFAULT NULL,
  `PROJ_BY5` decimal(12,3) unsigned DEFAULT NULL,
  `PROJ_BY6` decimal(12,3) unsigned DEFAULT NULL,
  `PROJ_COMP_COST` varchar(10) DEFAULT NULL,
  `PROJ_TOTAL_COST` varchar(10) DEFAULT NULL,
  `PROJ_ART_PY` int(4) unsigned DEFAULT NULL,
  `PROJ_ART_CY` int(4) unsigned DEFAULT NULL,
  `PROJ_ART_BY1` int(4) unsigned DEFAULT NULL,
  `PROJ_ART_BY2` int(4) unsigned DEFAULT NULL,
  `PROJ_ART_BY3` int(4) unsigned DEFAULT NULL,
  `PROJ_ART_BY4` int(4) unsigned DEFAULT NULL,
  `PROJ_ART_BY5` int(4) unsigned DEFAULT NULL,
  `PROJ_ART_BY6` int(4) unsigned DEFAULT NULL,
  `PROJ_ART_COMP_COST` varchar(10) DEFAULT NULL,
  `PROJ_ART_TOTAL_COST` varchar(10) DEFAULT NULL,
  `PROJ_NOTES` text,
  `PROJ_MISSION_DESC` text,
  `PROJ_TECH_AREA` varchar(1000) DEFAULT NULL,
  `PROJ_ACQ_STRATEGY` text,
  `PROJ_PERF_METRICS` text,
  `PROJ_MAJOR_PERFORMERS` text,
  `PDF_INCLUSION_FLAG` enum('Y','N') NOT NULL DEFAULT 'Y',
  `PJ_PC_REMARKS` varchar(500) DEFAULT NULL,
  `CREATED_BY_USER_ID` int(10) unsigned DEFAULT NULL,
  `DATE_CREATED` timestamp NOT NULL DEFAULT CURRENT_TIMESTAMP,
  `MODIFIED_BY_USER_ID` int(10) unsigned DEFAULT NULL,
  `DATE_MODIFIED` timestamp NOT NULL DEFAULT CURRENT_TIMESTAMP ON UPDATE CURRENT_TIMESTAMP,
  PRIMARY KEY (`BUDGES_PROJ_ID`),
  UNIQUE KEY `UN_PROJ_ID` (`BUDGES_PROJ_ID`),
  UNIQUE KEY `UN_PE_NUM_BDGT_CYC_PJ_NUM` (`BUDGES_PGM_ELEM_ID`,`BUDGES_PROJ_NUM`),
  KEY `FK_PROJ_USER_ID` (`CREATED_BY_USER_ID`),
  KEY `FK_PROJ_MOD_USER_ID` (`MODIFIED_BY_USER_ID`),
  CONSTRAINT `FK_PE_NUM_BUDGET_CYCLE` FOREIGN KEY (`BUDGES_PGM_ELEM_ID`) REFERENCES `BUDGES_PGM_ELEMENTS` (`BUDGES_PGM_ELEM_ID`) ON DELETE CASCADE ON UPDATE CASCADE,
  CONSTRAINT `FK_PROJ_MOD_USER_ID` FOREIGN KEY (`MODIFIED_BY_USER_ID`) REFERENCES `BUDGES_USERS` (`BUDGES_USER_ID`),
  CONSTRAINT `FK_PROJ_USER_ID` FOREIGN KEY (`CREATED_BY_USER_ID`) REFERENCES `BUDGES_USERS` (`BUDGES_USER_ID`)
) ENGINE=InnoDB DEFAULT CHARSET=utf8;

CREATE TABLE `BUDGES_SERVICE_AGENCIES` (
  `BUDGES_SERV_AGY_ID` int(10) unsigned NOT NULL AUTO_INCREMENT,
  `VERSION` int(11) DEFAULT '0',
  `BUDGES_SERV_AGY_CODE` varchar(15) NOT NULL,
  `SERV_AGY_NAME` varchar(75) NOT NULL,
  `BUDGES_APPROP_ACCT_ID` int(10) unsigned NOT NULL,
  `LOGO_FILE_NAME` varchar(50) DEFAULT NULL,
  `CREATED_BY_USER_ID` int(10) unsigned DEFAULT NULL,
  `DATE_CREATED` timestamp NOT NULL DEFAULT CURRENT_TIMESTAMP,
  `MODIFIED_BY_USER_ID` int(10) unsigned DEFAULT NULL,
  `DATE_MODIFIED` timestamp NOT NULL DEFAULT CURRENT_TIMESTAMP ON UPDATE CURRENT_TIMESTAMP,
  PRIMARY KEY (`BUDGES_SERV_AGY_ID`),
  UNIQUE KEY `UN_SERV_AGY_ID` (`BUDGES_SERV_AGY_ID`),
  UNIQUE KEY `UN_SERV_AGY_CODE` (`BUDGES_SERV_AGY_CODE`),
  KEY `FK_SA_APPROP_ACCT_ID` (`BUDGES_APPROP_ACCT_ID`),
  KEY `FK_SA_USER_ID` (`CREATED_BY_USER_ID`),
  KEY `FK_SA_MOD_USER_ID` (`MODIFIED_BY_USER_ID`),
  CONSTRAINT `FK_SA_APPROP_ACCT_ID` FOREIGN KEY (`BUDGES_APPROP_ACCT_ID`) REFERENCES `BUDGES_APPROP_ACCOUNTS` (`BUDGES_APPROP_ACCT_ID`),
  CONSTRAINT `FK_SA_MOD_USER_ID` FOREIGN KEY (`MODIFIED_BY_USER_ID`) REFERENCES `BUDGES_USERS` (`BUDGES_USER_ID`),
  CONSTRAINT `FK_SA_USER_ID` FOREIGN KEY (`CREATED_BY_USER_ID`) REFERENCES `BUDGES_USERS` (`BUDGES_USER_ID`)
) ENGINE=InnoDB DEFAULT CHARSET=utf8;

CREATE TABLE `BUDGES_USERS` (
  `BUDGES_USER_ID` int(10) unsigned NOT NULL AUTO_INCREMENT,
  `VERSION` int(11) DEFAULT '0',
  `USER_LDAP_ID` varchar(58) NOT NULL,
  PRIMARY KEY (`BUDGES_USER_ID`),
  UNIQUE KEY `UN_USER_ID` (`BUDGES_USER_ID`),
  UNIQUE KEY `UN_USER_LDAP_ID` (`USER_LDAP_ID`)
) ENGINE=InnoDB DEFAULT CHARSET=utf8;

CREATE TABLE `BUDGES_USER_SERV_AGYS` (
  `BUDGES_USER_SERV_AGY_ID` int(10) unsigned NOT NULL AUTO_INCREMENT,
  `VERSION` int(11) DEFAULT '0',
  `BUDGES_USER_ID` int(10) unsigned DEFAULT NULL,
  `BUDGES_SERV_AGY_ID` int(10) unsigned DEFAULT NULL,
  `STATUS_FLAG` enum('A','I') DEFAULT NULL,
  PRIMARY KEY (`BUDGES_USER_SERV_AGY_ID`),
  UNIQUE KEY `UN_USER_SERV_AGY_ID` (`BUDGES_USER_SERV_AGY_ID`),
  KEY `FK_BUSO_USER_ID` (`BUDGES_USER_ID`),
  KEY `FK_BUSO_SERV_AGY_ID` (`BUDGES_SERV_AGY_ID`),
  CONSTRAINT `FK_BUSO_SERV_AGY_ID` FOREIGN KEY (`BUDGES_SERV_AGY_ID`) REFERENCES `BUDGES_SERVICE_AGENCIES` (`BUDGES_SERV_AGY_ID`),
  CONSTRAINT `FK_BUSO_USER_ID` FOREIGN KEY (`BUDGES_USER_ID`) REFERENCES `BUDGES_USERS` (`BUDGES_USER_ID`)
) ENGINE=InnoDB DEFAULT CHARSET=utf8;

CREATE TABLE `BUDGET_ACTIVITY` (
  `BUDGES_BUDGET_ACTIVITY_ID` int(10) unsigned NOT NULL AUTO_INCREMENT,
  `VERSION` int(11) DEFAULT '0',
  `BUDGES_BA_NUM` tinyint(2) unsigned NOT NULL,
  `BUDGES_BA_TITLE` varchar(255) NOT NULL,
  `BA_STATUS_FLAG` enum('A','I') NOT NULL DEFAULT 'A',
  `CREATED_BY_USER` varchar(256) DEFAULT NULL,
  `DATE_CREATED` timestamp NOT NULL DEFAULT CURRENT_TIMESTAMP,
  `MODIFIED_BY_USER` varchar(256) DEFAULT NULL,
  `DATE_MODIFIED` timestamp NOT NULL DEFAULT CURRENT_TIMESTAMP ON UPDATE CURRENT_TIMESTAMP,
  PRIMARY KEY (`BUDGES_BUDGET_ACTIVITY_ID`),
  UNIQUE KEY `UN_BUDGES_BUDGET_ACTIVITY_ID` (`BUDGES_BUDGET_ACTIVITY_ID`),
  UNIQUE KEY `UN_BUDGES_BA_NUM_BA_TITLE` (`BUDGES_BA_NUM`,`BUDGES_BA_TITLE`)
) ENGINE=InnoDB DEFAULT CHARSET=utf8;

DELIMITER ;;
CREATE trigger insert_BA_create_n_mod_data before insert on BUDGET_ACTIVITY
  for each row begin
    set new.date_created = now();
    set new.created_by_user = user();
    set new.modified_by_user = user();
  end;;
DELIMITER ;

DELIMITER ;;
CREATE trigger update_BA_mod_data before update on BUDGET_ACTIVITY
  for each row begin
    set new.date_modified = now();
    set new.modified_by_user = user();
  end;;
DELIMITER ;

CREATE TABLE `COUNTRY` (
  `BUDGES_COUNTRY_ID` varchar(3) NOT NULL,
  `COUNTRY` varchar(255) NOT NULL,
  `RANKING` int(4) unsigned DEFAULT NULL,
  PRIMARY KEY (`BUDGES_COUNTRY_ID`),
  UNIQUE KEY `UN_BUDGES_COUNTRY_ID` (`BUDGES_COUNTRY_ID`),
  UNIQUE KEY `UN_COUNTRY` (`COUNTRY`)
) ENGINE=InnoDB DEFAULT CHARSET=utf8;

CREATE TABLE `DB_HEALTH_CHECK` (
  `BUDGES_DB_HEALTH_ID` int(10) unsigned NOT NULL AUTO_INCREMENT,
  `VERSION` int(10) unsigned DEFAULT '0',
  `DHC_LAST_CHECK` timestamp NOT NULL DEFAULT CURRENT_TIMESTAMP,
  `DHC_COMMENT` varchar(1024) DEFAULT NULL,
  `CREATED_BY_USER_ID` varchar(256) DEFAULT NULL,
  `DATE_CREATED` datetime DEFAULT NULL,
  `MODIFIED_BY_USER_ID` varchar(256) DEFAULT NULL,
  `DATE_MODIFIED` datetime DEFAULT NULL,
  PRIMARY KEY (`BUDGES_DB_HEALTH_ID`) USING BTREE,
  UNIQUE KEY `UN_DBH_ID` (`BUDGES_DB_HEALTH_ID`) USING BTREE
) ENGINE=InnoDB DEFAULT CHARSET=utf8;

DELIMITER ;;
CREATE trigger insert_DHC_create_n_mod_data before insert on DB_HEALTH_CHECK
  for each row begin
    set new.date_created = now();
    set new.created_by_user_id = user();
    set new.date_modified = now();
    set new.modified_by_user_id = user();
  end;;
DELIMITER ;

DELIMITER ;;
CREATE trigger update_DHC_mod_data before update on DB_HEALTH_CHECK
  for each row begin
    set new.date_modified = now();
    set new.modified_by_user_id = user();
  end;;
DELIMITER ;

CREATE TABLE `MAJOR_PERFORMER` (
  `BUDGES_MAJOR_PERFORMER_ID` int(10) unsigned NOT NULL AUTO_INCREMENT,
  `VERSION` int(11) DEFAULT '0',
  `BUDGES_PROJ_ID` int(10) unsigned NOT NULL,
  `MP_NAME` varchar(75) NOT NULL,
  `MP_LOCATION` varchar(255) DEFAULT NULL,
  `MP_DESC` varchar(512) DEFAULT NULL,
  `MP_DATE_AWARDED` date DEFAULT NULL,
  `MP_FUNDS` decimal(12,3) DEFAULT NULL,
  `DISPLAY_ORDER` mediumint(9) DEFAULT NULL,
  `CREATED_BY_USER` varchar(256) DEFAULT NULL,
  `DATE_CREATED` datetime DEFAULT NULL,
  `MODIFIED_BY_USER` varchar(256) DEFAULT NULL,
  `DATE_MODIFIED` datetime DEFAULT NULL,
  PRIMARY KEY (`BUDGES_MAJOR_PERFORMER_ID`),
  UNIQUE KEY `UN_MAJOR_PERFORMER_ID` (`BUDGES_MAJOR_PERFORMER_ID`),
  KEY `FK_MP_PROJ_ID` (`BUDGES_PROJ_ID`),
  CONSTRAINT `FK_MP_PROJ_ID` FOREIGN KEY (`BUDGES_PROJ_ID`) REFERENCES `PROJECT` (`BUDGES_PROJ_ID`) ON DELETE CASCADE ON UPDATE CASCADE
) ENGINE=InnoDB DEFAULT CHARSET=utf8;

DELIMITER ;;
CREATE trigger insert_MP_create_n_mod_data before insert on MAJOR_PERFORMER
  for each row begin
    set new.date_created = now();
    set new.created_by_user = user();
    set new.date_modified = now();
    set new.modified_by_user = user();
  end;;
DELIMITER ;

DELIMITER ;;
CREATE trigger update_MP_mod_data before update on MAJOR_PERFORMER
  for each row begin
    set new.date_modified = now();
    set new.modified_by_user = user();
  end;;
DELIMITER ;

CREATE TABLE `PCCI_CONTRACT_METHOD` (
  `BUDGES_PCCI_CONTRACT_METHOD_ID` smallint(5) unsigned NOT NULL AUTO_INCREMENT,
  `PCCI_CONTRACT_METHOD` varchar(25) NOT NULL,
  `PCCI_CONTRACT_METHOD_DESC` varchar(100) DEFAULT NULL,
  `PCM_STATUS_FLAG` enum('A','I') NOT NULL DEFAULT 'A',
  `CREATED_BY_USER` varchar(256) DEFAULT NULL,
  `DATE_CREATED` timestamp NOT NULL DEFAULT CURRENT_TIMESTAMP,
  `MODIFIED_BY_USER` varchar(256) DEFAULT NULL,
  `DATE_MODIFIED` timestamp NOT NULL DEFAULT CURRENT_TIMESTAMP ON UPDATE CURRENT_TIMESTAMP,
  PRIMARY KEY (`BUDGES_PCCI_CONTRACT_METHOD_ID`),
  UNIQUE KEY `UN_PCM_CONTRACT_METHOD` (`PCCI_CONTRACT_METHOD`) USING BTREE
) ENGINE=InnoDB DEFAULT CHARSET=utf8;

DELIMITER ;;
CREATE trigger insert_PCM_create_n_mod_data before insert on PCCI_CONTRACT_METHOD
  for each row begin
    set new.date_created = now();
    set new.created_by_user = user();

    set new.modified_by_user = user();
  end;;
DELIMITER ;

DELIMITER ;;
CREATE trigger update_PCM_mod_data before update on PCCI_CONTRACT_METHOD
  for each row begin

    set new.modified_by_user = user();
  end;;
DELIMITER ;

CREATE TABLE `PCCI_CONTRACT_TYPE` (
  `BUDGES_PCCI_CONTRACT_TYPE_ID` smallint(5) unsigned NOT NULL AUTO_INCREMENT,
  `PCCI_CONTRACT_TYPE` varchar(25) NOT NULL,
  `PCCI_CONTRACT_TYPE_DESC` varchar(100) DEFAULT NULL,
  `PCT_STATUS_FLAG` enum('A','I') NOT NULL DEFAULT 'A',
  `CREATED_BY_USER` varchar(256) DEFAULT NULL,
  `DATE_CREATED` timestamp NOT NULL DEFAULT CURRENT_TIMESTAMP,
  `MODIFIED_BY_USER` varchar(256) DEFAULT NULL,
  `DATE_MODIFIED` timestamp NOT NULL DEFAULT CURRENT_TIMESTAMP ON UPDATE CURRENT_TIMESTAMP,
  PRIMARY KEY (`BUDGES_PCCI_CONTRACT_TYPE_ID`) USING BTREE,
  UNIQUE KEY `UN_PCT_CONTRACT_TYPE` (`PCCI_CONTRACT_TYPE`) USING BTREE
) ENGINE=InnoDB DEFAULT CHARSET=utf8;

DELIMITER ;;
CREATE trigger insert_PCT_create_n_mod_data before insert on PCCI_CONTRACT_TYPE
  for each row begin
    set new.date_created = now();
    set new.created_by_user = user();

    set new.modified_by_user = user();
  end;;
DELIMITER ;

DELIMITER ;;
CREATE trigger update_PCT_mod_data before update on PCCI_CONTRACT_TYPE
  for each row begin

    set new.modified_by_user = user();
  end;;
DELIMITER ;

CREATE TABLE `PCCI_FUND_VEHICLE` (
  `BUDGES_PCCI_FUND_VEHICLE_ID` smallint(5) unsigned NOT NULL AUTO_INCREMENT,
  `PCCI_FUND_VEHICLE` varchar(25) NOT NULL,
  `PCCI_FUND_VEHICLE_DESC` varchar(100) DEFAULT NULL,
  `PFV_STATUS_FLAG` enum('A','I') NOT NULL DEFAULT 'A',
  `CREATED_BY_USER` varchar(256) DEFAULT NULL,
  `DATE_CREATED` timestamp NOT NULL DEFAULT CURRENT_TIMESTAMP,
  `MODIFIED_BY_USER` varchar(256) DEFAULT NULL,
  `DATE_MODIFIED` timestamp NOT NULL DEFAULT CURRENT_TIMESTAMP ON UPDATE CURRENT_TIMESTAMP,
  PRIMARY KEY (`BUDGES_PCCI_FUND_VEHICLE_ID`) USING BTREE,
  UNIQUE KEY `UN_PFV_FUND_VEHICLE` (`PCCI_FUND_VEHICLE`) USING BTREE
) ENGINE=InnoDB DEFAULT CHARSET=utf8;

DELIMITER ;;
CREATE trigger insert_PFV_create_n_mod_data before insert on PCCI_FUND_VEHICLE
  for each row begin
    set new.date_created = now();
    set new.created_by_user = user();

    set new.modified_by_user = user();
  end;;
DELIMITER ;

DELIMITER ;;
CREATE trigger update_PFV_mod_data before update on PCCI_FUND_VEHICLE
  for each row begin

    set new.modified_by_user = user();
  end;;
DELIMITER ;

-- Despite the TMP suffix, this is actively used.
CREATE TABLE `PE_LIST_PROJECT_TMP` (
  `BUDGES_PROJ_ID` int(10) unsigned,
  `BUDGES_PGM_ELEM_ID` int(10) unsigned,
  `MODIFIED_BY_USER_ID_R2A` int(10) unsigned,
  `DATE_MODIFIED_R2A` datetime,
  `DATE_creatED_R3` datetime,
  `DATE_creatED_R4` datetime,
  `DATE_creatED_R4A` datetime,
  `DATE_creatED_R5` datetime,
  `EDIT_LOCK_ID_PJ` int(10) unsigned,
  `FULL_NAME` varchar(64),
  `FIRST_NAME` varchar(25),
  `MIDDLE_INITIAL` char(1),
  `LAST_NAME` varchar(25),
  `USER_LDAP_ID` varchar(58)
) ENGINE=MyISAM;

CREATE TABLE `PE_OTHER_ADJUSTMENT` (
  `BUDGES_PE_OTHER_ADJUST_ID` int(10) unsigned NOT NULL AUTO_INCREMENT,
  `VERSION` int(11) DEFAULT '0',
  `BUDGES_PGM_ELEM_ID` int(10) unsigned NOT NULL,
  `BUDGES_OA_TITLE` varchar(255) NOT NULL,
  `DISPLAY_ORDER` mediumint(9) DEFAULT NULL,
  `OA_PY` decimal(13,3) DEFAULT NULL,
  `OA_CY` decimal(13,3) DEFAULT NULL,
  `OA_BY1` decimal(13,3) DEFAULT NULL,
  `OA_BY1_BASE` decimal(13,3) DEFAULT NULL,
  `OA_BY1_OCO` decimal(13,3) DEFAULT NULL,
  `OA_BY2` decimal(13,3) DEFAULT NULL,
  `CREATED_BY_USER` varchar(256) DEFAULT NULL,
  `DATE_CREATED` timestamp NOT NULL DEFAULT CURRENT_TIMESTAMP,
  `MODIFIED_BY_USER` varchar(256) DEFAULT NULL,
  `DATE_MODIFIED` timestamp NOT NULL DEFAULT CURRENT_TIMESTAMP ON UPDATE CURRENT_TIMESTAMP,
  PRIMARY KEY (`BUDGES_PE_OTHER_ADJUST_ID`),
  UNIQUE KEY `UN_BUDGES_PE_OTHER_ADJUST_ID` (`BUDGES_PE_OTHER_ADJUST_ID`),
  KEY `FK_OA_PE_NUM_BUDGET_CYCLE` (`BUDGES_PGM_ELEM_ID`),
  CONSTRAINT `FK_OA_PE_NUM_BUDGET_CYCLE` FOREIGN KEY (`BUDGES_PGM_ELEM_ID`) REFERENCES `PGM_ELEMENT` (`BUDGES_PGM_ELEM_ID`) ON DELETE CASCADE ON UPDATE CASCADE
) ENGINE=InnoDB DEFAULT CHARSET=utf8;

DELIMITER ;;
CREATE trigger insert_OA_create_n_mod_data before insert on PE_OTHER_ADJUSTMENT
  for each row begin
    set new.date_created = now();
    set new.created_by_user = user();
    set new.modified_by_user = user();
  end;;
DELIMITER ;

DELIMITER ;;
CREATE trigger update_OA_mod_data before update on PE_OTHER_ADJUSTMENT
  for each row begin
    set new.date_modified = now();
    set new.modified_by_user = user();
  end;;
DELIMITER ;

CREATE TABLE `PE_REPGM_DETAIL` (
  `BUDGES_PE_REPGM_DETAIL_ID` int(10) unsigned NOT NULL AUTO_INCREMENT,
  `VERSION` int(11) DEFAULT '0',
  `BUDGES_PGM_ELEM_ID` int(10) unsigned NOT NULL,
  `BUDGES_RP_TITLE` varchar(255) NOT NULL,
  `DISPLAY_ORDER` mediumint(9) DEFAULT NULL,
  `RP_TEXT` varchar(1000) DEFAULT NULL,
  `RP_DEST_PE` varchar(10) NOT NULL,
  `RP_DEST_PE_TITLE` varchar(255) NOT NULL,
  `RP_DEST_PROJ_NUM` varchar(25) DEFAULT NULL,
  `RP_SOURCE_PE` varchar(10) NOT NULL,
  `RP_SOURCE_PE_TITLE` varchar(255) NOT NULL,
  `RP_SOURCE_PROJ_NUM` varchar(25) DEFAULT NULL,
  `RP_PY` decimal(13,3) DEFAULT NULL,
  `RP_CY` decimal(13,3) DEFAULT NULL,
  `RP_BY` decimal(13,3) DEFAULT NULL,
  `CREATED_BY_USER` varchar(256) DEFAULT NULL,
  `DATE_CREATED` timestamp NOT NULL DEFAULT CURRENT_TIMESTAMP,
  `MODIFIED_BY_USER` varchar(256) DEFAULT NULL,
  `DATE_MODIFIED` timestamp NOT NULL DEFAULT CURRENT_TIMESTAMP ON UPDATE CURRENT_TIMESTAMP,
  PRIMARY KEY (`BUDGES_PE_REPGM_DETAIL_ID`),
  UNIQUE KEY `UN_BUDGES_PE_REPGM_DETAIL_ID` (`BUDGES_PE_REPGM_DETAIL_ID`),
  KEY `FK_BUDGES_RP_PE_NUM_BUDGET_CYCLE` (`BUDGES_PGM_ELEM_ID`),
  CONSTRAINT `FK_BUDGES_RP_PE_NUM_BUDGET_CYCLE` FOREIGN KEY (`BUDGES_PGM_ELEM_ID`) REFERENCES `PGM_ELEMENT` (`BUDGES_PGM_ELEM_ID`) ON DELETE CASCADE ON UPDATE CASCADE
) ENGINE=InnoDB DEFAULT CHARSET=utf8;

DELIMITER ;;
CREATE trigger insert_RD_create_n_mod_data before insert on PE_REPGM_DETAIL
  for each row begin
    set new.date_created = now();
    set new.created_by_user = user();
    set new.modified_by_user = user();
  end;;
DELIMITER ;

DELIMITER ;;
CREATE trigger update_RD_mod_data before update on PE_REPGM_DETAIL
  for each row begin
    set new.date_modified = now();
    set new.modified_by_user = user();
  end;;
DELIMITER ;

CREATE TABLE `PE_SUFFIX` (
  `PS_SERV_AGY_ID` int(10) unsigned NOT NULL,
  `PS_SUFFIX` varchar(3) NOT NULL DEFAULT 'XXX',
  `PS_DATE_ACTIVE` timestamp NOT NULL DEFAULT CURRENT_TIMESTAMP,
  `PS_DATE_INACTIVE` datetime DEFAULT NULL,
  `HIBERNATE_LIST_INDEX` int(10) unsigned NOT NULL AUTO_INCREMENT,
  `CREATED_BY_USER` varchar(256) DEFAULT NULL,
  `DATE_CREATED` timestamp NOT NULL DEFAULT CURRENT_TIMESTAMP,
  `MODIFIED_BY_USER` varchar(256) DEFAULT NULL,
  `DATE_MODIFIED` timestamp NOT NULL DEFAULT CURRENT_TIMESTAMP,
  PRIMARY KEY (`PS_SERV_AGY_ID`,`HIBERNATE_LIST_INDEX`) USING BTREE,
  UNIQUE KEY `UN_HIBERNATE_LIST` (`HIBERNATE_LIST_INDEX`) USING BTREE,
  UNIQUE KEY `UN_PS_SUFFIX` (`PS_SERV_AGY_ID`,`PS_SUFFIX`) USING BTREE,
  CONSTRAINT `FK_PS_SA_ID` FOREIGN KEY (`PS_SERV_AGY_ID`) REFERENCES `SERVICE_AGENCY` (`BUDGES_SERV_AGY_ID`)
) ENGINE=InnoDB DEFAULT CHARSET=utf8;

DELIMITER ;;
CREATE trigger insert_PS_create_n_mod_data before insert on PE_SUFFIX
  for each row begin
    set new.date_created = now();
    set new.created_by_user = user();
    set new.date_modified = now();
    set new.modified_by_user = user();
  end;;
DELIMITER ;

DELIMITER ;;
CREATE trigger update_PS_mod_data before update on PE_SUFFIX
  for each row begin
    set new.date_modified = now();
    set new.modified_by_user = user();
  end;;
DELIMITER ;

CREATE TABLE `PGM_ELEMENT` (
  `BUDGES_PGM_ELEM_ID` int(10) unsigned NOT NULL AUTO_INCREMENT,
  `VERSION` int(11) DEFAULT '0',
  `BUDGES_PGM_ELEM_NUM` varchar(10) NOT NULL,
  `PE_BUDGET_CYCLE` varchar(10) NOT NULL,
  `PE_BUDGET_YEAR` smallint(4) unsigned NOT NULL,
  `PE_FORMAT` enum('R2Long') DEFAULT NULL,
  `PE_R1_NUM` varchar(10) DEFAULT NULL,
  `PE_SUBM_DATE` datetime NOT NULL,
  `PE_TITLE` varchar(255) NOT NULL,
  `BUDGES_BUDGET_ACTIVITY_ID` int(10) unsigned NOT NULL,
  `BUDGES_SERV_AGY_ID` int(10) unsigned NOT NULL,
  `pe_MDAP` varchar(100) DEFAULT NULL,
  `pe_apy` decimal(12,3) unsigned DEFAULT NULL,
  `PE_PY` decimal(12,3) unsigned NOT NULL,
  `PE_CY` decimal(12,3) unsigned NOT NULL,
  `PE_BY1` decimal(12,3) unsigned NOT NULL,
  `PE_BY1_BASE` decimal(12,3) unsigned NOT NULL,
  `PE_BY1_OCO` decimal(12,3) unsigned DEFAULT NULL,
  `PE_BY2` decimal(12,3) unsigned NOT NULL,
  `PE_BY3` decimal(12,3) unsigned NOT NULL,
  `PE_BY4` decimal(12,3) unsigned NOT NULL,
  `PE_BY5` decimal(12,3) unsigned NOT NULL,
  `PE_BY6` decimal(12,3) unsigned DEFAULT NULL,
  `PE_COMP_COST` varchar(11) DEFAULT NULL,
  `PE_TOTAL_COST` varchar(11) DEFAULT NULL,
  `PE_NOTES` text,
  `PE_MISSION_DESC` text,
  `PE_PREV_PB_PY` decimal(12,3) unsigned NOT NULL,
  `PE_PREV_PB_CY` decimal(12,3) unsigned NOT NULL,
  `PE_PREV_PB_BY1` decimal(12,3) unsigned NOT NULL,
  `PE_PREV_PB_BY1_BASE` decimal(12,3) unsigned NOT NULL,
  `PE_PREV_PB_BY1_OCO` decimal(12,3) unsigned DEFAULT NULL,
  `PE_PREV_PB_BY2` decimal(12,3) unsigned DEFAULT NULL,
  `PE_CURR_PB_PY` decimal(12,3) unsigned NOT NULL,
  `PE_CURR_PB_CY` decimal(12,3) unsigned NOT NULL,
  `PE_CURR_PB_BY1` decimal(12,3) unsigned NOT NULL,
  `PE_CURR_PB_BY1_BASE` decimal(12,3) unsigned NOT NULL,
  `PE_CURR_PB_BY1_OCO` decimal(12,3) unsigned DEFAULT NULL,
  `PE_CURR_PB_BY2` decimal(12,3) unsigned DEFAULT NULL,
  `PE_TOTAL_ADJ_PY` decimal(13,3) NOT NULL,
  `PE_TOTAL_ADJ_CY` decimal(13,3) NOT NULL,
  `PE_TOTAL_ADJ_BY1` decimal(13,3) NOT NULL,
  `PE_TOTAL_ADJ_BY1_BASE` decimal(13,3) NOT NULL,
  `PE_TOTAL_ADJ_BY1_OCO` decimal(13,3) DEFAULT NULL,
  `PE_TOTAL_ADJ_BY2` decimal(13,3) DEFAULT NULL,
  `PE_CONG_GEN_REDUCE_PY` decimal(13,3) DEFAULT NULL,
  `PE_CONG_GEN_REDUCE_CY` decimal(13,3) DEFAULT NULL,
  `PE_CONG_RESC_PY` decimal(13,3) DEFAULT NULL,
  `PE_CONG_RESC_CY` decimal(13,3) DEFAULT NULL,
  `PE_CONG_ADD_PY` decimal(13,3) unsigned DEFAULT NULL,
  `PE_CONG_ADD_CY` decimal(12,3) unsigned DEFAULT NULL,
  `PE_CONG_DIR_REDUCE_PY` decimal(13,3) DEFAULT NULL,
  `PE_CONG_DIR_REDUCE_CY` decimal(13,3) DEFAULT NULL,
  `PE_CONG_DIR_XFER_PY` decimal(13,3) DEFAULT NULL,
  `PE_CONG_DIR_XFER_CY` decimal(12,3) DEFAULT NULL,
  `PE_REPGM_PY` decimal(13,3) DEFAULT NULL,
  `PE_REPGM_CY` decimal(13,3) DEFAULT NULL,
  `PE_SBIR_STTR_XFER_PY` decimal(13,3) DEFAULT NULL,
  `PE_SBIR_STTR_XFER_CY` decimal(13,3) DEFAULT NULL,
  `PE_CHANGE_SUMM_EXPLANATION` text,
  `PE_STATUS_SUBM` enum('A','E','V','W') NOT NULL DEFAULT 'A',
  `PE_STATE` enum('A','I') NOT NULL DEFAULT 'A',
  `PE_INIT_SRC` enum('X','W') NOT NULL DEFAULT 'W',
  `PE_TEST` enum('Y','N') NOT NULL DEFAULT 'N',
  `PE_EDITABLE_SW` enum('T','F') NOT NULL DEFAULT 'T',
  `PE_TAG` varchar(12) DEFAULT NULL,
  `EDIT_LOCK_ID_ALL` int(10) unsigned DEFAULT NULL,
  `DATE_LOCK_ALL` datetime DEFAULT NULL,
  `EDIT_LOCK_ID_PE_ONLY` int(10) unsigned DEFAULT NULL,
  `DATE_LOCK_PE` datetime DEFAULT NULL,
  `EDIT_LOCK_MUTEX` char(5) DEFAULT NULL,
  `CREATED_BY_USER_ID_R2` int(10) unsigned DEFAULT NULL,
  `DATE_CREATED_R2` timestamp NOT NULL DEFAULT CURRENT_TIMESTAMP,
  `MODIFIED_BY_USER_ID_R2` int(10) unsigned DEFAULT NULL,
  `DATE_MODIFIED_R2` timestamp NOT NULL DEFAULT CURRENT_TIMESTAMP,
  `DATE_MODIFIED_OVERALL` datetime DEFAULT NULL,
  `MODIFIED_BY_USER_ID_OVERALL` int(10) unsigned DEFAULT NULL,
  `DATE_CREATED` datetime DEFAULT NULL,
  `DATE_MODIFIED` datetime DEFAULT NULL,
  `CREATED_BY_USER` varchar(256) DEFAULT NULL,
  `MODIFIED_BY_USER` varchar(256) DEFAULT NULL,
  PRIMARY KEY (`BUDGES_PGM_ELEM_ID`),
  UNIQUE KEY `UN_BUDGES_PGM_ELEM_ID` (`BUDGES_PGM_ELEM_ID`),
  UNIQUE KEY `UN_BUDGES_PE_NUM_BUDGET_CYCLE` (`BUDGES_PGM_ELEM_NUM`,`PE_BUDGET_CYCLE`,`PE_BUDGET_YEAR`,`BUDGES_BUDGET_ACTIVITY_ID`) USING BTREE,
  KEY `FK_BUDGES_PE_APPROP_ACCT_BA` (`BUDGES_BUDGET_ACTIVITY_ID`),
  KEY `FK_BUDGES_PE_SERV_AGY_CODE` (`BUDGES_SERV_AGY_ID`),
  KEY `FK_PE_CREATOR_R2` (`CREATED_BY_USER_ID_R2`),
  KEY `FK_PE_MODIFIER_R2` (`MODIFIED_BY_USER_ID_R2`),
  KEY `FK_PE_MODIFIER_OVERALL` (`MODIFIED_BY_USER_ID_OVERALL`),
  KEY `FK_PE_LOCK_ID_ALL` (`EDIT_LOCK_ID_ALL`),
  KEY `FK_PE_LOCK_ID_PE_ONLY` (`EDIT_LOCK_ID_PE_ONLY`),
  CONSTRAINT `FK_BUDGES_PE_SERV_AGY_CODE` FOREIGN KEY (`BUDGES_SERV_AGY_ID`) REFERENCES `SERVICE_AGENCY` (`BUDGES_SERV_AGY_ID`),
  CONSTRAINT `FK_PE_ba_ID` FOREIGN KEY (`BUDGES_BUDGET_ACTIVITY_ID`) REFERENCES `proc_budget_activity` (`ba_ID`),
  CONSTRAINT `FK_PE_CREATOR_R2` FOREIGN KEY (`CREATED_BY_USER_ID_R2`) REFERENCES `USER` (`BUDGES_USER_ID`),
  CONSTRAINT `FK_PE_LOCK_ID_ALL` FOREIGN KEY (`EDIT_LOCK_ID_ALL`) REFERENCES `USER` (`BUDGES_USER_ID`),
  CONSTRAINT `FK_PE_LOCK_ID_PE_ONLY` FOREIGN KEY (`EDIT_LOCK_ID_PE_ONLY`) REFERENCES `USER` (`BUDGES_USER_ID`),
  CONSTRAINT `FK_PE_MODIFIER_OVERALL` FOREIGN KEY (`MODIFIED_BY_USER_ID_OVERALL`) REFERENCES `USER` (`BUDGES_USER_ID`),
  CONSTRAINT `FK_PE_MODIFIER_R2` FOREIGN KEY (`MODIFIED_BY_USER_ID_R2`) REFERENCES `USER` (`BUDGES_USER_ID`)
) ENGINE=InnoDB DEFAULT CHARSET=utf8 ROW_FORMAT=DYNAMIC;

DELIMITER ;;
CREATE trigger insert_PE_create_n_mod_data before insert on PGM_ELEMENT
  for each row begin
    set new.date_created = now();
    set new.created_by_user = user();
    set new.modified_by_user = user();
  end;;
DELIMITER ;

DELIMITER ;;
CREATE trigger update_PE_mod_data before update on PGM_ELEMENT
  for each row begin
    set new.date_modified = now();
    set new.modified_by_user = user();
  end;;
DELIMITER ;

CREATE TABLE `SERVICE_AGENCY` (
  `BUDGES_SERV_AGY_ID` int(10) unsigned NOT NULL AUTO_INCREMENT,
  `VERSION` int(11) DEFAULT '0',
  `BUDGES_SERV_AGY_CODE` varchar(15) NOT NULL,
  `SERV_AGY_NAME` varchar(75) NOT NULL,
  `BUDGES_APPROP_ACCT_ID` int(10) unsigned NOT NULL,
  `sa_status_flag` enum('A','I') NOT NULL DEFAULT 'A',
  `sa_SMCA_tag` tinyint(1) NOT NULL DEFAULT '0' COMMENT 'Participation under Single Manager for Conventional Ammuntion (SMCA) programs',
  `LOGO_FILE_NAME` varchar(50) DEFAULT NULL,
  `NO_WARNING` enum('N','Y') NOT NULL DEFAULT 'N',
  `CREATED_BY_USER` varchar(256) DEFAULT NULL,
  `DATE_CREATED` timestamp NOT NULL DEFAULT CURRENT_TIMESTAMP,
  `MODIFIED_BY_USER` varchar(256) DEFAULT NULL,
  `DATE_MODIFIED` timestamp NOT NULL DEFAULT CURRENT_TIMESTAMP ON UPDATE CURRENT_TIMESTAMP,
  PRIMARY KEY (`BUDGES_SERV_AGY_ID`),
  UNIQUE KEY `UN_BUDGES_SERV_AGY_ID` (`BUDGES_SERV_AGY_ID`),
  UNIQUE KEY `UN_BUDGES_SERV_AGY_CODE` (`BUDGES_SERV_AGY_CODE`),
  UNIQUE KEY `UN_BUDGES_SERV_AGY_NAME` (`SERV_AGY_NAME`) USING BTREE,
  KEY `FK_BUDGES_SA_APPROP_ACCT_ID` (`BUDGES_APPROP_ACCT_ID`),
  CONSTRAINT `FK_BUDGES_SA_APPROP_ACCT_ID` FOREIGN KEY (`BUDGES_APPROP_ACCT_ID`) REFERENCES `APPROP_ACCOUNT` (`BUDGES_APPROP_ACCT_ID`)
) ENGINE=InnoDB DEFAULT CHARSET=utf8;

CREATE TABLE `USER` (
  `BUDGES_USER_ID` int(10) unsigned NOT NULL AUTO_INCREMENT,
  `VERSION` int(11) DEFAULT '0',
  `USER_LDAP_ID` varchar(58) NOT NULL,
  `STATUS_FLAG` enum('A','I','D','N') DEFAULT 'A',
  `FULL_NAME` varchar(64) NOT NULL,
  `FIRST_NAME` varchar(25) NOT NULL,
  `MIDDLE_INITIAL` char(1) DEFAULT NULL,
  `LAST_NAME` varchar(25) NOT NULL,
  `PHONE_NUM` varchar(25) DEFAULT NULL,
  `EMAIL` varchar(100) NOT NULL,
  `LAST_VISIT_DATE` datetime DEFAULT NULL,
  `CREATE_PE_PRIV` enum('Y','N') NOT NULL DEFAULT 'Y',
  `ROLE` varchar(32) NOT NULL,
  `CREATED_BY_USER_ID` int(10) unsigned DEFAULT NULL,
  `DATE_CREATED` datetime DEFAULT NULL,
  `MODIFIED_BY_USER_ID` int(10) unsigned DEFAULT NULL,
  `DATE_MODIFIED` datetime DEFAULT NULL,
  `CREATED_BY_USER_DB` varchar(256) DEFAULT NULL,
  `DATE_CREATED_DB` datetime DEFAULT NULL,
  `MODIFIED_BY_USER_DB` varchar(256) DEFAULT NULL,
  `DATE_MODIFIED_DB` datetime DEFAULT NULL,
  PRIMARY KEY (`BUDGES_USER_ID`),
  UNIQUE KEY `UN_BUDGES_USER_ID` (`BUDGES_USER_ID`),
  UNIQUE KEY `UN_BUDGES_USER_LDAP_ID` (`USER_LDAP_ID`),
  KEY `FK_U_CREATE_ID` (`CREATED_BY_USER_ID`),
  KEY `FK_U_MOD_ID` (`MODIFIED_BY_USER_ID`),
  CONSTRAINT `FK_U_CREATE_ID` FOREIGN KEY (`CREATED_BY_USER_ID`) REFERENCES `USER` (`BUDGES_USER_ID`) ON DELETE SET NULL,
  CONSTRAINT `FK_U_MOD_ID` FOREIGN KEY (`MODIFIED_BY_USER_ID`) REFERENCES `USER` (`BUDGES_USER_ID`) ON DELETE SET NULL
) ENGINE=InnoDB DEFAULT CHARSET=utf8;

DELIMITER ;;
CREATE FUNCTION `fn_budget_act_number_proc`(budget_act_ID INT) RETURNS tinyint(3)
    DETERMINISTIC
BEGIN
  DECLARE rt_budget_act_number TINYINT(3);
DECLARE EXIT HANDLER FOR NOT FOUND RETURN 0;
  SELECT ba_num INTO rt_budget_act_number
    FROM proc_budget_activity WHERE ba_ID = budget_act_ID;
  RETURN rt_budget_act_number;
END;;
DELIMITER ;

DELIMITER ;;
CREATE FUNCTION `fn_serv_agy_code`(serv_agy_ID INT) RETURNS varchar(15) CHARSET utf8
    DETERMINISTIC
BEGIN
  DECLARE rt_serv_agy_code VARCHAR(15);
DECLARE EXIT HANDLER FOR NOT FOUND RETURN '** Missing **';
  SELECT BUDGES_SERV_AGY_CODE INTO rt_serv_agy_code
    FROM SERVICE_AGENCY WHERE BUDGES_SERV_AGY_ID = serv_agy_ID;
  RETURN rt_serv_agy_code;
END;;
DELIMITER ;

CREATE ALGORITHM=UNDEFINED
VIEW `PGM_ELEMENTS_LIST` AS
  select `PE`.`BUDGES_PGM_ELEM_ID` AS `BUDGES_PGM_ELEM_ID`,
         `PE`.`PE_R1_NUM` AS `PE_R1_NUM`,
         `PE`.`BUDGES_PGM_ELEM_NUM` AS `BUDGES_PGM_ELEM_NUM`,
         `PE`.`PE_BUDGET_CYCLE` AS `PE_BUDGET_CYCLE`,
         `PE`.`PE_BUDGET_YEAR` AS `PE_BUDGET_YEAR`,
         `fn_budget_act_number_proc`(`PE`.`BUDGES_BUDGET_ACTIVITY_ID`) AS `BUDGES_BA_NUMBER`,
         `PE`.`PE_FORMAT` AS `PE_FORMAT`,
         `PE`.`PE_SUBM_DATE` AS `PE_SUBM_DATE`,
         `PE`.`PE_TITLE` AS `PE_TITLE`,
         `PE`.`PE_STATUS_SUBM` AS `PE_STATUS_SUBM`,
         `PE`.`PE_STATE` AS `PE_STATE`,
         `PE`.`PE_INIT_SRC` AS `PE_INIT_SRC`,
         `PE`.`PE_TEST` AS `PE_TEST`,
         `PE`.`PE_TAG` AS `PE_TAG`,
         `UC`.`FULL_NAME` AS `FULL_NAME`,
         `UC`.`FIRST_NAME` AS `FIRST_NAME`,
         `UC`.`MIDDLE_INITIAL` AS `MIDDLE_INITIAL`,
         `UC`.`LAST_NAME` AS `LAST_NAME`,
         `UC`.`USER_LDAP_ID` AS `USER_LDAP_ID`,
         `PE`.`DATE_CREATED_R2` AS `DATE_CREATED`,
         `PE`.`BUDGES_SERV_AGY_ID` AS `BUDGES_SERV_AGY_ID`,
         `SA`.`SERV_AGY_NAME` AS `SERV_AGY_NAME`,
         `fn_serv_agy_code`(`PE`.`BUDGES_SERV_AGY_ID`) AS `SERV_AGY_CODE`,
         count(`PT`.`BUDGES_PROJ_ID`) AS `NUM_PROJECTS`,
         (select `U`.`FULL_NAME` from `USER` `U` where (`U`.`BUDGES_USER_ID` = `PE`.`MODIFIED_BY_USER_ID_OVERALL`)) AS `MOD_FULL_NAME`,
         (select `U`.`FIRST_NAME` from `USER` `U` where (`U`.`BUDGES_USER_ID` = `PE`.`MODIFIED_BY_USER_ID_OVERALL`)) AS `MOD_FIRST_NAME`,
         (select `U`.`MIDDLE_INITIAL` from `USER` `U` where (`U`.`BUDGES_USER_ID` = `PE`.`MODIFIED_BY_USER_ID_OVERALL`)) AS `MOD_MIDDLE_INITIAL`,
         (select `U`.`LAST_NAME` from `USER` `U` where (`U`.`BUDGES_USER_ID` = `PE`.`MODIFIED_BY_USER_ID_OVERALL`)) AS `MOD_LAST_NAME`,
         (select `U`.`USER_LDAP_ID` from `USER` `U` where (`U`.`BUDGES_USER_ID` = `PE`.`MODIFIED_BY_USER_ID_OVERALL`)) AS `MOD_USER_LDAP_ID`,
         `PE`.`DATE_MODIFIED_OVERALL` AS `DATE_MODIFIED`,
         if((count(`PT`.`BUDGES_PROJ_ID`) = 0),'N',if((min(`PT`.`DATE_creatED_R3`) is not null),'Y','N')) AS `R3_EXISTS`,
         if((count(`PT`.`BUDGES_PROJ_ID`) = 0),'N',if((min(`PT`.`DATE_creatED_R4`) is not null),'Y','N')) AS `R4_EXISTS`,
         if((count(`PT`.`BUDGES_PROJ_ID`) = 0),'N',if((min(`PT`.`DATE_creatED_R4A`) is not null),'Y','N')) AS `R4A_EXISTS`,
         if((count(`PT`.`BUDGES_PROJ_ID`) = 0),'N',if((min(`PT`.`DATE_creatED_R5`) is not null),'Y','N')) AS `R5_EXISTS`,
         if((`PE`.`EDIT_LOCK_ID_ALL` is not null),'Y','N') AS `EDIT_LOCK_ALL`,
         if((`PE`.`EDIT_LOCK_ID_PE_ONLY` is not null),'Y','N') AS `EDIT_LOCK_PE_ONLY`,
         count(`PT`.`EDIT_LOCK_ID_PJ`) AS `EDIT_LOCK_ANY_PJ`
  from ((((`PGM_ELEMENT` `PE` left join `USER` `UC` on((`UC`.`BUDGES_USER_ID` = `PE`.`CREATED_BY_USER_ID_R2`))) left join `PE_LIST_PROJECT_TMP` `PT` on((`PT`.`BUDGES_PGM_ELEM_ID` = `PE`.`BUDGES_PGM_ELEM_ID`))) left join `USER` `UMP` on((`UMP`.`BUDGES_USER_ID` = `PE`.`MODIFIED_BY_USER_ID_R2`))) join `SERVICE_AGENCY` `SA` on((`SA`.`BUDGES_SERV_AGY_ID` = `PE`.`BUDGES_SERV_AGY_ID`)))
  group by `PE`.`BUDGES_PGM_ELEM_ID`;

CREATE TABLE `PROJECT` (
  `BUDGES_PROJ_ID` int(10) unsigned NOT NULL AUTO_INCREMENT,
  `VERSION` int(11) DEFAULT '0',
  `BUDGES_PGM_ELEM_ID` int(10) unsigned NOT NULL,
  `BUDGES_PROJ_NUM` varchar(25) NOT NULL,
  `DISPLAY_ORDER` mediumint(9) DEFAULT NULL,
  `PROJ_TITLE` varchar(255) NOT NULL,
  `proj_special_project` tinyint(1) NOT NULL DEFAULT '0',
  `proj_apy` decimal(12,3) unsigned DEFAULT NULL,
  `PROJ_PY` decimal(12,3) unsigned NOT NULL,
  `PROJ_CY` decimal(12,3) unsigned NOT NULL,
  `PROJ_BY1` decimal(12,3) unsigned NOT NULL,
  `PROJ_BY1_BASE` decimal(12,3) unsigned NOT NULL,
  `PROJ_BY1_OCO` decimal(12,3) unsigned DEFAULT NULL,
  `PROJ_BY2` decimal(12,3) unsigned NOT NULL,
  `PROJ_BY3` decimal(12,3) unsigned NOT NULL,
  `PROJ_BY4` decimal(12,3) unsigned NOT NULL,
  `PROJ_BY5` decimal(12,3) unsigned NOT NULL,
  `PROJ_BY6` decimal(12,3) unsigned DEFAULT NULL,
  `PROJ_COMP_COST` varchar(11) DEFAULT NULL,
  `PROJ_TOTAL_COST` varchar(11) DEFAULT NULL,
  `ARTICLES_IN_APP` enum('Y','N') DEFAULT 'N',
  `proj_art_apy` int(4) unsigned DEFAULT NULL,
  `PROJ_ART_PY` int(4) unsigned DEFAULT NULL,
  `PROJ_ART_CY` int(4) unsigned DEFAULT NULL,
  `PROJ_ART_BY1` int(4) unsigned DEFAULT NULL,
  `PROJ_ART_BY1_BASE` int(4) unsigned DEFAULT NULL,
  `PROJ_ART_BY1_OCO` int(4) unsigned DEFAULT NULL,
  `PROJ_ART_BY2` int(4) unsigned DEFAULT NULL,
  `PROJ_ART_BY3` int(4) unsigned DEFAULT NULL,
  `PROJ_ART_BY4` int(4) unsigned DEFAULT NULL,
  `PROJ_ART_BY5` int(4) unsigned DEFAULT NULL,
  `PROJ_ART_BY6` int(4) unsigned DEFAULT NULL,
  `PROJ_NOTES` text,
  `PROJ_MISSION_DESC` text NOT NULL,
  `PROJ_ACQ_STRATEGY` text,
  `PROJ_PERF_METRICS` text,
  `PROJ_MAJOR_PERFORMERS` text,
  `PROJ_INCLUDE_IN_PDF` enum('Y','N') NOT NULL DEFAULT 'Y',
  `EDIT_LOCK_ID_PJ` int(10) unsigned DEFAULT NULL,
  `DATE_LOCK_PJ` datetime DEFAULT NULL,
  `proj_other_pgm_remarks` varchar(5000) DEFAULT NULL,
  `R3_REMARKS` varchar(5000) DEFAULT NULL,
  `psp_remarks` varchar(5000) DEFAULT NULL,
  `psd_remarks` varchar(5000) DEFAULT NULL,
  `CREATED_BY_USER_ID_R2A` int(10) unsigned DEFAULT NULL,
  `DATE_CREATED_R2A` datetime DEFAULT NULL,
  `MODIFIED_BY_USER_ID_R2A` int(10) unsigned DEFAULT NULL,
  `DATE_MODIFIED_R2A` datetime DEFAULT NULL,
  `DATE_CREATED_R3` datetime DEFAULT NULL,
  `DATE_MODIFIED_R3` datetime DEFAULT NULL,
  `CREATED_BY_USER_ID_R3` int(10) unsigned DEFAULT NULL,
  `MODIFIED_BY_USER_ID_R3` int(10) unsigned DEFAULT NULL,
  `DATE_CREATED_R4` datetime DEFAULT NULL,
  `DATE_MODIFIED_R4` datetime DEFAULT NULL,
  `CREATED_BY_USER_ID_R4` int(10) unsigned DEFAULT NULL,
  `MODIFIED_BY_USER_ID_R4` int(10) unsigned DEFAULT NULL,
  `DATE_CREATED_R4A` datetime DEFAULT NULL,
  `DATE_MODIFIED_R4A` datetime DEFAULT NULL,
  `CREATED_BY_USER_ID_R4A` int(10) unsigned DEFAULT NULL,
  `MODIFIED_BY_USER_ID_R4A` int(10) unsigned DEFAULT NULL,
  `DATE_CREATED_R5` datetime DEFAULT NULL,
  `DATE_MODIFIED_R5` datetime DEFAULT NULL,
  `CREATED_BY_USER_ID_R5` int(10) unsigned DEFAULT NULL,
  `MODIFIED_BY_USER_ID_R5` int(10) unsigned DEFAULT NULL,
  `DATE_MODIFIED_PJ_OVERALL` datetime DEFAULT NULL,
  `MODIFIED_BY_USER_ID_PJ_OVERALL` int(10) unsigned DEFAULT NULL,
  `DATE_CREATED` datetime DEFAULT NULL,
  `DATE_MODIFIED` datetime DEFAULT NULL,
  `CREATED_BY_USER` varchar(256) DEFAULT NULL,
  `MODIFIED_BY_USER` varchar(256) DEFAULT NULL,
  PRIMARY KEY (`BUDGES_PROJ_ID`),
  UNIQUE KEY `UN_BUDGES_PROJ_ID` (`BUDGES_PROJ_ID`),
  KEY `FK_PJ_CREATOR_R2A` (`CREATED_BY_USER_ID_R2A`),
  KEY `FK_PJ_MODIFIER_R2A` (`MODIFIED_BY_USER_ID_R2A`),
  KEY `FK_PJ_CREATOR_R3` (`CREATED_BY_USER_ID_R3`),
  KEY `FK_PJ_MODIFIER_R3` (`MODIFIED_BY_USER_ID_R3`),
  KEY `FK_PJ_CREATOR_R4` (`CREATED_BY_USER_ID_R4`),
  KEY `FK_PJ_MODIFIER_R4` (`MODIFIED_BY_USER_ID_R4`),
  KEY `FK_PJ_CREATOR_R4A` (`CREATED_BY_USER_ID_R4A`),
  KEY `FK_PJ_MODIFIER_R4A` (`MODIFIED_BY_USER_ID_R4A`),
  KEY `FK_PJ_CREATOR_R5` (`CREATED_BY_USER_ID_R5`),
  KEY `FK_PJ_MODIFIER_R5` (`MODIFIED_BY_USER_ID_R5`),
  KEY `FK_PJ_MODIFIER_OVERALL` (`MODIFIED_BY_USER_ID_PJ_OVERALL`),
  KEY `FK_PJ_LOCK_ID_PJ` (`EDIT_LOCK_ID_PJ`),
  KEY `FK_BUDGES_PE_NUM_BUDGET_CYCLE` (`BUDGES_PGM_ELEM_ID`),
  CONSTRAINT `FK_BUDGES_PE_NUM_BUDGET_CYCLE` FOREIGN KEY (`BUDGES_PGM_ELEM_ID`) REFERENCES `PGM_ELEMENT` (`BUDGES_PGM_ELEM_ID`) ON DELETE CASCADE ON UPDATE CASCADE,
  CONSTRAINT `FK_PJ_CREATOR_R2A` FOREIGN KEY (`CREATED_BY_USER_ID_R2A`) REFERENCES `USER` (`BUDGES_USER_ID`),
  CONSTRAINT `FK_PJ_CREATOR_R3` FOREIGN KEY (`CREATED_BY_USER_ID_R3`) REFERENCES `USER` (`BUDGES_USER_ID`),
  CONSTRAINT `FK_PJ_CREATOR_R4` FOREIGN KEY (`CREATED_BY_USER_ID_R4`) REFERENCES `USER` (`BUDGES_USER_ID`),
  CONSTRAINT `FK_PJ_CREATOR_R4A` FOREIGN KEY (`CREATED_BY_USER_ID_R4A`) REFERENCES `USER` (`BUDGES_USER_ID`),
  CONSTRAINT `FK_PJ_CREATOR_R5` FOREIGN KEY (`CREATED_BY_USER_ID_R5`) REFERENCES `USER` (`BUDGES_USER_ID`),
  CONSTRAINT `FK_PJ_LOCK_ID_PJ` FOREIGN KEY (`EDIT_LOCK_ID_PJ`) REFERENCES `USER` (`BUDGES_USER_ID`),
  CONSTRAINT `FK_PJ_MODIFIER_OVERALL` FOREIGN KEY (`MODIFIED_BY_USER_ID_PJ_OVERALL`) REFERENCES `USER` (`BUDGES_USER_ID`),
  CONSTRAINT `FK_PJ_MODIFIER_R2A` FOREIGN KEY (`MODIFIED_BY_USER_ID_R2A`) REFERENCES `USER` (`BUDGES_USER_ID`),
  CONSTRAINT `FK_PJ_MODIFIER_R3` FOREIGN KEY (`MODIFIED_BY_USER_ID_R3`) REFERENCES `USER` (`BUDGES_USER_ID`),
  CONSTRAINT `FK_PJ_MODIFIER_R4` FOREIGN KEY (`MODIFIED_BY_USER_ID_R4`) REFERENCES `USER` (`BUDGES_USER_ID`),
  CONSTRAINT `FK_PJ_MODIFIER_R4A` FOREIGN KEY (`MODIFIED_BY_USER_ID_R4A`) REFERENCES `USER` (`BUDGES_USER_ID`),
  CONSTRAINT `FK_PJ_MODIFIER_R5` FOREIGN KEY (`MODIFIED_BY_USER_ID_R5`) REFERENCES `USER` (`BUDGES_USER_ID`)
) ENGINE=InnoDB DEFAULT CHARSET=utf8;

DELIMITER ;;
CREATE trigger insert_PJ_create_n_mod_data before insert on PROJECT
  for each row begin
    set new.date_created = now();
    set new.created_by_user = user();
    set new.modified_by_user = user();
  end;;
DELIMITER ;

DELIMITER ;;
CREATE trigger update_PJ_mod_data before update on PROJECT
  for each row begin
    set new.date_modified = now();
    set new.modified_by_user = user();
  end;;
DELIMITER ;

CREATE TABLE `PROJECT_ACCOMP_PLANNED_PGM` (
  `BUDGES_PROJ_ACCOMP_PLANNED_PGM_ID` int(10) unsigned NOT NULL AUTO_INCREMENT,
  `VERSION` int(11) DEFAULT '0',
  `BUDGES_PROJ_ID` int(10) unsigned NOT NULL,
  `APP_TITLE` varchar(255) NOT NULL,
  `APP_DESC` text,
  `DISPLAY_ORDER` mediumint(9) DEFAULT NULL,
  `ACC_PY` decimal(12,3) unsigned DEFAULT NULL,
  `ACC_PY_OTHER` decimal(12,3) unsigned DEFAULT NULL,
  `PP_CY` decimal(12,3) unsigned DEFAULT NULL,
  `PP_CY_OTHER` decimal(12,3) unsigned DEFAULT NULL,
  `PP_BY1` decimal(12,3) unsigned DEFAULT NULL,
  `PP_BY1_OTHER` decimal(12,3) unsigned DEFAULT NULL,
  `PP_BY1_BASE` decimal(12,3) unsigned DEFAULT NULL,
  `PP_BY1_BASE_OTHER` decimal(12,3) unsigned DEFAULT NULL,
  `PP_BY1_OCO` decimal(12,3) unsigned DEFAULT NULL,
  `PP_BY1_OCO_OTHER` decimal(12,3) unsigned DEFAULT NULL,
  `PP_BY2` decimal(12,3) unsigned DEFAULT NULL,
  `PP_BY2_OTHER` decimal(12,3) unsigned DEFAULT NULL,
  `ACC_PY_TEXT` text,
  `PP_CY_TEXT` text,
  `PP_BY1_TEXT_BASE` text,
  `PP_BY1_TEXT_OCO` text,
  `PP_BY2_TEXT` text,
  `ACC_ART_PY` int(4) unsigned DEFAULT NULL,
  `PP_ART_CY` int(4) unsigned DEFAULT NULL,
  `PP_ART_BY1` int(4) unsigned DEFAULT NULL,
  `PP_ART_BY1_BASE` int(4) unsigned DEFAULT NULL,
  `PP_ART_BY1_OCO` int(4) unsigned DEFAULT NULL,
  `PP_ART_BY2` int(4) unsigned DEFAULT NULL,
  `CREATED_BY_USER` varchar(256) DEFAULT NULL,
  `DATE_CREATED` timestamp NOT NULL DEFAULT CURRENT_TIMESTAMP,
  `MODIFIED_BY_USER` varchar(256) DEFAULT NULL,
  `DATE_MODIFIED` timestamp NOT NULL DEFAULT CURRENT_TIMESTAMP ON UPDATE CURRENT_TIMESTAMP,
  PRIMARY KEY (`BUDGES_PROJ_ACCOMP_PLANNED_PGM_ID`),
  UNIQUE KEY `UN_BUDGES_PROJ_ACCOMP_PLANNED_PGM_ID` (`BUDGES_PROJ_ACCOMP_PLANNED_PGM_ID`),
  KEY `FK_BUDGES_PA_PE_NUM_BUDGET_CYCLE_PROJ_NUM` (`BUDGES_PROJ_ID`),
  CONSTRAINT `FK_BUDGES_PA_PE_NUM_BUDGET_CYCLE_PROJ_NUM` FOREIGN KEY (`BUDGES_PROJ_ID`) REFERENCES `PROJECT` (`BUDGES_PROJ_ID`) ON DELETE CASCADE ON UPDATE CASCADE
) ENGINE=InnoDB DEFAULT CHARSET=utf8;

DELIMITER ;;
CREATE trigger insert_APP_create_n_mod_data before insert on PROJECT_ACCOMP_PLANNED_PGM
  for each row begin
    set new.date_created = now();
    set new.created_by_user = user();
    set new.modified_by_user = user();
  end;;
DELIMITER ;

DELIMITER ;;
CREATE trigger update_APP_mod_data before update on PROJECT_ACCOMP_PLANNED_PGM
  for each row begin
    set new.date_modified = now();
    set new.modified_by_user = user();
  end;;
DELIMITER ;

CREATE TABLE `PROJECT_CONG_ADD_DETAIL` (
  `BUDGES_PROJ_CONG_ADD_ID` int(10) unsigned NOT NULL AUTO_INCREMENT,
  `VERSION` int(11) DEFAULT '0',
  `BUDGES_PROJ_ID` int(10) unsigned NOT NULL,
  `BUDGES_CA_TITLE` varchar(255) NOT NULL,
  `DISPLAY_ORDER` mediumint(9) DEFAULT NULL,
  `CA_PY_TEXT` varchar(4000) DEFAULT NULL,
  `CA_CY_TEXT` varchar(4000) DEFAULT NULL,
  `CA_PY` decimal(12,3) unsigned DEFAULT NULL,
  `CA_CY` decimal(12,3) unsigned DEFAULT NULL,
  `CREATED_BY_USER` varchar(256) DEFAULT NULL,
  `DATE_CREATED` timestamp NOT NULL DEFAULT CURRENT_TIMESTAMP,
  `MODIFIED_BY_USER` varchar(256) DEFAULT NULL,
  `DATE_MODIFIED` timestamp NOT NULL DEFAULT CURRENT_TIMESTAMP ON UPDATE CURRENT_TIMESTAMP,
  PRIMARY KEY (`BUDGES_PROJ_CONG_ADD_ID`) USING BTREE,
  UNIQUE KEY `UN_BUDGES_PROJ_CONG_ADD_ID` (`BUDGES_PROJ_CONG_ADD_ID`) USING BTREE,
  KEY `FK_BUDGES_PCAD_PROJ_ID` (`BUDGES_PROJ_ID`),
  CONSTRAINT `FK_BUDGES_PCAD_PROJ_ID` FOREIGN KEY (`BUDGES_PROJ_ID`) REFERENCES `PROJECT` (`BUDGES_PROJ_ID`) ON DELETE CASCADE ON UPDATE CASCADE
) ENGINE=InnoDB DEFAULT CHARSET=utf8 ROW_FORMAT=DYNAMIC;

DELIMITER ;;
CREATE trigger insert_CAD_create_n_mod_data before insert on PROJECT_CONG_ADD_DETAIL
  for each row begin
    set new.date_created = now();
    set new.created_by_user = user();
    set new.modified_by_user = user();
  end;;
DELIMITER ;

DELIMITER ;;
CREATE trigger update_CAD_mod_data before update on PROJECT_CONG_ADD_DETAIL
  for each row begin
    set new.date_modified = now();
    set new.modified_by_user = user();
  end;;
DELIMITER ;

CREATE TABLE `PROJECT_COST_CATEGORY_GROUP` (
  `BUDGES_PJ_COST_CAT_GROUP_ID` int(10) unsigned NOT NULL AUTO_INCREMENT,
  `VERSION` int(11) DEFAULT '0',
  `BUDGES_PROJ_ID` int(10) unsigned NOT NULL,
  `BUDGES_PJ_COST_CAT_GRP_NAME_ID` int(10) unsigned NOT NULL,
  `DISPLAY_ORDER` mediumint(9) DEFAULT NULL,
  `PCCG_REMARKS` varchar(5000) DEFAULT NULL,
  `CREATED_BY_USER` varchar(256) DEFAULT NULL,
  `DATE_CREATED` timestamp NOT NULL DEFAULT CURRENT_TIMESTAMP,
  `MODIFIED_BY_USER` varchar(256) DEFAULT NULL,
  `DATE_MODIFIED` timestamp NOT NULL DEFAULT CURRENT_TIMESTAMP ON UPDATE CURRENT_TIMESTAMP,
  PRIMARY KEY (`BUDGES_PJ_COST_CAT_GROUP_ID`) USING BTREE,
  UNIQUE KEY `UN_BUDGES_PJ_COST_CAT_GROUP_ID` (`BUDGES_PJ_COST_CAT_GROUP_ID`) USING BTREE,
  KEY `FK_PCCG_PCCGN_ID` (`BUDGES_PJ_COST_CAT_GRP_NAME_ID`) USING BTREE,
  KEY `FK_BUDGES_PCCG_PROJ_ID` (`BUDGES_PROJ_ID`),
  CONSTRAINT `FK_BUDGES_PCCG_PROJ_ID` FOREIGN KEY (`BUDGES_PROJ_ID`) REFERENCES `PROJECT` (`BUDGES_PROJ_ID`) ON DELETE CASCADE ON UPDATE CASCADE,
  CONSTRAINT `FK_PCCG_PJ_COST_CAT_GRP_NAME_ID` FOREIGN KEY (`BUDGES_PJ_COST_CAT_GRP_NAME_ID`) REFERENCES `PROJECT_COST_CATEGORY_GRP_NAME` (`BUDGES_PJ_COST_CAT_GRP_NAME_ID`)
) ENGINE=InnoDB DEFAULT CHARSET=utf8 ROW_FORMAT=DYNAMIC;

DELIMITER ;;
CREATE trigger insert_CCG_create_n_mod_data before insert on PROJECT_COST_CATEGORY_GROUP
  for each row begin
    set new.date_created = now();
    set new.created_by_user = user();
    set new.modified_by_user = user();
  end;;
DELIMITER ;

DELIMITER ;;
CREATE trigger update_CCG_mod_data before update on PROJECT_COST_CATEGORY_GROUP
  for each row begin
    set new.date_modified = now();
    set new.modified_by_user = user();
  end;;
DELIMITER ;

CREATE TABLE `PROJECT_COST_CATEGORY_GRP_NAME` (
  `BUDGES_PJ_COST_CAT_GRP_NAME_ID` int(10) unsigned NOT NULL AUTO_INCREMENT,
  `PCCG_NAME` varchar(64) NOT NULL,
  `PCCG_DESC` varchar(512) DEFAULT NULL,
  `CREATED_BY_USER` varchar(256) DEFAULT NULL,
  `DATE_CREATED` timestamp NOT NULL DEFAULT CURRENT_TIMESTAMP,
  `MODIFIED_BY_USER` varchar(256) DEFAULT NULL,
  `DATE_MODIFIED` timestamp NOT NULL DEFAULT CURRENT_TIMESTAMP ON UPDATE CURRENT_TIMESTAMP,
  PRIMARY KEY (`BUDGES_PJ_COST_CAT_GRP_NAME_ID`) USING BTREE
) ENGINE=InnoDB DEFAULT CHARSET=utf8;

DELIMITER ;;
CREATE trigger insert_CCGN_create_n_mod_data before insert on PROJECT_COST_CATEGORY_GRP_NAME
  for each row begin
    set new.date_created = now();
    set new.created_by_user = user();

    set new.modified_by_user = user();
  end;;
DELIMITER ;

DELIMITER ;;
CREATE trigger update_CCGN_mod_data before update on PROJECT_COST_CATEGORY_GRP_NAME
  for each row begin
    set new.modified_by_user = user();
  end;;
DELIMITER ;

CREATE TABLE `PROJECT_COST_CATEGORY_ITEM` (
  `BUDGES_PJ_COST_CAT_ITEM_ID` int(10) unsigned NOT NULL AUTO_INCREMENT,
  `VERSION` int(11) DEFAULT '0',
  `BUDGES_PJ_COST_CAT_GROUP_ID` int(10) unsigned NOT NULL,
  `BUDGES_PCCI_NAME` varchar(255) NOT NULL,
  `DISPLAY_ORDER` mediumint(9) DEFAULT NULL,
  `BUDGES_PCCI_CONTRACT_TYPE_ID` smallint(5) unsigned DEFAULT NULL,
  `BUDGES_PCCI_CONTRACT_METHOD_ID` smallint(5) unsigned DEFAULT NULL,
  `BUDGES_PCCI_FUND_VEHICLE_ID` smallint(5) unsigned DEFAULT NULL,
  `PCCI_PERF_ACTIVITY` varchar(255) NOT NULL,
  `PCCI_PERF_ACT_LOCATION` varchar(255) NOT NULL,
  `PCCI_TOTAL_PYS` decimal(9,3) unsigned DEFAULT NULL,
  `pcci_py` decimal(9,3) unsigned DEFAULT NULL,
  `PCCI_CY` decimal(9,3) unsigned DEFAULT NULL,
  `PCCI_BY1` decimal(9,3) unsigned DEFAULT NULL,
  `PCCI_BY1_BASE` decimal(9,3) unsigned DEFAULT NULL,
  `PCCI_BY1_OCO` decimal(9,3) unsigned DEFAULT NULL,
  `PCCI_BY2` decimal(9,3) unsigned DEFAULT NULL,
  `PCCI_COMP_COST` varchar(11) DEFAULT NULL,
  `PCCI_TOTAL_COST` varchar(11) DEFAULT NULL,
  `PCCI_TARGET_VALUE` varchar(11) DEFAULT NULL,
  `pcci_py_award_date` date DEFAULT NULL,
  `PCCI_CY_AWARD_DATE` date DEFAULT NULL,
  `PCCI_BY1_AWARD_DATE_BASE` date DEFAULT NULL,
  `PCCI_BY1_AWARD_DATE_OCO` date DEFAULT NULL,
  `PCCI_BY2_AWARD_DATE` date DEFAULT NULL,
  `CREATED_BY_USER` varchar(256) DEFAULT NULL,
  `DATE_CREATED` timestamp NOT NULL DEFAULT CURRENT_TIMESTAMP,
  `MODIFIED_BY_USER` varchar(256) DEFAULT NULL,
  `DATE_MODIFIED` timestamp NOT NULL DEFAULT CURRENT_TIMESTAMP ON UPDATE CURRENT_TIMESTAMP,
  PRIMARY KEY (`BUDGES_PJ_COST_CAT_ITEM_ID`) USING BTREE,
  UNIQUE KEY `UN_BUDGES_PJ_COST_CAT_ITEM_ID` (`BUDGES_PJ_COST_CAT_ITEM_ID`) USING BTREE,
  KEY `FK_PCCI_CONTRACT_TYPE_ID` (`BUDGES_PCCI_CONTRACT_TYPE_ID`) USING BTREE,
  KEY `FK_PCCI_FUND_VEHICLE_ID` (`BUDGES_PCCI_FUND_VEHICLE_ID`) USING BTREE,
  KEY `FK_PCCI_CONTRACT_METHOD_ID` (`BUDGES_PCCI_CONTRACT_METHOD_ID`) USING BTREE,
  KEY `FK_BUDGES_PCCI_PCCG_ID` (`BUDGES_PJ_COST_CAT_GROUP_ID`),
  CONSTRAINT `FK_BUDGES_PCCI_PCCG_ID` FOREIGN KEY (`BUDGES_PJ_COST_CAT_GROUP_ID`) REFERENCES `PROJECT_COST_CATEGORY_GROUP` (`BUDGES_PJ_COST_CAT_GROUP_ID`) ON DELETE CASCADE ON UPDATE CASCADE,
  CONSTRAINT `FK_PCCI_CONTRACT_METHOD_ID` FOREIGN KEY (`BUDGES_PCCI_CONTRACT_METHOD_ID`) REFERENCES `PCCI_CONTRACT_METHOD` (`BUDGES_PCCI_CONTRACT_METHOD_ID`),
  CONSTRAINT `FK_PCCI_CONTRACT_TYPE_ID` FOREIGN KEY (`BUDGES_PCCI_CONTRACT_TYPE_ID`) REFERENCES `PCCI_CONTRACT_TYPE` (`BUDGES_PCCI_CONTRACT_TYPE_ID`),
  CONSTRAINT `FK_PCCI_FUND_VEHICLE_ID` FOREIGN KEY (`BUDGES_PCCI_FUND_VEHICLE_ID`) REFERENCES `PCCI_FUND_VEHICLE` (`BUDGES_PCCI_FUND_VEHICLE_ID`)
) ENGINE=InnoDB DEFAULT CHARSET=utf8 ROW_FORMAT=DYNAMIC;

DELIMITER ;;
CREATE trigger insert_CCI_create_n_mod_data before insert on PROJECT_COST_CATEGORY_ITEM
  for each row begin
    set new.date_created = now();
    set new.created_by_user = user();
    set new.modified_by_user = user();
  end;;
DELIMITER ;

DELIMITER ;;
CREATE trigger update_CCI_mod_data before update on PROJECT_COST_CATEGORY_ITEM
  for each row begin
    set new.date_modified = now();
    set new.modified_by_user = user();
  end;;
DELIMITER ;

CREATE TABLE `PROJECT_JOINT_FUNDING` (
  `PROJ_JOINT_FUNDING_ID` int(10) unsigned NOT NULL AUTO_INCREMENT,
  `VERSION` int(11) DEFAULT '0',
  `BUDGES_PROJ_ID` int(10) unsigned NOT NULL,
  `JF_TITLE` varchar(255) NOT NULL,
  `DISPLAY_ORDER` mediumint(9) unsigned DEFAULT NULL,
  `jf_pyrs` decimal(12,3) unsigned DEFAULT NULL,
  `JF_PY` decimal(12,3) unsigned DEFAULT NULL,
  `JF_CY` decimal(12,3) unsigned DEFAULT NULL,
  `JF_BY1` decimal(12,3) unsigned DEFAULT NULL,
  `JF_BY1_BASE` decimal(12,3) unsigned DEFAULT NULL,
  `JF_BY1_OCO` decimal(12,3) unsigned DEFAULT NULL,
  `jf_to_complete` varchar(11) DEFAULT NULL,
  `jf_total_cost` varchar(11) DEFAULT NULL,
  `jf_target_value` decimal(12,3) unsigned DEFAULT NULL,
  `CREATED_BY_USER` varchar(256) DEFAULT NULL,
  `DATE_CREATED` timestamp NOT NULL DEFAULT CURRENT_TIMESTAMP,
  `MODIFIED_BY_USER` varchar(256) DEFAULT NULL,
  `DATE_MODIFIED` timestamp NOT NULL DEFAULT CURRENT_TIMESTAMP ON UPDATE CURRENT_TIMESTAMP,
  PRIMARY KEY (`PROJ_JOINT_FUNDING_ID`) USING BTREE,
  UNIQUE KEY `UN_JF_ID` (`PROJ_JOINT_FUNDING_ID`) USING BTREE,
  KEY `FK_JF_PROJ_ID` (`BUDGES_PROJ_ID`),
  CONSTRAINT `FK_JF_PROJ_ID` FOREIGN KEY (`BUDGES_PROJ_ID`) REFERENCES `PROJECT` (`BUDGES_PROJ_ID`) ON DELETE CASCADE ON UPDATE CASCADE
) ENGINE=InnoDB DEFAULT CHARSET=utf8;

DELIMITER ;;
CREATE trigger insert_JF_create_n_mod_data before insert on PROJECT_JOINT_FUNDING
  for each row begin
    set new.date_created = now();
    set new.created_by_user = user();
    set new.modified_by_user = user();
  end;;
DELIMITER ;

DELIMITER ;;
CREATE trigger update_JF_mod_data before update on PROJECT_JOINT_FUNDING
  for each row begin
    set new.modified_by_user = user();
  end;;
DELIMITER ;

CREATE TABLE `PROJECT_OTHER_PGM_FUNDING` (
  `BUDGES_PROJ_OTHER_PGM_FUND_ID` int(10) unsigned NOT NULL AUTO_INCREMENT,
  `VERSION` int(11) DEFAULT '0',
  `BUDGES_PROJ_ID` int(10) unsigned NOT NULL,
  `POPF_LINE_ITEM` varchar(35) NOT NULL,
  `DISPLAY_ORDER` mediumint(9) DEFAULT NULL,
  `POPF_LI_TITLE` varchar(255) NOT NULL,
  `POPF_PY` decimal(12,3) unsigned DEFAULT NULL,
  `POPF_CY` decimal(12,3) unsigned DEFAULT NULL,
  `POPF_BY1` decimal(12,3) unsigned DEFAULT NULL,
  `POPF_BY1_BASE` decimal(12,3) unsigned DEFAULT NULL,
  `POPF_BY1_OCO` decimal(12,3) unsigned DEFAULT NULL,
  `POPF_BY2` decimal(12,3) unsigned DEFAULT NULL,
  `POPF_BY3` decimal(12,3) unsigned DEFAULT NULL,
  `POPF_BY4` decimal(12,3) unsigned DEFAULT NULL,
  `POPF_BY5` decimal(12,3) unsigned DEFAULT NULL,
  `POPF_BY6` decimal(12,3) unsigned DEFAULT NULL,
  `POPF_COMP_COST` varchar(11) DEFAULT NULL,
  `POPF_TOTAL_COST` varchar(11) DEFAULT NULL,
  `CREATED_BY_USER` varchar(256) DEFAULT NULL,
  `DATE_CREATED` timestamp NOT NULL DEFAULT CURRENT_TIMESTAMP,
  `MODIFIED_BY_USER` varchar(256) DEFAULT NULL,
  `DATE_MODIFIED` timestamp NOT NULL DEFAULT CURRENT_TIMESTAMP ON UPDATE CURRENT_TIMESTAMP,
  PRIMARY KEY (`BUDGES_PROJ_OTHER_PGM_FUND_ID`),
  UNIQUE KEY `UN_BUDGES_PROJ_OTHER_PGM_FUND_ID` (`BUDGES_PROJ_OTHER_PGM_FUND_ID`),
  KEY `FK_BUDGES_POPF_PE_NUM_BUDGET_CYCLE_PROJ_NUM` (`BUDGES_PROJ_ID`),
  CONSTRAINT `FK_BUDGES_POPF_PE_NUM_BUDGET_CYCLE_PROJ_NUM` FOREIGN KEY (`BUDGES_PROJ_ID`) REFERENCES `PROJECT` (`BUDGES_PROJ_ID`) ON DELETE CASCADE ON UPDATE CASCADE
) ENGINE=InnoDB DEFAULT CHARSET=utf8;

DELIMITER ;;
CREATE trigger insert_OPF_create_n_mod_data before insert on PROJECT_OTHER_PGM_FUNDING
  for each row begin
    set new.date_created = now();
    set new.created_by_user = user();
    set new.modified_by_user = user();
  end;;
DELIMITER ;

DELIMITER ;;
CREATE trigger update_OPF_mod_data before update on PROJECT_OTHER_PGM_FUNDING
  for each row begin
    set new.date_modified = now();
    set new.modified_by_user = user();
  end;;
DELIMITER ;

CREATE TABLE `PROJECT_SCHEDULE_DETAIL` (
  `BUDGES_PJ_SCHED_SUBPJ_ID` int(10) unsigned NOT NULL,
  `PSD_EVENT_TITLE` varchar(255) NOT NULL,
  `VERSION` int(11) DEFAULT '0',
  `PSD_START_QUARTER` tinyint(3) unsigned NOT NULL,
  `PSD_START_YEAR` year(4) NOT NULL,
  `PSD_END_QUARTER` tinyint(3) unsigned NOT NULL,
  `PSD_END_YEAR` year(4) NOT NULL,
  `DISPLAY_ORDER` mediumint(8) unsigned DEFAULT NULL,
  `HIBERNATE_LIST_INDEX` int(10) unsigned NOT NULL AUTO_INCREMENT,
  `CREATED_BY_USER` varchar(256) DEFAULT NULL,
  `DATE_CREATED` timestamp NOT NULL DEFAULT CURRENT_TIMESTAMP,
  `MODIFIED_BY_USER` varchar(256) DEFAULT NULL,
  `DATE_MODIFIED` timestamp NOT NULL DEFAULT CURRENT_TIMESTAMP ON UPDATE CURRENT_TIMESTAMP,
  PRIMARY KEY (`HIBERNATE_LIST_INDEX`) USING BTREE,
  UNIQUE KEY `UN_HIBERNATE_LIST` (`HIBERNATE_LIST_INDEX`) USING BTREE,
  KEY `FK_PSD_SCHED_SUBPROJ_ID` (`BUDGES_PJ_SCHED_SUBPJ_ID`),
  CONSTRAINT `FK_PSD_SCHED_SUBPROJ_ID` FOREIGN KEY (`BUDGES_PJ_SCHED_SUBPJ_ID`) REFERENCES `PROJECT_SCHEDULE_SUBPROJ` (`BUDGES_PJ_SCHED_SUBPJ_ID`) ON DELETE CASCADE ON UPDATE CASCADE
) ENGINE=InnoDB DEFAULT CHARSET=utf8;

DELIMITER ;;
CREATE trigger insert_SD_create_n_mod_data before insert on PROJECT_SCHEDULE_DETAIL
  for each row begin
    set new.date_created = now();
    set new.created_by_user = user();
    set new.modified_by_user = user();
  end;;
DELIMITER ;

DELIMITER ;;
CREATE trigger update_SD_mod_data before update on PROJECT_SCHEDULE_DETAIL
  for each row begin
    set new.date_modified = now();
    set new.modified_by_user = user();
  end;;
DELIMITER ;

CREATE TABLE `PROJECT_SCHEDULE_PROFILE` (
  `BUDGES_PROJ_ID` int(10) unsigned NOT NULL,
  `VERSION` int(11) DEFAULT '0',
  `PSP_IMAGE_NAME` varchar(255) NOT NULL,
  `PSP_IMAGE_DATA` mediumblob NOT NULL,
  `PSP_THUMBNAIL_IMAGE_DATA` mediumblob NOT NULL,
  `DISPLAY_ORDER` mediumint(8) unsigned DEFAULT NULL,
  `HIBERNATE_LIST_INDEX` int(10) unsigned NOT NULL AUTO_INCREMENT,
  `CREATED_BY_USER` varchar(256) DEFAULT NULL,
  `DATE_CREATED` timestamp NOT NULL DEFAULT CURRENT_TIMESTAMP,
  `MODIFIED_BY_USER` varchar(256) DEFAULT NULL,
  `DATE_MODIFIED` timestamp NOT NULL DEFAULT CURRENT_TIMESTAMP ON UPDATE CURRENT_TIMESTAMP,
  PRIMARY KEY (`BUDGES_PROJ_ID`,`HIBERNATE_LIST_INDEX`) USING BTREE,
  UNIQUE KEY `UN_HIBERNATE_LIST` (`HIBERNATE_LIST_INDEX`) USING BTREE,
  CONSTRAINT `FK_PSP_BUDGES_PROJ_ID` FOREIGN KEY (`BUDGES_PROJ_ID`) REFERENCES `PROJECT` (`BUDGES_PROJ_ID`) ON DELETE CASCADE ON UPDATE CASCADE
) ENGINE=InnoDB DEFAULT CHARSET=utf8;

DELIMITER ;;
CREATE trigger insert_SP_create_n_mod_data before insert on PROJECT_SCHEDULE_PROFILE
  for each row begin
    set new.date_created = now();
    set new.created_by_user = user();
    set new.modified_by_user = user();
  end;;
DELIMITER ;

DELIMITER ;;
CREATE trigger update_SP_mod_data before update on PROJECT_SCHEDULE_PROFILE
  for each row begin
    set new.date_modified = now();
    set new.modified_by_user = user();
  end;;
DELIMITER ;

CREATE TABLE `PROJECT_SCHEDULE_SUBPROJ` (
  `BUDGES_PJ_SCHED_SUBPJ_ID` int(10) unsigned NOT NULL AUTO_INCREMENT,
  `VERSION` int(11) DEFAULT '0',
  `BUDGES_PROJ_ID` int(10) unsigned NOT NULL,
  `PSS_TITLE` varchar(255) NOT NULL DEFAULT 'N/A',
  `DISPLAY_ORDER` mediumint(9) DEFAULT NULL,
  `CREATED_BY_USER` varchar(256) DEFAULT NULL,
  `DATE_CREATED` timestamp NOT NULL DEFAULT CURRENT_TIMESTAMP,
  `MODIFIED_BY_USER` varchar(256) DEFAULT NULL,
  `DATE_MODIFIED` timestamp NOT NULL DEFAULT CURRENT_TIMESTAMP ON UPDATE CURRENT_TIMESTAMP,
  PRIMARY KEY (`BUDGES_PJ_SCHED_SUBPJ_ID`) USING BTREE,
  KEY `FK_PSS_PROJ_ID` (`BUDGES_PROJ_ID`),
  CONSTRAINT `FK_PSS_PROJ_ID` FOREIGN KEY (`BUDGES_PROJ_ID`) REFERENCES `PROJECT` (`BUDGES_PROJ_ID`) ON DELETE CASCADE ON UPDATE CASCADE
) ENGINE=InnoDB DEFAULT CHARSET=utf8 ROW_FORMAT=DYNAMIC;

DELIMITER ;;
CREATE trigger insert_PSS_create_n_mod_data before insert on PROJECT_SCHEDULE_SUBPROJ
  for each row begin
    set new.date_created = now();
    set new.created_by_user = user();
    set new.modified_by_user = user();
  end;;
DELIMITER ;

DELIMITER ;;
CREATE trigger update_PSS_mod_data before update on PROJECT_SCHEDULE_SUBPROJ
  for each row begin
    set new.modified_by_user = user();
  end;;
DELIMITER ;

CREATE TABLE `PROJECT_TERMINATION_LIABILITY` (
  `BUDGES_PROJ_ID` int(10) unsigned NOT NULL DEFAULT '0',
  `VERSION` int(11) DEFAULT '0',
  `ptl_apy` decimal(12,3) unsigned DEFAULT NULL,
  `PTL_PY` decimal(12,3) unsigned DEFAULT NULL,
  `PTL_CY` decimal(12,3) unsigned DEFAULT NULL,
  `PTL_BY1` decimal(12,3) unsigned DEFAULT NULL,
  `PTL_BY2` decimal(12,3) unsigned DEFAULT NULL,
  `PTL_BY3` decimal(12,3) unsigned DEFAULT NULL,
  `PTL_BY4` decimal(12,3) unsigned DEFAULT NULL,
  `PTL_BY5` decimal(12,3) unsigned DEFAULT NULL,
  `PTL_BY6` decimal(12,3) unsigned DEFAULT NULL,
  `PTL_REMARKS` varchar(5000) DEFAULT NULL,
  `HIBERNATE_LIST_INDEX` int(10) unsigned NOT NULL AUTO_INCREMENT,
  `CREATED_BY_USER` varchar(256) DEFAULT NULL,
  `DATE_CREATED` timestamp NOT NULL DEFAULT CURRENT_TIMESTAMP,
  `MODIFIED_BY_USER` varchar(256) DEFAULT NULL,
  `DATE_MODIFIED` timestamp NOT NULL DEFAULT CURRENT_TIMESTAMP ON UPDATE CURRENT_TIMESTAMP,
  PRIMARY KEY (`BUDGES_PROJ_ID`) USING BTREE,
  UNIQUE KEY `UN_PTL_BUDGES_PROJ_ID` (`BUDGES_PROJ_ID`) USING BTREE,
  UNIQUE KEY `UN_PTL_HIBERNATE_LIST` (`HIBERNATE_LIST_INDEX`) USING BTREE,
  CONSTRAINT `FK_PTL_BUDGES_PROJ_ID` FOREIGN KEY (`BUDGES_PROJ_ID`) REFERENCES `PROJECT` (`BUDGES_PROJ_ID`) ON DELETE CASCADE ON UPDATE CASCADE
) ENGINE=InnoDB DEFAULT CHARSET=utf8;

DELIMITER ;;
CREATE trigger insert_TL_create_n_mod_data before insert on PROJECT_TERMINATION_LIABILITY
  for each row begin
    set new.date_created = now();
    set new.created_by_user = user();
    set new.modified_by_user = user();
  end;;
DELIMITER ;

DELIMITER ;;
CREATE trigger update_TL_mod_data before update on PROJECT_TERMINATION_LIABILITY
  for each row begin
    set new.date_modified = now();
    set new.modified_by_user = user();
  end;;
DELIMITER ;

DELIMITER ;;
CREATE trigger insert_SA_create_n_mod_data before insert on SERVICE_AGENCY
  for each row begin
    set new.date_created = now();
    set new.created_by_user = user();
    set new.modified_by_user = user();
  end;;
DELIMITER ;

DELIMITER ;;
CREATE trigger update_SA_mod_data before update on SERVICE_AGENCY
  for each row begin
    set new.date_modified = now();
    set new.modified_by_user = user();
  end;;
DELIMITER ;

CREATE TABLE `STATE` (
  `BUDGES_STATE_ID` tinyint(3) unsigned NOT NULL AUTO_INCREMENT,
  `STATE_CODE` char(2) NOT NULL,
  `STATE_NAME` varchar(50) DEFAULT NULL,
  `DISPLAY_ORDER` mediumint(9) DEFAULT NULL,
  PRIMARY KEY (`BUDGES_STATE_ID`),
  UNIQUE KEY `UN_STATE_CODE` (`STATE_CODE`) USING BTREE
) ENGINE=InnoDB DEFAULT CHARSET=utf8;

DELIMITER ;;
CREATE trigger insert_U_create_n_mod_data before insert on USER
  for each row begin
    set new.date_created_db = now();
    set new.created_by_user_db = user();
    set new.date_modified_db = now();
    set new.modified_by_user_db = user();
  end;;
DELIMITER ;

DELIMITER ;;
CREATE trigger update_U_mod_data before update on USER
  for each row begin
    set new.date_modified_db = now();
    set new.modified_by_user_db = user();
  end;;
DELIMITER ;

CREATE TABLE `USER_PE` (
  `BUDGES_USER_PE_ID` int(10) unsigned NOT NULL AUTO_INCREMENT,
  `BUDGES_USER_ID` int(10) unsigned NOT NULL,
  `BUDGES_PGM_ELEM_ID` int(10) unsigned NOT NULL,
  `VIEW_PRIV` enum('N','Y') NOT NULL DEFAULT 'N',
  `EDIT_PRIV` enum('N','Y') NOT NULL DEFAULT 'N',
  `CREATED_BY_USER` varchar(256) DEFAULT NULL,
  `DATE_CREATED` timestamp NOT NULL DEFAULT CURRENT_TIMESTAMP,
  `MODIFIED_BY_USER` varchar(256) DEFAULT NULL,
  `DATE_MODIFIED` timestamp NOT NULL DEFAULT CURRENT_TIMESTAMP ON UPDATE CURRENT_TIMESTAMP,
  PRIMARY KEY (`BUDGES_USER_PE_ID`),
  UNIQUE KEY `UN_BUDGES_USER_PE_ID` (`BUDGES_USER_ID`,`BUDGES_PGM_ELEM_ID`) USING BTREE,
  KEY `FK_BUDGES_UP_PGM_ELEM_ID` (`BUDGES_PGM_ELEM_ID`),
  CONSTRAINT `FK_BUDGES_UP_PGM_ELEM_ID` FOREIGN KEY (`BUDGES_PGM_ELEM_ID`) REFERENCES `PGM_ELEMENT` (`BUDGES_PGM_ELEM_ID`) ON DELETE CASCADE ON UPDATE CASCADE,
  CONSTRAINT `FK_BUDGES_UP_USER_ID` FOREIGN KEY (`BUDGES_USER_ID`) REFERENCES `USER` (`BUDGES_USER_ID`) ON DELETE CASCADE ON UPDATE CASCADE
) ENGINE=InnoDB DEFAULT CHARSET=utf8;

DELIMITER ;;
CREATE trigger insert_UP_create_n_mod_data before insert on USER_PE
  for each row begin
    set new.date_created = now();
    set new.created_by_user = user();

    set new.modified_by_user = user();
  end;;
DELIMITER ;

DELIMITER ;;
CREATE trigger update_UP_mod_data before update on USER_PE
  for each row begin
    set new.modified_by_user = user();
  end;;
DELIMITER ;

CREATE TABLE `USER_SERVICE_AGENCY` (
  `BUDGES_USER_SERV_AGY_ID` int(10) unsigned NOT NULL AUTO_INCREMENT,
  `VERSION` int(11) DEFAULT '0',
  `BUDGES_USER_ID` int(10) unsigned DEFAULT NULL,
  `BUDGES_SERV_AGY_ID` int(10) unsigned DEFAULT NULL,
  `CREATED_BY_USER` varchar(256) DEFAULT NULL,
  `DATE_CREATED` timestamp NOT NULL DEFAULT CURRENT_TIMESTAMP,
  `MODIFIED_BY_USER` varchar(256) DEFAULT NULL,
  `DATE_MODIFIED` timestamp NOT NULL DEFAULT CURRENT_TIMESTAMP ON UPDATE CURRENT_TIMESTAMP,
  PRIMARY KEY (`BUDGES_USER_SERV_AGY_ID`),
  UNIQUE KEY `UN_BUDGES_USER_SERV_AGY_ID` (`BUDGES_USER_SERV_AGY_ID`),
  KEY `FK_BUS_USER_ID` (`BUDGES_USER_ID`),
  KEY `FK_BUS_SERV_AGY_ID` (`BUDGES_SERV_AGY_ID`),
  CONSTRAINT `FK_BUS_SERV_AGY_ID` FOREIGN KEY (`BUDGES_SERV_AGY_ID`) REFERENCES `SERVICE_AGENCY` (`BUDGES_SERV_AGY_ID`) ON DELETE CASCADE ON UPDATE CASCADE,
  CONSTRAINT `FK_BUS_USER_ID` FOREIGN KEY (`BUDGES_USER_ID`) REFERENCES `USER` (`BUDGES_USER_ID`) ON DELETE CASCADE ON UPDATE CASCADE
) ENGINE=InnoDB DEFAULT CHARSET=utf8;

DELIMITER ;;
CREATE trigger insert_USA_create_n_mod_data before insert on USER_SERVICE_AGENCY
  for each row begin
    set new.date_created = now();
    set new.created_by_user = user();

    set new.modified_by_user = user();
  end;;
DELIMITER ;

DELIMITER ;;
CREATE trigger update_USA_mod_data before update on USER_SERVICE_AGENCY
  for each row begin
    set new.modified_by_user = user();
  end;;
DELIMITER ;

CREATE TABLE `ValidationClass` (
  `Id` int(10) unsigned NOT NULL AUTO_INCREMENT,
  `name` varchar(255) NOT NULL,
  `alternateKey` varchar(255) DEFAULT NULL,
  `locationMessage` varchar(255) DEFAULT NULL,
  PRIMARY KEY (`Id`),
  UNIQUE KEY `UN_name_altkey` (`name`,`alternateKey`)
) ENGINE=InnoDB DEFAULT CHARSET=utf8;

CREATE TABLE `ValidationClassValidationRule` (
  `Id` int(10) unsigned NOT NULL AUTO_INCREMENT,
  `validationClassId` int(10) unsigned NOT NULL,
  `validationRuleId` int(10) unsigned NOT NULL,
  PRIMARY KEY (`Id`),
  KEY `ValidationClassJoin` (`validationClassId`),
  KEY `ValidationRuleJoin` (`validationRuleId`),
  CONSTRAINT `ValidationClassJoin` FOREIGN KEY (`validationClassId`) REFERENCES `ValidationClass` (`Id`) ON DELETE NO ACTION ON UPDATE NO ACTION,
  CONSTRAINT `ValidationRuleJoin` FOREIGN KEY (`validationRuleId`) REFERENCES `ValidationRule` (`Id`) ON DELETE NO ACTION ON UPDATE NO ACTION
) ENGINE=InnoDB DEFAULT CHARSET=utf8;

CREATE TABLE `ValidationClassification` (
  `Id` int(10) unsigned NOT NULL AUTO_INCREMENT,
  `type` int(11) NOT NULL,
  `description` varchar(255) NOT NULL,
  PRIMARY KEY (`Id`)
) ENGINE=InnoDB DEFAULT CHARSET=utf8;

CREATE TABLE `ValidationRule` (
  `Id` int(10) unsigned NOT NULL AUTO_INCREMENT,
  `key` varchar(45) NOT NULL,
  `message` varchar(512) NOT NULL,
  `type` enum('ERROR','WARNING') NOT NULL,
  `active` tinyint(4) NOT NULL DEFAULT '1',
  `verify` tinyint(1) NOT NULL DEFAULT '1',
  `number` varchar(45) DEFAULT NULL,
  `description` varchar(255) DEFAULT NULL,
  `typeId` int(10) unsigned NOT NULL,
  PRIMARY KEY (`Id`),
  KEY `ValidationRuleType` (`typeId`),
  CONSTRAINT `ValidationRuleType` FOREIGN KEY (`typeId`) REFERENCES `ValidationClassification` (`Id`) ON DELETE NO ACTION ON UPDATE NO ACTION
) ENGINE=InnoDB DEFAULT CHARSET=utf8 ROW_FORMAT=DYNAMIC;

CREATE TABLE `asynch_job` (
  `aj_ID` int(10) unsigned NOT NULL AUTO_INCREMENT,
  `version` int(11) DEFAULT '0',
  `UUID_str` char(36) DEFAULT NULL,
  `BUDGES_SERV_AGY_ID` int(10) NOT NULL DEFAULT '1',
  `job_type` enum('N','VALIDATEXML','R2XMLTOSINGLEPDF','R2XMLTOMULTIPDF','JBXMLTOPDF','MJBXMLTOPDF','P40XMLTOSINGLEPDF','P40XMLTOMULTIPDF','P40JBXMLTOPDF','R2JBXMLTOPDF','P40MJBXMLTOPDF','R2MJBXMLTOPDF') NOT NULL DEFAULT 'N',
  `source` enum('UI','WebService') NOT NULL DEFAULT 'WebService',
  `status_flag` enum('NEW','SCHEDULED','STARTFAIL','PAUSED','RUNNING','DONE','ABORTED','ERROR','STOPPED') NOT NULL DEFAULT 'NEW',
  `queue_name` varchar(64) NOT NULL,
  `version_lock` int(10) unsigned DEFAULT NULL,
  `run_instance_name` varchar(32) DEFAULT NULL,
  `working_dir` varchar(128) NOT NULL,
  `input_filename` varchar(255) NOT NULL,
  `original_input_filename` varchar(255) NOT NULL,
  `result_filename` varchar(255) DEFAULT NULL,
  `stack_trace` text,
  `date_job_started` datetime DEFAULT NULL,
  `date_job_ended` datetime DEFAULT NULL,
  `job_start_count` tinyint(3) unsigned DEFAULT NULL,
  `created_by_user_ID_AJ` int(10) unsigned DEFAULT NULL,
  `date_created_AJ` datetime NOT NULL,
  `modified_by_user_ID_AJ` int(10) unsigned DEFAULT NULL,
  `date_modified_AJ` datetime NOT NULL,
  `date_created` timestamp NOT NULL DEFAULT CURRENT_TIMESTAMP,
  `date_modified` timestamp NOT NULL DEFAULT CURRENT_TIMESTAMP,
  `created_by_user` varchar(256) DEFAULT NULL,
  `modified_by_user` varchar(256) DEFAULT NULL,
  PRIMARY KEY (`aj_ID`),
  UNIQUE KEY `UN_UUID_str` (`UUID_str`) USING BTREE,
  KEY `FK_aj_creator_AJ` (`created_by_user_ID_AJ`),
  KEY `FK_aj_modifier_AJ` (`modified_by_user_ID_AJ`),
  KEY `IDX_source` (`source`) USING BTREE,
  KEY `IDX_job_type` (`job_type`) USING BTREE,
  KEY `IDX_sa_ID` (`BUDGES_SERV_AGY_ID`) USING BTREE,
  KEY `IDX_date_created` (`date_created`) USING BTREE,
  CONSTRAINT `FK_aj_creator_AJ` FOREIGN KEY (`created_by_user_ID_AJ`) REFERENCES `USER` (`BUDGES_USER_ID`),
  CONSTRAINT `FK_aj_modifier_AJ` FOREIGN KEY (`modified_by_user_ID_AJ`) REFERENCES `USER` (`BUDGES_USER_ID`)
) ENGINE=InnoDB DEFAULT CHARSET=utf8;

DELIMITER ;;
CREATE trigger insert_AJ_create_n_mod_data before insert on asynch_job
  for each row begin
    set new.date_created = now();
    set new.created_by_user = user();
    set new.modified_by_user = user();
  end;;
DELIMITER ;

DELIMITER ;;
CREATE trigger update_AJ_mod_data before update on asynch_job
  for each row begin
    set new.modified_by_user = user();
  end;;
DELIMITER ;

CREATE TABLE `budget_file_upload` (
  `bfu_ID` int(10) unsigned NOT NULL AUTO_INCREMENT,
  `bfu_file_name` varchar(100) NOT NULL,
  `bfu_URL` varchar(255) NOT NULL,
  `bfu_type` enum('PRCP','SYS') NOT NULL,
  `bfu_desc` varchar(1000) DEFAULT NULL,
  `created_by_user` varchar(256) DEFAULT NULL,
  `date_created` timestamp NOT NULL DEFAULT CURRENT_TIMESTAMP,
  PRIMARY KEY (`bfu_ID`),
  UNIQUE KEY `UN_bfu_URL` (`bfu_URL`) USING BTREE
) ENGINE=InnoDB DEFAULT CHARSET=utf8;

CREATE TABLE `config` (
  `cf_ID` int(10) unsigned NOT NULL AUTO_INCREMENT,
  `cf_name` varchar(255) NOT NULL,
  `cf_value` text,
  `cf_type` enum('BOOLEAN','STRING','NUM','DATE','HOST','EMAIL','PATH','URL','HTML','JSON','JSONJOB') NOT NULL DEFAULT 'BOOLEAN',
  `cf_desc` varchar(1000) DEFAULT NULL,
  `cf_env` varchar(45) NOT NULL DEFAULT 'default',
  `cf_cycle` varchar(10) NOT NULL DEFAULT 'xxxxx',
  `cf_year` smallint(5) unsigned NOT NULL DEFAULT '0',
  `cf_read_only` tinyint(1) NOT NULL DEFAULT '1',
  `creator_user_ID` int(10) unsigned NOT NULL,
  `modifier_user_ID` int(10) unsigned NOT NULL,
  `created_by_user` varchar(255) DEFAULT NULL,
  `date_created` timestamp NOT NULL DEFAULT CURRENT_TIMESTAMP,
  `modified_by_user` varchar(255) DEFAULT NULL,
  `date_modified` timestamp NOT NULL DEFAULT CURRENT_TIMESTAMP ON UPDATE CURRENT_TIMESTAMP,
  PRIMARY KEY (`cf_ID`) USING BTREE,
  UNIQUE KEY `un_cf_name_env_bdgt_cyc` (`cf_name`,`cf_env`,`cf_cycle`,`cf_year`) USING BTREE,
  KEY `FK_config_creator` (`creator_user_ID`),
  KEY `FK_config_modifier` (`modifier_user_ID`),
  CONSTRAINT `FK_config_creator` FOREIGN KEY (`creator_user_ID`) REFERENCES `USER` (`BUDGES_USER_ID`),
  CONSTRAINT `FK_config_modifier` FOREIGN KEY (`modifier_user_ID`) REFERENCES `USER` (`BUDGES_USER_ID`)
) ENGINE=InnoDB DEFAULT CHARSET=utf8;

DELIMITER ;;
CREATE trigger insert_CFG_create_n_mod_data before insert on config
  for each row begin
    set new.date_created = now();
    set new.created_by_user = user();
    set new.modified_by_user = user();
  end;;
DELIMITER ;

DELIMITER ;;
CREATE trigger update_CFG_mod_data before update on config
  for each row begin
    set new.modified_by_user = user();
  end;;
DELIMITER ;

CREATE TABLE `contract_method_type_fundveh` (
  `cmtf_ID` smallint(5) unsigned NOT NULL AUTO_INCREMENT,
  `pcm_ID` smallint(5) unsigned DEFAULT NULL,
  `pct_ID` smallint(5) unsigned DEFAULT NULL,
  `pfv_id` smallint(5) unsigned DEFAULT NULL,
  `created_by_user` varchar(255) DEFAULT NULL,
  `date_created` timestamp NOT NULL DEFAULT CURRENT_TIMESTAMP,
  `modified_by_user` varchar(255) DEFAULT NULL,
  `date_modified` timestamp NOT NULL DEFAULT CURRENT_TIMESTAMP ON UPDATE CURRENT_TIMESTAMP,
  PRIMARY KEY (`cmtf_ID`) USING BTREE,
  UNIQUE KEY `UN_cmtf_pcm_pct_pfv_IDs` (`pcm_ID`,`pct_ID`,`pfv_id`) USING BTREE,
  KEY `FK_cmtf_pct_ID` (`pct_ID`),
  KEY `FK_cmtf_pfv_ID` (`pfv_id`),
  CONSTRAINT `FK_cmtf_pcm_ID` FOREIGN KEY (`pcm_ID`) REFERENCES `PCCI_CONTRACT_METHOD` (`BUDGES_PCCI_CONTRACT_METHOD_ID`),
  CONSTRAINT `FK_cmtf_pct_ID` FOREIGN KEY (`pct_ID`) REFERENCES `PCCI_CONTRACT_TYPE` (`BUDGES_PCCI_CONTRACT_TYPE_ID`),
  CONSTRAINT `FK_cmtf_pfv_ID` FOREIGN KEY (`pfv_id`) REFERENCES `PCCI_FUND_VEHICLE` (`BUDGES_PCCI_FUND_VEHICLE_ID`)
) ENGINE=InnoDB DEFAULT CHARSET=utf8;

DELIMITER ;;
CREATE trigger insert_CMTF_create_n_mod_data before insert on contract_method_type_fundveh
  for each row begin
    set new.date_created = now();
    set new.created_by_user = user();
    set new.modified_by_user = user();
  end;;
DELIMITER ;

DELIMITER ;;
CREATE trigger update_CMTF_mod_data before update on contract_method_type_fundveh
  for each row begin
    set new.modified_by_user = user();
  end;;
DELIMITER ;

CREATE TABLE `permission` (
  `perm_id` int(10) unsigned NOT NULL AUTO_INCREMENT,
  `perm_name` varchar(32) NOT NULL,
  `perm_desc` varchar(1000) DEFAULT NULL,
  `CREATED_BY_USER` varchar(256) DEFAULT NULL,
  `DATE_CREATED` timestamp NOT NULL DEFAULT '2000-01-01 05:00:00',
  `MODIFIED_BY_USER` varchar(256) DEFAULT NULL,
  `DATE_MODIFIED` timestamp NOT NULL DEFAULT CURRENT_TIMESTAMP ON UPDATE CURRENT_TIMESTAMP,
  PRIMARY KEY (`perm_id`)
) ENGINE=InnoDB DEFAULT CHARSET=utf8;

DELIMITER ;;
CREATE trigger insert_perm_create_n_mod_data before insert on permission
  for each row begin
    set new.date_created = now();
    set new.created_by_user = user();
    set new.modified_by_user = user();
  end;;
DELIMITER ;

DELIMITER ;;
CREATE trigger update_perm_mod_data before update on permission
  for each row begin
    set new.modified_by_user = user();
  end;;
DELIMITER ;

CREATE TABLE `proc_advance_bdgt_just` (
  `abj_ID` int(10) unsigned NOT NULL AUTO_INCREMENT,
  `abj_parent_abj_ID` int(10) unsigned DEFAULT NULL,
  `ar_ID` int(10) unsigned DEFAULT NULL,
  `cec_ID` int(10) unsigned DEFAULT NULL,
  `abj_title` varchar(255) DEFAULT NULL,
  `abj_display_order` smallint(5) unsigned NOT NULL,
  `abj_PLT` smallint(5) unsigned DEFAULT NULL,
  `abj_when_reqd` smallint(5) unsigned DEFAULT NULL,
  `abj_cost_elem_qty_byd_ID` int(10) unsigned NOT NULL,
  `abj_cost_elem_UC_byd_ID` int(10) unsigned NOT NULL,
  `abj_cost_elem_cost_byd_ID` int(10) unsigned NOT NULL,
  `abj_qty_per_assem` smallint(5) unsigned DEFAULT NULL,
  `abj_date_by1_cntrct_forecast` date DEFAULT NULL,
  `abj_date_by1_forecast_var` tinyint(1) NOT NULL DEFAULT '0',
  `abj_date_by2_cntrct_forecast` date DEFAULT NULL,
  `abj_date_by2_forecast_var` tinyint(1) NOT NULL DEFAULT '0',
  `abj_remarks_p2` text,
  `created_by_user` varchar(255) DEFAULT NULL,
  `date_created` timestamp NOT NULL DEFAULT CURRENT_TIMESTAMP,
  `modified_by_user` varchar(255) DEFAULT NULL,
  `date_modified` timestamp NOT NULL DEFAULT CURRENT_TIMESTAMP ON UPDATE CURRENT_TIMESTAMP,
  PRIMARY KEY (`abj_ID`) USING BTREE,
  KEY `FK_abj_ar_ID` (`ar_ID`) USING BTREE,
  KEY `FK_abj_cec_ID` (`cec_ID`),
  KEY `FK_abj_abj_ID` (`abj_parent_abj_ID`) USING BTREE,
  KEY `FK_abj_CE_qty_byd_ID` (`abj_cost_elem_qty_byd_ID`),
  KEY `FK_abj_CE_UC_byd_ID` (`abj_cost_elem_UC_byd_ID`),
  KEY `FK_abj_CE_cost_byd_ID` (`abj_cost_elem_cost_byd_ID`),
  CONSTRAINT `FK_abj_abj_ID` FOREIGN KEY (`abj_parent_abj_ID`) REFERENCES `proc_advance_bdgt_just` (`abj_ID`) ON DELETE CASCADE ON UPDATE CASCADE,
  CONSTRAINT `FK_abj_ar_ID` FOREIGN KEY (`ar_ID`) REFERENCES `proc_advance_rqmt` (`ar_ID`) ON DELETE CASCADE ON UPDATE CASCADE,
  CONSTRAINT `FK_abj_cec_ID` FOREIGN KEY (`cec_ID`) REFERENCES `proc_cost_elem_cat` (`cec_ID`),
  CONSTRAINT `FK_abj_CE_cost_byd_ID` FOREIGN KEY (`abj_cost_elem_cost_byd_ID`) REFERENCES `proc_bdgt_yrs_data` (`byd_ID`),
  CONSTRAINT `FK_abj_CE_qty_byd_ID` FOREIGN KEY (`abj_cost_elem_qty_byd_ID`) REFERENCES `proc_bdgt_yrs_data` (`byd_ID`),
  CONSTRAINT `FK_abj_CE_UC_byd_ID` FOREIGN KEY (`abj_cost_elem_UC_byd_ID`) REFERENCES `proc_bdgt_yrs_data` (`byd_ID`)
) ENGINE=InnoDB DEFAULT CHARSET=utf8 ROW_FORMAT=DYNAMIC;

DELIMITER ;;
CREATE trigger insert_ABJ_create_n_mod_data before insert on proc_advance_bdgt_just
  for each row begin
    set new.date_created = now();
    set new.created_by_user = user();
    set new.modified_by_user = user();
  end;;
DELIMITER ;

DELIMITER ;;
CREATE trigger update_ABJ_mod_data before update on proc_advance_bdgt_just
  for each row begin
    set new.modified_by_user = user();
  end;;
DELIMITER ;

CREATE TABLE `proc_advance_rqmt` (
  `ar_ID` int(10) unsigned NOT NULL AUTO_INCREMENT,
  `lie_ID` int(10) unsigned NOT NULL,
  `ar_item_title` varchar(255) NOT NULL,
  `ar_display_order` smallint(5) unsigned NOT NULL,
  `ar_item_number` varchar(25) DEFAULT NULL,
  `ar_MDAP` varchar(100) DEFAULT NULL,
  `ar_ID_code` enum('A','B') DEFAULT NULL,
  `ar_date_1st_sys_award` date NOT NULL,
  `ar_date_1st_sys_complete` date NOT NULL,
  `ar_sys_interval` int(10) unsigned NOT NULL,
  `ar_end_item_qty_byd_ID` int(10) unsigned NOT NULL,
  `ar_end_item_UC_byd_ID` int(10) unsigned NOT NULL,
  `ar_end_item_cost_byd_ID` int(10) unsigned NOT NULL,
  `ar_date_by1_cntrct_forecast` date DEFAULT NULL,
  `ar_date_by1_forecast_var` tinyint(1) NOT NULL DEFAULT '0',
  `ar_date_by2_cntrct_forecast` date DEFAULT NULL,
  `ar_date_by2_forecast_var` tinyint(1) NOT NULL DEFAULT '0',
  `ar_remarks_p2` mediumtext,
  `created_by_user` varchar(255) DEFAULT NULL,
  `date_created` timestamp NOT NULL DEFAULT CURRENT_TIMESTAMP,
  `modified_by_user` varchar(255) DEFAULT NULL,
  `date_modified` timestamp NOT NULL DEFAULT CURRENT_TIMESTAMP ON UPDATE CURRENT_TIMESTAMP,
  PRIMARY KEY (`ar_ID`) USING BTREE,
  KEY `FK_ar_lie_ID` (`lie_ID`),
  KEY `FK_ar_EI_qty_byd_ID` (`ar_end_item_qty_byd_ID`),
  KEY `FK_ar_EI_UC_byd_ID` (`ar_end_item_UC_byd_ID`),
  KEY `FK_ar_EI_cost_byd_ID` (`ar_end_item_cost_byd_ID`),
  CONSTRAINT `FK_ar_EI_cost_byd_ID` FOREIGN KEY (`ar_end_item_cost_byd_ID`) REFERENCES `proc_bdgt_yrs_data` (`byd_ID`),
  CONSTRAINT `FK_ar_EI_qty_byd_ID` FOREIGN KEY (`ar_end_item_qty_byd_ID`) REFERENCES `proc_bdgt_yrs_data` (`byd_ID`),
  CONSTRAINT `FK_ar_EI_UC_byd_ID` FOREIGN KEY (`ar_end_item_UC_byd_ID`) REFERENCES `proc_bdgt_yrs_data` (`byd_ID`),
  CONSTRAINT `FK_ar_lie_ID` FOREIGN KEY (`lie_ID`) REFERENCES `proc_li_exhibit` (`lie_ID`) ON DELETE CASCADE ON UPDATE CASCADE
) ENGINE=InnoDB DEFAULT CHARSET=utf8;

DELIMITER ;;
CREATE trigger insert_AR_create_n_mod_data before insert on proc_advance_rqmt
  for each row begin
    set new.date_created = now();
    set new.created_by_user = user();
    set new.modified_by_user = user();
  end;;
DELIMITER ;

DELIMITER ;;
CREATE trigger update_AR_mod_data before update on proc_advance_rqmt
  for each row begin
    set new.modified_by_user = user();
  end;;
DELIMITER ;

CREATE TABLE `proc_bdgt_qtrs_data` (
  `bqd_ID` int(10) unsigned NOT NULL AUTO_INCREMENT,
  `bqd_pyrs` mediumint(8) DEFAULT NULL,
  `bqd_pyrs_footnote` text,
  `bqd_py_1` mediumint(8) DEFAULT NULL,
  `bqd_py_1_footnote` text,
  `bqd_py_2` mediumint(8) DEFAULT NULL,
  `bqd_py_2_footnote` text,
  `bqd_py_3` mediumint(8) DEFAULT NULL,
  `bqd_py_3_footnote` text,
  `bqd_py_4` mediumint(8) DEFAULT NULL,
  `bqd_py_4_footnote` text,
  `bqd_cy_1` mediumint(8) DEFAULT NULL,
  `bqd_cy_1_footnote` text,
  `bqd_cy_2` mediumint(8) DEFAULT NULL,
  `bqd_cy_2_footnote` text,
  `bqd_cy_3` mediumint(8) DEFAULT NULL,
  `bqd_cy_3_footnote` text,
  `bqd_cy_4` mediumint(8) DEFAULT NULL,
  `bqd_cy_4_footnote` text,
  `bqd_by1_1` mediumint(8) DEFAULT NULL,
  `bqd_by1_1_footnote` text,
  `bqd_by1_2` mediumint(8) DEFAULT NULL,
  `bqd_by1_2_footnote` text,
  `bqd_by1_3` mediumint(8) DEFAULT NULL,
  `bqd_by1_3_footnote` text,
  `bqd_by1_4` mediumint(8) DEFAULT NULL,
  `bqd_by1_4_footnote` text,
  `bqd_by1_base_1` mediumint(8) DEFAULT NULL,
  `bqd_by1_base_1_footnote` text,
  `bqd_by1_base_2` mediumint(8) DEFAULT NULL,
  `bqd_by1_base_2_footnote` text,
  `bqd_by1_base_3` mediumint(8) DEFAULT NULL,
  `bqd_by1_base_3_footnote` text,
  `bqd_by1_base_4` mediumint(8) DEFAULT NULL,
  `bqd_by1_base_4_footnote` text,
  `bqd_by1_OCO_1` mediumint(8) DEFAULT NULL,
  `bqd_by1_OCO_1_footnote` text,
  `bqd_by1_OCO_2` mediumint(8) DEFAULT NULL,
  `bqd_by1_OCO_2_footnote` text,
  `bqd_by1_OCO_3` mediumint(8) DEFAULT NULL,
  `bqd_by1_OCO_3_footnote` text,
  `bqd_by1_OCO_4` mediumint(8) DEFAULT NULL,
  `bqd_by1_OCO_4_footnote` text,
  `bqd_by2_1` mediumint(8) DEFAULT NULL,
  `bqd_by2_1_footnote` text,
  `bqd_by2_2` mediumint(8) DEFAULT NULL,
  `bqd_by2_2_footnote` text,
  `bqd_by2_3` mediumint(8) DEFAULT NULL,
  `bqd_by2_3_footnote` text,
  `bqd_by2_4` mediumint(8) DEFAULT NULL,
  `bqd_by2_4_footnote` text,
  `bqd_by3_1` mediumint(8) DEFAULT NULL,
  `bqd_by3_1_footnote` text,
  `bqd_by3_2` mediumint(8) DEFAULT NULL,
  `bqd_by3_2_footnote` text,
  `bqd_by3_3` mediumint(8) DEFAULT NULL,
  `bqd_by3_3_footnote` text,
  `bqd_by3_4` mediumint(8) DEFAULT NULL,
  `bqd_by3_4_footnote` text,
  `bqd_by4_1` mediumint(8) DEFAULT NULL,
  `bqd_by4_1_footnote` text,
  `bqd_by4_2` mediumint(8) DEFAULT NULL,
  `bqd_by4_2_footnote` text,
  `bqd_by4_3` mediumint(8) DEFAULT NULL,
  `bqd_by4_3_footnote` text,
  `bqd_by4_4` mediumint(8) DEFAULT NULL,
  `bqd_by4_4_footnote` text,
  `bqd_by5_1` mediumint(8) DEFAULT NULL,
  `bqd_by5_1_footnote` text,
  `bqd_by5_2` mediumint(8) DEFAULT NULL,
  `bqd_by5_2_footnote` text,
  `bqd_by5_3` mediumint(8) DEFAULT NULL,
  `bqd_by5_3_footnote` text,
  `bqd_by5_4` mediumint(8) DEFAULT NULL,
  `bqd_by5_4_footnote` text,
  `bqd_continuing` tinyint(1) DEFAULT NULL,
  `bqd_continuing_footnote` text,
  `bqd_to_complete` mediumint(8) DEFAULT NULL,
  `bqd_to_complete_footnote` text,
  `bqd_total` mediumint(8) DEFAULT NULL,
  `bqd_total_footnote` text,
  `created_by_user` varchar(255) DEFAULT NULL,
  `date_created` timestamp NOT NULL DEFAULT CURRENT_TIMESTAMP,
  `modified_by_user` varchar(255) DEFAULT NULL,
  `date_modified` timestamp NOT NULL DEFAULT CURRENT_TIMESTAMP ON UPDATE CURRENT_TIMESTAMP,
  PRIMARY KEY (`bqd_ID`) USING BTREE
) ENGINE=InnoDB DEFAULT CHARSET=utf8;

DELIMITER ;;
CREATE trigger insert_BQD_create_n_mod_data before insert on proc_bdgt_qtrs_data
  for each row begin
    set new.date_created = now();
    set new.created_by_user = user();

    set new.modified_by_user = user();
  end;;
DELIMITER ;

DELIMITER ;;
CREATE trigger update_BQD_mod_data before update on proc_bdgt_qtrs_data
  for each row begin
    set new.modified_by_user = user();
  end;;
DELIMITER ;

CREATE TABLE `proc_bdgt_yrs_data` (
  `byd_ID` int(10) unsigned NOT NULL AUTO_INCREMENT,
  `li_ID` int(10) unsigned NOT NULL COMMENT 'No constraint - Required to resolve data mgmt issues',
  `byd_type` enum('Q','C','U') NOT NULL DEFAULT 'C' COMMENT 'Q=quantity; C=total cost; U=unit cost',
  `byd_parent_tab` enum('ce','rse','cs','rpe','mi','miic','ar','abj','spc','spei','spr','ifp','ifpf','ldp') NOT NULL COMMENT 'Table name abbreviations',
  `byd_pyrs` decimal(13,3) DEFAULT NULL,
  `byd_pyrs_footnote` text,
  `byd_py` decimal(13,3) DEFAULT NULL,
  `byd_py_footnote` text,
  `byd_cy` decimal(13,3) DEFAULT NULL,
  `byd_cy_footnote` text,
  `byd_by1` decimal(13,3) DEFAULT NULL,
  `byd_by1_footnote` text,
  `byd_by1_base` decimal(13,3) DEFAULT NULL,
  `byd_by1_base_footnote` text,
  `byd_by1_OCO` decimal(13,3) DEFAULT NULL,
  `byd_by1_OCO_footnote` text,
  `byd_by2` decimal(13,3) DEFAULT NULL,
  `byd_by2_footnote` text,
  `byd_by3` decimal(13,3) DEFAULT NULL,
  `byd_by3_footnote` text,
  `byd_by4` decimal(13,3) DEFAULT NULL,
  `byd_by4_footnote` text,
  `byd_by5` decimal(13,3) DEFAULT NULL,
  `byd_by5_footnote` text,
  `byd_by6` decimal(13,3) DEFAULT NULL,
  `byd_by6_footnote` text,
  `byd_by7` decimal(13,3) DEFAULT NULL,
  `byd_by7_footnote` text,
  `byd_by8` decimal(13,3) DEFAULT NULL,
  `byd_by8_footnote` text,
  `byd_by9` decimal(13,3) DEFAULT NULL,
  `byd_by9_footnote` text,
  `byd_by10` decimal(13,3) DEFAULT NULL,
  `byd_by10_footnote` text,
  `byd_by11` decimal(13,3) DEFAULT NULL,
  `byd_by11_footnote` text,
  `byd_by12` decimal(13,3) DEFAULT NULL,
  `byd_by12_footnote` text,
  `byd_by13` decimal(13,3) DEFAULT NULL,
  `byd_by13_footnote` text,
  `byd_by14` decimal(13,3) DEFAULT NULL,
  `byd_by14_footnote` text,
  `byd_by15` decimal(13,3) DEFAULT NULL,
  `byd_by15_footnote` text,
  `byd_by16` decimal(13,3) DEFAULT NULL,
  `byd_by16_footnote` text,
  `byd_by17` decimal(13,3) DEFAULT NULL,
  `byd_by17_footnote` text,
  `byd_by18` decimal(13,3) DEFAULT NULL,
  `byd_by18_footnote` text,
  `byd_by19` decimal(13,3) DEFAULT NULL,
  `byd_by19_footnote` text,
  `byd_by20` decimal(13,3) DEFAULT NULL,
  `byd_by20_footnote` text,
  `byd_by21` decimal(13,3) DEFAULT NULL,
  `byd_by21_footnote` text,
  `byd_by22` decimal(13,3) DEFAULT NULL,
  `byd_by22_footnote` text,
  `byd_by23` decimal(13,3) DEFAULT NULL,
  `byd_by23_footnote` text,
  `byd_by24` decimal(13,3) DEFAULT NULL,
  `byd_by24_footnote` text,
  `byd_by25` decimal(13,3) DEFAULT NULL,
  `byd_by25_footnote` text,
  `byd_by26` decimal(13,3) DEFAULT NULL,
  `byd_by26_footnote` text,
  `byd_by27` decimal(13,3) DEFAULT NULL,
  `byd_by27_footnote` text,
  `byd_by28` decimal(13,3) DEFAULT NULL,
  `byd_by28_footnote` text,
  `byd_by29` decimal(13,3) DEFAULT NULL,
  `byd_by29_footnote` text,
  `byd_by30` decimal(13,3) DEFAULT NULL,
  `byd_by30_footnote` text,
  `byd_continuing` tinyint(1) DEFAULT NULL,
  `byd_continuing_footnote` text,
  `byd_to_complete` decimal(13,3) DEFAULT NULL,
  `byd_to_complete_footnote` text,
  `byd_total_cost` decimal(13,3) DEFAULT NULL,
  `byd_total_cost_footnote` text,
  `created_by_user` varchar(255) DEFAULT NULL,
  `date_created` timestamp NOT NULL DEFAULT CURRENT_TIMESTAMP,
  `modified_by_user` varchar(255) DEFAULT NULL,
  `date_modified` timestamp NOT NULL DEFAULT CURRENT_TIMESTAMP ON UPDATE CURRENT_TIMESTAMP,
  PRIMARY KEY (`byd_ID`) USING BTREE,
  KEY `FK_byd_li_ID` (`li_ID`)
) ENGINE=InnoDB DEFAULT CHARSET=utf8;

DELIMITER ;;
CREATE trigger insert_BYD_create_n_mod_data before insert ON `proc_bdgt_yrs_data` for each row begin
     set new.date_created = now();
     set new.created_by_user = user();
     set new.date_modified = now();
     set new.modified_by_user = user();
   end;;
DELIMITER ;

DELIMITER ;;
CREATE trigger update_BYD_mod_data before update ON `proc_bdgt_yrs_data` for each row begin
     set new.modified_by_user = user();
   end;;
DELIMITER ;

CREATE TABLE `proc_budget_activity` (
  `ba_ID` int(10) unsigned NOT NULL AUTO_INCREMENT,
  `aa_ID` int(10) unsigned NOT NULL,
  `ba_num` tinyint(3) unsigned NOT NULL,
  `ba_title` varchar(255) NOT NULL,
  `ba_status_flag` enum('A','I') NOT NULL DEFAULT 'A',
  `ba_RDTE_flag` tinyint(1) NOT NULL DEFAULT '0',
  `ba_PROC_flag` tinyint(1) NOT NULL DEFAULT '0',
  `created_by_user` varchar(255) DEFAULT NULL,
  `date_created` timestamp NOT NULL DEFAULT CURRENT_TIMESTAMP,
  `modified_by_user` varchar(255) DEFAULT NULL,
  `date_modified` timestamp NOT NULL DEFAULT CURRENT_TIMESTAMP ON UPDATE CURRENT_TIMESTAMP,
  PRIMARY KEY (`ba_ID`),
  UNIQUE KEY `UN_ba_appn_ba_num` (`aa_ID`,`ba_num`,`ba_status_flag`) USING BTREE,
  CONSTRAINT `FK_ba_aa_ID` FOREIGN KEY (`aa_ID`) REFERENCES `APPROP_ACCOUNT` (`BUDGES_APPROP_ACCT_ID`)
) ENGINE=InnoDB DEFAULT CHARSET=utf8;

DELIMITER ;;
CREATE trigger insert_PBA_create_n_mod_data before insert on proc_budget_activity
  for each row begin
    set new.date_created = now();
    set new.created_by_user = user();
    set new.modified_by_user = user();
  end;;
DELIMITER ;

DELIMITER ;;
CREATE trigger update_PBA_mod_data before update on proc_budget_activity
  for each row begin
    set new.modified_by_user = user();
  end;;
DELIMITER ;

CREATE TABLE `proc_budget_sub_activity` (
  `bsa_ID` int(10) unsigned NOT NULL AUTO_INCREMENT,
  `ba_ID` int(10) unsigned NOT NULL,
  `bsa_num` smallint(4) unsigned NOT NULL,
  `bsa_title` varchar(255) DEFAULT NULL,
  `bsa_status_flag` enum('A','I') NOT NULL DEFAULT 'A',
  `created_by_user` varchar(255) DEFAULT NULL,
  `date_created` timestamp NOT NULL DEFAULT CURRENT_TIMESTAMP,
  `modified_by_user` varchar(255) DEFAULT NULL,
  `date_modified` timestamp NOT NULL DEFAULT CURRENT_TIMESTAMP ON UPDATE CURRENT_TIMESTAMP,
  PRIMARY KEY (`bsa_ID`),
  UNIQUE KEY `UN_bsa_ba_ID_bsa_num` (`ba_ID`,`bsa_num`,`bsa_status_flag`) USING BTREE,
  CONSTRAINT `FK_bsa_ba_ID` FOREIGN KEY (`ba_ID`) REFERENCES `proc_budget_activity` (`ba_ID`) ON DELETE CASCADE ON UPDATE CASCADE
) ENGINE=InnoDB DEFAULT CHARSET=utf8;

DELIMITER ;;
CREATE trigger insert_PBSA_create_n_mod_data before insert on proc_budget_sub_activity
  for each row begin
    set new.date_created = now();
    set new.created_by_user = user();
    set new.modified_by_user = user();
  end;;
DELIMITER ;

DELIMITER ;;
CREATE trigger update_PBSA_mod_data before update on proc_budget_sub_activity
  for each row begin
    set new.modified_by_user = user();
  end;;
DELIMITER ;

CREATE TABLE `proc_class` (
  `pc_ID` int(10) unsigned NOT NULL AUTO_INCREMENT,
  `pc_title` varchar(75) NOT NULL,
  `pc_desc` varchar(1000) DEFAULT NULL,
  `created_by_user` varchar(255) DEFAULT NULL,
  `date_created` timestamp NOT NULL DEFAULT CURRENT_TIMESTAMP,
  `modified_by_user` varchar(255) DEFAULT NULL,
  `date_modified` timestamp NOT NULL DEFAULT CURRENT_TIMESTAMP ON UPDATE CURRENT_TIMESTAMP,
  PRIMARY KEY (`pc_ID`),
  UNIQUE KEY `UN_pc_title` (`pc_title`)
) ENGINE=InnoDB DEFAULT CHARSET=utf8;

DELIMITER ;;
CREATE trigger insert_PC_create_n_mod_data before insert on proc_class
  for each row begin
    set new.date_created = now();
    set new.created_by_user = user();
    set new.modified_by_user = user();
  end;;
DELIMITER ;

DELIMITER ;;
CREATE trigger update_PC_mod_data before update on proc_class
  for each row begin
    set new.modified_by_user = user();
  end;;
DELIMITER ;

CREATE TABLE `proc_class_item_exhibit` (
  `cie_ID` int(10) unsigned NOT NULL AUTO_INCREMENT,
  `vc_ID` int(10) unsigned NOT NULL,
  `ie_ID` int(10) unsigned NOT NULL,
  `cie_status_flag` enum('A','I') NOT NULL DEFAULT 'A',
  `created_by_user` varchar(255) DEFAULT NULL,
  `date_created` timestamp NOT NULL DEFAULT CURRENT_TIMESTAMP,
  `modified_by_user` varchar(255) DEFAULT NULL,
  `date_modified` timestamp NOT NULL DEFAULT CURRENT_TIMESTAMP ON UPDATE CURRENT_TIMESTAMP,
  PRIMARY KEY (`cie_ID`) USING BTREE,
  UNIQUE KEY `UN_cie_vc_ie_ID` (`vc_ID`,`ie_ID`) USING BTREE,
  KEY `FK_cie_ie_ID` (`ie_ID`),
  CONSTRAINT `FK_cie_ie_ID` FOREIGN KEY (`ie_ID`) REFERENCES `proc_item_exhibit` (`ie_ID`),
  CONSTRAINT `FK_cie_vc_ID` FOREIGN KEY (`vc_ID`) REFERENCES `ValidationClass` (`Id`)
) ENGINE=InnoDB DEFAULT CHARSET=utf8;

DELIMITER ;;
CREATE trigger insert_PCE_create_n_mod_data before insert ON `proc_class_item_exhibit` for each row begin
    set new.date_created = now();
    set new.created_by_user = user();
    set new.modified_by_user = user();
  end;;
DELIMITER ;

DELIMITER ;;
CREATE trigger update_PCE_mod_data before update ON `proc_class_item_exhibit` for each row begin
    set new.modified_by_user = user();
  end;;
DELIMITER ;

CREATE TABLE `proc_compo_split` (
  `cs_ID` int(10) unsigned NOT NULL AUTO_INCREMENT,
  `li_ID` int(10) unsigned DEFAULT NULL,
  `pi_ID` int(10) unsigned DEFAULT NULL,
  `mg_ID` int(10) unsigned DEFAULT NULL,
  `mi_ID` int(10) unsigned DEFAULT NULL,
  `miic_ID` int(10) unsigned DEFAULT NULL,
  `sa_ID` int(10) unsigned DEFAULT NULL,
  `cs_sa_name_footnote` text,
  `sc_ID` int(10) unsigned DEFAULT NULL,
  `cs_footnote` text,
  `cs_sa_suffix` varchar(100) DEFAULT NULL,
  `cs_sa_suffix_footnote` text,
  `cs_qty_byd_ID` int(10) unsigned DEFAULT NULL,
  `cs_total_byd_ID` int(10) unsigned DEFAULT NULL,
  `cs_display_order` smallint(5) unsigned DEFAULT NULL,
  `created_by_user` varchar(255) DEFAULT NULL,
  `date_created` timestamp NOT NULL DEFAULT CURRENT_TIMESTAMP,
  `modified_by_user` varchar(255) DEFAULT NULL,
  `date_modified` timestamp NOT NULL DEFAULT CURRENT_TIMESTAMP ON UPDATE CURRENT_TIMESTAMP,
  PRIMARY KEY (`cs_ID`) USING BTREE,
  KEY `FK_cs_sc_ID` (`sc_ID`) USING BTREE,
  KEY `FK_cs_li_ID` (`li_ID`),
  KEY `FK_cs_pi_ID` (`pi_ID`),
  KEY `FK_cs_qty_byd_ID` (`cs_qty_byd_ID`),
  KEY `FK_cs_tot_byd_ID` (`cs_total_byd_ID`),
  KEY `FK_cs_mg_ID` (`mg_ID`),
  KEY `FK_cs_mi_ID` (`mi_ID`),
  KEY `FK_cs_miic_ID` (`miic_ID`),
  KEY `FK_cs_sa_ID` (`sa_ID`),
  CONSTRAINT `FK_cs_li_ID` FOREIGN KEY (`li_ID`) REFERENCES `proc_line_item` (`li_ID`) ON DELETE CASCADE ON UPDATE CASCADE,
  CONSTRAINT `FK_cs_mg_ID` FOREIGN KEY (`mg_ID`) REFERENCES `proc_mod_grp` (`mg_ID`) ON DELETE CASCADE ON UPDATE CASCADE,
  CONSTRAINT `FK_cs_miic_ID` FOREIGN KEY (`miic_ID`) REFERENCES `proc_mod_item_install_cost` (`miic_ID`) ON DELETE CASCADE ON UPDATE CASCADE,
  CONSTRAINT `FK_cs_mi_ID` FOREIGN KEY (`mi_ID`) REFERENCES `proc_mod_item` (`mi_ID`) ON DELETE CASCADE ON UPDATE CASCADE,
  CONSTRAINT `FK_cs_pi_ID` FOREIGN KEY (`pi_ID`) REFERENCES `proc_item` (`pi_ID`) ON DELETE CASCADE ON UPDATE CASCADE,
  CONSTRAINT `FK_cs_qty_byd_ID` FOREIGN KEY (`cs_qty_byd_ID`) REFERENCES `proc_bdgt_yrs_data` (`byd_ID`),
  CONSTRAINT `FK_cs_sa_ID` FOREIGN KEY (`sa_ID`) REFERENCES `SERVICE_AGENCY` (`BUDGES_SERV_AGY_ID`),
  CONSTRAINT `FK_cs_sc_ID` FOREIGN KEY (`sc_ID`) REFERENCES `proc_service_component` (`sc_ID`),
  CONSTRAINT `FK_cs_tot_byd_ID` FOREIGN KEY (`cs_total_byd_ID`) REFERENCES `proc_bdgt_yrs_data` (`byd_ID`)
) ENGINE=InnoDB DEFAULT CHARSET=utf8;

DELIMITER ;;
CREATE trigger insert_CS_create_n_mod_data before insert on proc_compo_split
   for each row begin
     set new.date_created = now();
     set new.created_by_user = user();
     set new.date_modified = now();
     set new.modified_by_user = user();
   end;;
DELIMITER ;

DELIMITER ;;
CREATE trigger update_CS_mod_data before update on proc_compo_split
   for each row begin
     set new.modified_by_user = user();
   end;;
DELIMITER ;

CREATE TABLE `proc_cost_elem_cat` (
  `cec_ID` int(10) unsigned NOT NULL AUTO_INCREMENT,
  `cec_title` varchar(255) NOT NULL,
  `cec_desc` varchar(1000) DEFAULT NULL,
  `cec_status_flag` enum('A','I') NOT NULL DEFAULT 'A',
  `created_by_user` varchar(255) DEFAULT NULL,
  `date_created` timestamp NOT NULL DEFAULT CURRENT_TIMESTAMP,
  `modified_by_user` varchar(255) DEFAULT NULL,
  `date_modified` timestamp NOT NULL DEFAULT CURRENT_TIMESTAMP ON UPDATE CURRENT_TIMESTAMP,
  PRIMARY KEY (`cec_ID`) USING BTREE,
  UNIQUE KEY `UN_cec_title` (`cec_title`) USING BTREE
) ENGINE=InnoDB DEFAULT CHARSET=utf8;

DELIMITER ;;
CREATE trigger insert_CEC_create_n_mod_data before insert on proc_cost_elem_cat
    for each row begin
      set new.date_created = now();
      set new.created_by_user = user();
      set new.modified_by_user = user();
    end;;
DELIMITER ;

DELIMITER ;;
CREATE trigger update_CEC_mod_data before update on proc_cost_elem_cat
     for each row begin
     set new.modified_by_user = user();
   end;;
DELIMITER ;

CREATE TABLE `proc_cost_elem_cat_exhibit` (
  `cece_ID` int(10) unsigned NOT NULL AUTO_INCREMENT,
  `cec_ID_level1` int(10) unsigned NOT NULL,
  `cec_ID_level2` int(10) unsigned DEFAULT NULL,
  `cec_ID_level3` int(10) unsigned DEFAULT NULL,
  `cec_ID_level4` int(10) unsigned DEFAULT NULL,
  `cec_ID_level5` int(10) unsigned DEFAULT NULL,
  `cece_display_order` smallint(5) unsigned NOT NULL,
  `ie_ID` int(10) unsigned NOT NULL,
  `cece_section_num` tinyint(3) unsigned NOT NULL DEFAULT '1',
  `created_by_user` varchar(255) DEFAULT NULL,
  `date_created` timestamp NOT NULL DEFAULT CURRENT_TIMESTAMP,
  `modified_by_user` varchar(255) DEFAULT NULL,
  `date_modified` timestamp NOT NULL DEFAULT CURRENT_TIMESTAMP ON UPDATE CURRENT_TIMESTAMP,
  PRIMARY KEY (`cece_ID`) USING BTREE,
  KEY `FK_cece_ie_ID` (`ie_ID`),
  KEY `FK_cece_cec_ID1` (`cec_ID_level1`),
  KEY `FK_cece_cec_ID2` (`cec_ID_level2`),
  KEY `FK_cece_cec_ID3` (`cec_ID_level3`),
  KEY `FK_cece_cec_ID4` (`cec_ID_level4`),
  KEY `FK_cece_cec_ID5` (`cec_ID_level5`),
  CONSTRAINT `FK_cece_cec_ID1` FOREIGN KEY (`cec_ID_level1`) REFERENCES `proc_cost_elem_cat` (`cec_ID`),
  CONSTRAINT `FK_cece_cec_ID2` FOREIGN KEY (`cec_ID_level2`) REFERENCES `proc_cost_elem_cat` (`cec_ID`),
  CONSTRAINT `FK_cece_cec_ID3` FOREIGN KEY (`cec_ID_level3`) REFERENCES `proc_cost_elem_cat` (`cec_ID`),
  CONSTRAINT `FK_cece_cec_ID4` FOREIGN KEY (`cec_ID_level4`) REFERENCES `proc_cost_elem_cat` (`cec_ID`),
  CONSTRAINT `FK_cece_cec_ID5` FOREIGN KEY (`cec_ID_level5`) REFERENCES `proc_cost_elem_cat` (`cec_ID`),
  CONSTRAINT `FK_cece_ie_ID` FOREIGN KEY (`ie_ID`) REFERENCES `proc_item_exhibit` (`ie_ID`)
) ENGINE=InnoDB DEFAULT CHARSET=utf8;

DELIMITER ;;
CREATE trigger insert_CECE_create_n_mod_data before insert on proc_cost_elem_cat_exhibit
   for each row begin
     set new.date_created = now();
     set new.created_by_user = user();
     set new.date_modified = now();
     set new.modified_by_user = user();
   end;;
DELIMITER ;

DELIMITER ;;
CREATE trigger update_CECE_mod_data before update on proc_cost_elem_cat_exhibit
   for each row begin
     set new.modified_by_user = user();
   end;;
DELIMITER ;

CREATE TABLE `proc_cost_element` (
  `ce_ID` int(10) unsigned NOT NULL AUTO_INCREMENT,
  `ce_parent_ce_ID` int(10) unsigned DEFAULT NULL,
  `pi_ID` int(10) unsigned DEFAULT NULL,
  `mg_ID` int(10) unsigned DEFAULT NULL,
  `mi_ID` int(10) unsigned DEFAULT NULL,
  `rs_ID` int(10) unsigned DEFAULT NULL,
  `rqs_ID` int(10) unsigned DEFAULT NULL,
  `ce_cost_elem_title` varchar(255) DEFAULT NULL,
  `cec_ID` int(10) unsigned DEFAULT NULL,
  `ce_cat_suppl_name` varchar(50) DEFAULT NULL,
  `ce_display_order` smallint(5) unsigned NOT NULL,
  `ce_all_pys_deliv` int(10) unsigned DEFAULT NULL,
  `ce_all_pys_deliv_footnote` text,
  `ce_qty_byd_ID` int(10) unsigned DEFAULT NULL,
  `ce_unit_cost_byd_ID` int(10) unsigned DEFAULT NULL,
  `ce_total_byd_ID` int(10) unsigned DEFAULT NULL,
  `ce_bqd_ID` int(10) unsigned DEFAULT NULL,
  `ce_contracted` tinyint(1) NOT NULL DEFAULT '0',
  `ce_ID_code` enum('A','B') DEFAULT NULL,
  `ce_cost_code_NMC` varchar(10) DEFAULT NULL,
  `ce_remarks` text,
  `created_by_user` varchar(255) DEFAULT NULL,
  `date_created` timestamp NOT NULL DEFAULT CURRENT_TIMESTAMP,
  `modified_by_user` varchar(255) DEFAULT NULL,
  `date_modified` timestamp NOT NULL DEFAULT CURRENT_TIMESTAMP ON UPDATE CURRENT_TIMESTAMP,
  PRIMARY KEY (`ce_ID`),
  KEY `FK_ce_ce_ID` (`ce_parent_ce_ID`),
  KEY `FK_ce_pi_ID` (`pi_ID`),
  KEY `FK_ce_UC_byd_ID` (`ce_unit_cost_byd_ID`),
  KEY `FK_ce_mg_ID` (`mg_ID`),
  KEY `FK_ce_mi_ID` (`mi_ID`),
  KEY `FK_ce_rqs_ID` (`rqs_ID`),
  KEY `FK_ce_qty_byd_ID` (`ce_qty_byd_ID`),
  KEY `FK_ce_rs_ID` (`rs_ID`),
  KEY `FK_ce_tot_byd_ID` (`ce_total_byd_ID`),
  KEY `FK_ce_bqd_ID` (`ce_bqd_ID`),
  KEY `FK_ce_cec_ID` (`cec_ID`) USING BTREE,
  CONSTRAINT `FK_ce_bqd_ID` FOREIGN KEY (`ce_bqd_ID`) REFERENCES `proc_bdgt_qtrs_data` (`bqd_ID`),
  CONSTRAINT `FK_ce_cec_ID` FOREIGN KEY (`cec_ID`) REFERENCES `proc_cost_elem_cat` (`cec_ID`),
  CONSTRAINT `FK_ce_ce_ID` FOREIGN KEY (`ce_parent_ce_ID`) REFERENCES `proc_cost_element` (`ce_ID`) ON DELETE CASCADE ON UPDATE CASCADE,
  CONSTRAINT `FK_ce_mg_ID` FOREIGN KEY (`mg_ID`) REFERENCES `proc_mod_grp` (`mg_ID`) ON DELETE CASCADE ON UPDATE CASCADE,
  CONSTRAINT `FK_ce_mi_ID` FOREIGN KEY (`mi_ID`) REFERENCES `proc_mod_item` (`mi_ID`) ON DELETE CASCADE ON UPDATE CASCADE,
  CONSTRAINT `FK_ce_pi_ID` FOREIGN KEY (`pi_ID`) REFERENCES `proc_item` (`pi_ID`) ON DELETE CASCADE ON UPDATE CASCADE,
  CONSTRAINT `FK_ce_qty_byd_ID` FOREIGN KEY (`ce_qty_byd_ID`) REFERENCES `proc_bdgt_yrs_data` (`byd_ID`),
  CONSTRAINT `FK_ce_rqs_ID` FOREIGN KEY (`rqs_ID`) REFERENCES `proc_rqmts_study` (`rqs_ID`) ON DELETE CASCADE ON UPDATE CASCADE,
  CONSTRAINT `FK_ce_rs_ID` FOREIGN KEY (`rs_ID`) REFERENCES `proc_rqmts_sched` (`rs_ID`) ON DELETE CASCADE ON UPDATE CASCADE,
  CONSTRAINT `FK_ce_tot_byd_ID` FOREIGN KEY (`ce_total_byd_ID`) REFERENCES `proc_bdgt_yrs_data` (`byd_ID`),
  CONSTRAINT `FK_ce_UC_byd_ID` FOREIGN KEY (`ce_unit_cost_byd_ID`) REFERENCES `proc_bdgt_yrs_data` (`byd_ID`)
) ENGINE=InnoDB DEFAULT CHARSET=utf8;

DELIMITER ;;
CREATE trigger insert_CE_create_n_mod_data before insert on proc_cost_element
  for each row begin
    set new.date_created = now();
    set new.created_by_user = user();
    set new.modified_by_user = user();
  end;;
DELIMITER ;

DELIMITER ;;
CREATE trigger update_CE_mod_data before update on proc_cost_element
  for each row begin
    set new.modified_by_user = user();
  end;;
DELIMITER ;

CREATE TABLE `proc_deliv_sched_monthly_prod` (
  `dsmp_ID` int(10) unsigned NOT NULL AUTO_INCREMENT,
  `ds_ID` int(10) unsigned NOT NULL,
  `dsmp_date` date NOT NULL,
  `dsmp_date_footnote` text,
  `dsmp_qty` int(10) unsigned DEFAULT NULL,
  `dsmp_qty_footnote` text,
  `created_by_user` varchar(255) DEFAULT NULL,
  `date_created` timestamp NOT NULL DEFAULT CURRENT_TIMESTAMP,
  `modified_by_user` varchar(255) DEFAULT NULL,
  `date_modified` timestamp NOT NULL DEFAULT CURRENT_TIMESTAMP ON UPDATE CURRENT_TIMESTAMP,
  PRIMARY KEY (`dsmp_ID`),
  KEY `FK_dsmp_ds_ID` (`ds_ID`),
  CONSTRAINT `FK_dsmp_ds_ID` FOREIGN KEY (`ds_ID`) REFERENCES `proc_delivery_schedule` (`ds_ID`) ON DELETE CASCADE ON UPDATE CASCADE
) ENGINE=InnoDB DEFAULT CHARSET=utf8;

DELIMITER ;;
CREATE trigger insert_DSMP_create_n_mod_data before insert on proc_deliv_sched_monthly_prod
  for each row begin
    set new.date_created = now();
    set new.created_by_user = user();
    set new.modified_by_user = user();
  end;;
DELIMITER ;

DELIMITER ;;
CREATE trigger update_DSMP_mod_data before update on proc_deliv_sched_monthly_prod
  for each row begin
    set new.modified_by_user = user();
  end;;
DELIMITER ;

CREATE TABLE `proc_delivery_schedule` (
  `ds_ID` int(10) unsigned NOT NULL AUTO_INCREMENT,
  `hp_ID` int(10) unsigned DEFAULT NULL,
  `ds_parent_ds_ID` int(10) unsigned DEFAULT NULL,
  `sa_ID` int(10) unsigned DEFAULT NULL,
  `sc_ID` int(10) unsigned DEFAULT NULL,
  `ds_sa_suffix` varchar(100) DEFAULT NULL,
  `ds_sa_suffix_footnote` text,
  `ds_display_order` smallint(5) unsigned NOT NULL,
  `ds_proc_qty` int(10) unsigned DEFAULT '0',
  `ds_proc_qty_footnote` text,
  `ds_qty_del` int(10) unsigned DEFAULT NULL,
  `ds_qty_del_footnote` text,
  `ds_remarks` text,
  `created_by_user` varchar(255) DEFAULT NULL,
  `date_created` timestamp NOT NULL DEFAULT CURRENT_TIMESTAMP,
  `modified_by_user` varchar(255) DEFAULT NULL,
  `date_modified` timestamp NOT NULL DEFAULT CURRENT_TIMESTAMP ON UPDATE CURRENT_TIMESTAMP,
  PRIMARY KEY (`ds_ID`),
  KEY `FK_ds_ds_ID` (`ds_parent_ds_ID`),
  KEY `FK_ds_sc_ID` (`sc_ID`),
  KEY `FK_ds_hp_ID` (`hp_ID`),
  KEY `FK_ds_sa_ID` (`sa_ID`),
  CONSTRAINT `FK_ds_ds_ID` FOREIGN KEY (`ds_parent_ds_ID`) REFERENCES `proc_delivery_schedule` (`ds_ID`) ON DELETE CASCADE ON UPDATE CASCADE,
  CONSTRAINT `FK_ds_hp_ID` FOREIGN KEY (`hp_ID`) REFERENCES `proc_history_and_planning` (`hp_ID`) ON DELETE CASCADE ON UPDATE CASCADE,
  CONSTRAINT `FK_ds_sa_ID` FOREIGN KEY (`sa_ID`) REFERENCES `SERVICE_AGENCY` (`BUDGES_SERV_AGY_ID`),
  CONSTRAINT `FK_ds_sc_ID` FOREIGN KEY (`sc_ID`) REFERENCES `proc_service_component` (`sc_ID`)
) ENGINE=InnoDB DEFAULT CHARSET=utf8;

DELIMITER ;;
CREATE trigger insert_DS_create_n_mod_data before insert on proc_delivery_schedule
  for each row begin
    set new.date_created = now();
    set new.created_by_user = user();
    set new.modified_by_user = user();
  end;;
DELIMITER ;

DELIMITER ;;
CREATE trigger update_DS_mod_data before update on proc_delivery_schedule
  for each row begin
    set new.modified_by_user = user();
  end;;
DELIMITER ;

CREATE TABLE `proc_facility` (
  `pf_ID` int(10) unsigned NOT NULL AUTO_INCREMENT,
  `lie_ID` int(10) unsigned NOT NULL,
  `pf_facility_name` varchar(255) NOT NULL,
  `pf_facility_loc` varchar(255) NOT NULL,
  `pf_facility_type` enum('GOGO','GOCO','COCO') NOT NULL,
  `created_by_user` varchar(255) DEFAULT NULL,
  `date_created` timestamp NOT NULL DEFAULT CURRENT_TIMESTAMP,
  `modified_by_user` varchar(255) DEFAULT NULL,
  `date_modified` timestamp NOT NULL DEFAULT CURRENT_TIMESTAMP ON UPDATE CURRENT_TIMESTAMP,
  PRIMARY KEY (`pf_ID`),
  KEY `FK_pf_lie_ID` (`lie_ID`) USING BTREE,
  CONSTRAINT `FK_pf_lie_ID` FOREIGN KEY (`lie_ID`) REFERENCES `proc_li_exhibit` (`lie_ID`) ON DELETE CASCADE ON UPDATE CASCADE
) ENGINE=InnoDB DEFAULT CHARSET=utf8;

DELIMITER ;;
CREATE trigger insert_PF_create_n_mod_data before insert on proc_facility
  for each row begin
    set new.date_created = now();
    set new.created_by_user = user();
    set new.modified_by_user = user();
  end;;
DELIMITER ;

DELIMITER ;;
CREATE trigger update_PF_mod_data before update on proc_facility
  for each row begin
    set new.modified_by_user = user();
  end;;
DELIMITER ;

CREATE TABLE `proc_history_and_planning` (
  `hp_ID` int(10) unsigned NOT NULL AUTO_INCREMENT,
  `cem_ID` int(10) unsigned NOT NULL,
  `hp_suffix` varchar(25) DEFAULT NULL,
  `hp_suffix_footnote` text,
  `hp_fy` int(10) unsigned NOT NULL,
  `hp_fy_footnote` text,
  `hp_OCO` tinyint(1) DEFAULT '0',
  `hp_OCO_footnote` text,
  `hp_display_order` smallint(5) unsigned DEFAULT NULL,
  `hp_PCO_location` varchar(100) NOT NULL,
  `hp_PCO_location_footnote` text,
  `cmtf_ID` smallint(5) unsigned NOT NULL DEFAULT '1',
  `hp_bqd_ID` int(10) unsigned DEFAULT NULL,
  `hp_date_award` date NOT NULL,
  `hp_date_award_footnote` text,
  `hp_date_first_delivery` date NOT NULL,
  `hp_date_first_deliv_footnote` text,
  `hp_qty` int(10) unsigned NOT NULL,
  `hp_qty_footnote` text,
  `hp_unit_cost` decimal(15,3) NOT NULL,
  `hp_unit_cost_footnote` text,
  `hp_specs_available_now` tinyint(1) DEFAULT NULL,
  `hp_specs_avail_now_footnote` text,
  `hp_date_RFP_issue` date DEFAULT NULL,
  `hp_date_RFP_issue_footnote` text,
  `hp_date_revisions_available` date DEFAULT NULL,
  `hp_date_revisions_avail_footnote` text,
  `hp_remarks` text,
  `created_by_user` varchar(255) DEFAULT NULL,
  `date_created` timestamp NOT NULL DEFAULT CURRENT_TIMESTAMP,
  `modified_by_user` varchar(255) DEFAULT NULL,
  `date_modified` timestamp NOT NULL DEFAULT CURRENT_TIMESTAMP ON UPDATE CURRENT_TIMESTAMP,
  PRIMARY KEY (`hp_ID`),
  KEY `FK_hp_cmtf_ID` (`cmtf_ID`),
  KEY `FK_hp_cem_PK` (`cem_ID`),
  KEY `FK_hp_bqd_ID` (`hp_bqd_ID`),
  CONSTRAINT `FK_hp_bqd_ID` FOREIGN KEY (`hp_bqd_ID`) REFERENCES `proc_bdgt_qtrs_data` (`bqd_ID`),
  CONSTRAINT `FK_hp_cem_PK` FOREIGN KEY (`cem_ID`) REFERENCES `proc_manufacturer` (`cem_ID`) ON DELETE CASCADE ON UPDATE CASCADE,
  CONSTRAINT `FK_hp_cmtf_ID` FOREIGN KEY (`cmtf_ID`) REFERENCES `contract_method_type_fundveh` (`cmtf_ID`)
) ENGINE=InnoDB DEFAULT CHARSET=utf8 ROW_FORMAT=DYNAMIC;

DELIMITER ;;
CREATE trigger insert_HP_create_n_mod_data before insert on proc_history_and_planning
  for each row begin
    set new.date_created = now();
    set new.created_by_user = user();
    set new.modified_by_user = user();
  end;;
DELIMITER ;

DELIMITER ;;
CREATE trigger update_HP_mod_data before update on proc_history_and_planning
  for each row begin
    set new.modified_by_user = user();
  end;;
DELIMITER ;

CREATE TABLE `proc_ifp_funding` (
  `iiff_ID` int(10) unsigned NOT NULL AUTO_INCREMENT,
  `iif_ID` int(10) unsigned NOT NULL,
  `iiffc_ID` int(10) unsigned NOT NULL,
  `ifpf_display_order` smallint(5) unsigned NOT NULL,
  `ifpf_total_byd_ID` int(10) unsigned NOT NULL,
  `created_by_user` varchar(255) DEFAULT NULL,
  `date_created` timestamp NOT NULL DEFAULT CURRENT_TIMESTAMP,
  `modified_by_user` varchar(255) DEFAULT NULL,
  `date_modified` timestamp NOT NULL DEFAULT CURRENT_TIMESTAMP ON UPDATE CURRENT_TIMESTAMP,
  PRIMARY KEY (`iiff_ID`) USING BTREE,
  KEY `FK_iiff_iiffc_ID` (`iiffc_ID`),
  KEY `FK_ifpf_tot_byd_ID` (`ifpf_total_byd_ID`),
  KEY `FK_iiff_iif_ID` (`iif_ID`) USING BTREE,
  CONSTRAINT `FK_ifpf_tot_byd_ID` FOREIGN KEY (`ifpf_total_byd_ID`) REFERENCES `proc_bdgt_yrs_data` (`byd_ID`),
  CONSTRAINT `FK_iiff_iiffc_ID` FOREIGN KEY (`iiffc_ID`) REFERENCES `proc_ifp_funding_cat` (`iiffc_ID`),
  CONSTRAINT `FK_iiff_iif_ID` FOREIGN KEY (`iif_ID`) REFERENCES `proc_inactive_facility_proj` (`iif_ID`) ON DELETE CASCADE ON UPDATE CASCADE
) ENGINE=InnoDB DEFAULT CHARSET=utf8 COMMENT='Formerly proc_iif_funding';

DELIMITER ;;
CREATE trigger insert_IIFF_create_n_mod_data before insert ON `proc_ifp_funding` for each row begin
    set new.date_created = now();
    set new.created_by_user = user();
    set new.modified_by_user = user();
  end;;
DELIMITER ;

DELIMITER ;;
CREATE trigger update_IIFF_mod_data before update ON `proc_ifp_funding` for each row begin
    set new.modified_by_user = user();
  end;;
DELIMITER ;

CREATE TABLE `proc_ifp_funding_cat` (
  `iiffc_ID` int(10) unsigned NOT NULL AUTO_INCREMENT,
  `iiffc_title` varchar(255) NOT NULL,
  `iiffc_desc` varchar(1000) DEFAULT NULL,
  `created_by_user` varchar(255) DEFAULT NULL,
  `date_created` timestamp NOT NULL DEFAULT CURRENT_TIMESTAMP,
  `modified_by_user` varchar(255) DEFAULT NULL,
  `date_modified` timestamp NOT NULL DEFAULT CURRENT_TIMESTAMP ON UPDATE CURRENT_TIMESTAMP,
  PRIMARY KEY (`iiffc_ID`),
  UNIQUE KEY `UN_iiffc_title` (`iiffc_title`) USING BTREE
) ENGINE=InnoDB DEFAULT CHARSET=utf8 COMMENT='Formerly proc_iif_funding_cat';

DELIMITER ;;
CREATE trigger insert_IIFFC_create_n_mod_data before insert ON `proc_ifp_funding_cat` for each row begin
    set new.date_created = now();
    set new.created_by_user = user();
    set new.modified_by_user = user();
  end;;
DELIMITER ;

DELIMITER ;;
CREATE trigger update_IIFFC_mod_data before update ON `proc_ifp_funding_cat` for each row begin
    set new.modified_by_user = user();
  end;;
DELIMITER ;

CREATE TABLE `proc_inactive_facility_proj` (
  `iif_ID` int(10) unsigned NOT NULL AUTO_INCREMENT,
  `pf_ID` int(10) unsigned NOT NULL,
  `iif_display_order` smallint(5) unsigned NOT NULL,
  `iif_contractor` varchar(125) DEFAULT NULL,
  `iif_category` varchar(75) DEFAULT NULL,
  `ifp_total_byd_ID` int(11) unsigned NOT NULL,
  `iif_description` text,
  `created_by_user` varchar(255) DEFAULT NULL,
  `date_created` timestamp NOT NULL DEFAULT CURRENT_TIMESTAMP,
  `modified_by_user` varchar(255) DEFAULT NULL,
  `date_modified` timestamp NOT NULL DEFAULT CURRENT_TIMESTAMP ON UPDATE CURRENT_TIMESTAMP,
  PRIMARY KEY (`iif_ID`),
  KEY `FK_ifp_tot_byd_ID` (`ifp_total_byd_ID`),
  KEY `FK_iif_pf_PK` (`pf_ID`) USING BTREE,
  CONSTRAINT `FK_ifp_tot_byd_ID` FOREIGN KEY (`ifp_total_byd_ID`) REFERENCES `proc_bdgt_yrs_data` (`byd_ID`),
  CONSTRAINT `FK_iif_pf_PK` FOREIGN KEY (`pf_ID`) REFERENCES `proc_facility` (`pf_ID`) ON DELETE CASCADE ON UPDATE CASCADE
) ENGINE=InnoDB DEFAULT CHARSET=utf8 COMMENT='Formerly proc_inactive_industrial_facility';

DELIMITER ;;
CREATE trigger insert_IIF_create_n_mod_data before insert ON `proc_inactive_facility_proj` for each row begin
    set new.date_created = now();
    set new.created_by_user = user();
    set new.modified_by_user = user();
  end;;
DELIMITER ;

DELIMITER ;;
CREATE trigger update_IIF_mod_data before update ON `proc_inactive_facility_proj` for each row begin
    set new.modified_by_user = user();
  end;;
DELIMITER ;

CREATE TABLE `proc_item` (
  `pi_ID` int(10) unsigned NOT NULL AUTO_INCREMENT,
  `ic_ID` int(10) unsigned DEFAULT NULL,
  `lie_ID` int(10) unsigned DEFAULT NULL,
  `pi_title` varchar(255) NOT NULL,
  `pi_display_order` smallint(5) unsigned NOT NULL,
  `pi_item_cat` varchar(255) DEFAULT NULL,
  `pi_item_number` varchar(25) DEFAULT NULL,
  `pi_DODIC` varchar(5) DEFAULT NULL,
  `pi_MDAP` varchar(100) DEFAULT NULL,
  `pi_MDAP_footnote` text,
  `pi_ID_code` enum('A','B') DEFAULT NULL,
  `pi_all_pys_deliv` int(10) unsigned DEFAULT NULL,
  `pi_all_pys_deliv_footnote` text,
  `pi_remarks` mediumtext,
  `pi_P5A_remarks` text,
  `pi_P21_remarks` text,
  `pi_compo_split_remarks` text,
  `include_in_pdf` tinyint(1) NOT NULL DEFAULT '1',
  `edit_lock_id` int(10) unsigned DEFAULT NULL,
  `date_lock` datetime DEFAULT NULL,
  `pi_created_by_user` int(10) unsigned DEFAULT NULL,
  `pi_date_created` datetime DEFAULT NULL,
  `pi_modified_by_user` int(10) unsigned DEFAULT NULL,
  `pi_date_modified` datetime DEFAULT NULL,
  `created_by_user` varchar(255) DEFAULT NULL,
  `date_created` timestamp NOT NULL DEFAULT CURRENT_TIMESTAMP,
  `modified_by_user` varchar(255) DEFAULT NULL,
  `date_modified` timestamp NOT NULL DEFAULT CURRENT_TIMESTAMP ON UPDATE CURRENT_TIMESTAMP,
  PRIMARY KEY (`pi_ID`),
  KEY `FK_pi_creator_user_id` (`pi_created_by_user`),
  KEY `FK_pi_modifier_user_id` (`pi_modified_by_user`),
  KEY `FK_pi_lock_user_ID` (`edit_lock_id`),
  KEY `FK_pi_ic_ID` (`ic_ID`),
  KEY `FK_pi_lie_ID` (`lie_ID`),
  CONSTRAINT `FK_pi_creator_user_id` FOREIGN KEY (`pi_created_by_user`) REFERENCES `USER` (`BUDGES_USER_ID`),
  CONSTRAINT `FK_pi_ic_ID` FOREIGN KEY (`ic_ID`) REFERENCES `proc_item_cat_40A` (`ic_ID`) ON DELETE CASCADE ON UPDATE CASCADE,
  CONSTRAINT `FK_pi_lie_ID` FOREIGN KEY (`lie_ID`) REFERENCES `proc_li_exhibit` (`lie_ID`) ON DELETE CASCADE ON UPDATE CASCADE,
  CONSTRAINT `FK_pi_lock_user_ID` FOREIGN KEY (`edit_lock_id`) REFERENCES `USER` (`BUDGES_USER_ID`),
  CONSTRAINT `FK_pi_modifier_user_id` FOREIGN KEY (`pi_modified_by_user`) REFERENCES `USER` (`BUDGES_USER_ID`)
) ENGINE=InnoDB DEFAULT CHARSET=utf8;

DELIMITER ;;
CREATE trigger insert_PI_create_n_mod_data before insert on proc_item
  for each row begin
    set new.date_created = now();
    set new.created_by_user = user();
    set new.modified_by_user = user();
  end;;
DELIMITER ;

DELIMITER ;;
CREATE trigger update_PI_mod_data before update on proc_item
  for each row begin
    set new.modified_by_user = user();
  end;;
DELIMITER ;

CREATE TABLE `proc_item_cat_40A` (
  `ic_ID` int(10) unsigned NOT NULL AUTO_INCREMENT,
  `ig_ID` int(10) unsigned NOT NULL,
  `ic_title` varchar(255) DEFAULT NULL,
  `ic_display_order` smallint(5) unsigned NOT NULL DEFAULT '1',
  `ic_remarks` text,
  `created_by_user` varchar(255) DEFAULT NULL,
  `date_created` timestamp NOT NULL DEFAULT CURRENT_TIMESTAMP,
  `modified_by_user` varchar(255) DEFAULT NULL,
  `date_modified` timestamp NOT NULL DEFAULT CURRENT_TIMESTAMP ON UPDATE CURRENT_TIMESTAMP,
  PRIMARY KEY (`ic_ID`) USING BTREE,
  KEY `FK_ic_ig_ID` (`ig_ID`),
  CONSTRAINT `FK_ic_ig_ID` FOREIGN KEY (`ig_ID`) REFERENCES `proc_item_group_40A` (`ig_ID`) ON DELETE CASCADE ON UPDATE CASCADE
) ENGINE=InnoDB DEFAULT CHARSET=utf8;

DELIMITER ;;
CREATE trigger insert_IC_create_n_mod_data before insert on proc_item_cat_40A
   for each row begin
     set new.date_created = now();
     set new.created_by_user = user();
     set new.date_modified = now();
     set new.modified_by_user = user();
   end;;
DELIMITER ;

DELIMITER ;;
CREATE trigger update_IC_mod_data before update on proc_item_cat_40A
   for each row begin
     set new.modified_by_user = user();
   end;;
DELIMITER ;

CREATE TABLE `proc_item_compo_split` (
  `ics_ID` int(10) unsigned NOT NULL AUTO_INCREMENT,
  `pi_ID` int(10) unsigned NOT NULL,
  `sc_ID` int(10) unsigned NOT NULL,
  `ics_display_order` smallint(5) unsigned DEFAULT NULL,
  `ics_all_pys_qty` int(10) unsigned DEFAULT NULL,
  `ics_all_pys_total` decimal(12,3) unsigned DEFAULT NULL,
  `ics_py_qty` int(10) unsigned DEFAULT NULL,
  `ics_py_total` decimal(12,3) unsigned DEFAULT NULL,
  `ics_cy_qty` int(10) unsigned DEFAULT NULL,
  `ics_cy_total` decimal(12,3) unsigned DEFAULT NULL,
  `ics_by1_qty` int(10) unsigned DEFAULT NULL,
  `ics_by1_total` decimal(12,3) unsigned DEFAULT NULL,
  `ics_by1_base_qty` int(10) unsigned DEFAULT NULL,
  `ics_by1_base` decimal(12,3) unsigned DEFAULT NULL,
  `ics_by1_OCO_qty` int(10) unsigned DEFAULT NULL,
  `ics_by1_OCO` decimal(12,3) unsigned DEFAULT NULL,
  `ics_by2_qty` int(10) unsigned DEFAULT NULL,
  `ics_by2_total` decimal(12,3) unsigned DEFAULT NULL,
  `ics_by3_qty` int(10) unsigned DEFAULT NULL,
  `ics_by3_total` decimal(12,3) unsigned DEFAULT NULL,
  `ics_by4_qty` int(10) unsigned DEFAULT NULL,
  `ics_by4_total` decimal(12,3) unsigned DEFAULT NULL,
  `ics_by5_qty` int(10) unsigned DEFAULT NULL,
  `ics_by5_total` decimal(12,3) unsigned DEFAULT NULL,
  `ics_continuing` tinyint(1) DEFAULT NULL,
  `ics_to_complete_qty` int(10) unsigned DEFAULT NULL,
  `ics_to_complete` decimal(12,3) unsigned DEFAULT NULL,
  `ics_total_cost_qty` int(10) unsigned DEFAULT NULL,
  `ics_total_cost` decimal(12,3) unsigned DEFAULT NULL,
  `created_by_user` varchar(255) DEFAULT NULL,
  `date_created` timestamp NOT NULL DEFAULT CURRENT_TIMESTAMP,
  `modified_by_user` varchar(255) DEFAULT NULL,
  `date_modified` timestamp NOT NULL DEFAULT CURRENT_TIMESTAMP ON UPDATE CURRENT_TIMESTAMP,
  PRIMARY KEY (`ics_ID`) USING BTREE,
  KEY `FK_ics_sc_ID` (`sc_ID`) USING BTREE,
  KEY `FK_ics_pi_ID` (`pi_ID`),
  CONSTRAINT `FK_ics_pi_ID` FOREIGN KEY (`pi_ID`) REFERENCES `proc_item` (`pi_ID`) ON DELETE CASCADE ON UPDATE CASCADE,
  CONSTRAINT `FK_ics_sc_ID` FOREIGN KEY (`sc_ID`) REFERENCES `proc_service_component` (`sc_ID`)
) ENGINE=InnoDB DEFAULT CHARSET=utf8;

DELIMITER ;;
CREATE trigger insert_ICS_create_n_mod_data before insert on proc_item_compo_split
  for each row begin
    set new.date_created = now();
    set new.created_by_user = user();
    set new.modified_by_user = user();
  end;;
DELIMITER ;

DELIMITER ;;
CREATE trigger update_ICS_mod_data before update on proc_item_compo_split
  for each row begin
    set new.modified_by_user = user();
  end;;
DELIMITER ;

CREATE TABLE `proc_item_exhibit` (
  `ie_ID` int(10) unsigned NOT NULL AUTO_INCREMENT,
  `ie_code` varchar(20) NOT NULL,
  `ie_title` varchar(75) NOT NULL,
  `ie_desc` varchar(255) DEFAULT NULL,
  `ie_status_flag` enum('A','I') NOT NULL DEFAULT 'A',
  `created_by_user` varchar(255) DEFAULT NULL,
  `date_created` timestamp NOT NULL DEFAULT CURRENT_TIMESTAMP,
  `modified_by_user` varchar(255) DEFAULT NULL,
  `date_modified` timestamp NOT NULL DEFAULT CURRENT_TIMESTAMP ON UPDATE CURRENT_TIMESTAMP,
  PRIMARY KEY (`ie_ID`),
  UNIQUE KEY `UN_ie_code` (`ie_code`)
) ENGINE=InnoDB DEFAULT CHARSET=utf8;

DELIMITER ;;
CREATE trigger insert_IE_create_n_mod_data before insert on proc_item_exhibit
  for each row begin
    set new.date_created = now();
    set new.created_by_user = user();
    set new.modified_by_user = user();
  end;;
DELIMITER ;

DELIMITER ;;
CREATE trigger update_IE_mod_data before update on proc_item_exhibit
  for each row begin
    set new.modified_by_user = user();
  end;;
DELIMITER ;

CREATE TABLE `proc_item_group_40A` (
  `ig_ID` int(10) unsigned NOT NULL AUTO_INCREMENT,
  `lie_ID` int(10) unsigned NOT NULL,
  `ig_title` varchar(255) DEFAULT NULL,
  `ig_title_footnote` text,
  `ie_ID` int(10) unsigned NOT NULL,
  `ig_display_order` smallint(5) unsigned NOT NULL,
  `ig_remarks` mediumtext,
  `ig_P5A_remarks` text,
  `ig_P21_remarks` text,
  `created_by_user` varchar(255) DEFAULT NULL,
  `date_created` timestamp NOT NULL DEFAULT CURRENT_TIMESTAMP,
  `modified_by_user` varchar(255) DEFAULT NULL,
  `date_modified` timestamp NOT NULL DEFAULT CURRENT_TIMESTAMP ON UPDATE CURRENT_TIMESTAMP,
  PRIMARY KEY (`ig_ID`),
  KEY `FK_ig_cie_ID` (`ie_ID`) USING BTREE,
  KEY `FK_ig_lie_ID` (`lie_ID`) USING BTREE,
  CONSTRAINT `FK_ig_ie_ID` FOREIGN KEY (`ie_ID`) REFERENCES `proc_item_exhibit` (`ie_ID`),
  CONSTRAINT `FK_ig_lie_ID` FOREIGN KEY (`lie_ID`) REFERENCES `proc_li_exhibit` (`lie_ID`) ON DELETE CASCADE ON UPDATE CASCADE
) ENGINE=InnoDB DEFAULT CHARSET=utf8;

DELIMITER ;;
CREATE trigger insert_IG_create_n_mod_data before insert ON `proc_item_group_40A` for each row begin
    set new.date_created = now();
    set new.created_by_user = user();
    set new.modified_by_user = user();
  end;;
DELIMITER ;

DELIMITER ;;
CREATE trigger update_IG_mod_data before update ON `proc_item_group_40A` for each row begin
    set new.modified_by_user = user();
  end;;
DELIMITER ;

CREATE TABLE `proc_layaway_distrib_proj` (
  `ldp_ID` int(10) unsigned NOT NULL AUTO_INCREMENT,
  `pf_ID` int(10) unsigned NOT NULL,
  `ldp_proj_code` varchar(25) NOT NULL,
  `ldp_display_order` smallint(5) unsigned NOT NULL,
  `ldp_total_byd_ID` int(10) unsigned NOT NULL,
  `ldp_proj_cat` varchar(255) DEFAULT NULL,
  `ldp_proj_title` varchar(255) NOT NULL,
  `ldp_description` text,
  `ldp_prod_line_ld_away_name` varchar(255) DEFAULT NULL,
  `ldp_prod_line_ld_away_loc` varchar(255) DEFAULT NULL,
  `ldp_prod_ends` varchar(75) DEFAULT NULL,
  `ldp_layaway_cost` decimal(12,3) NOT NULL,
  `ldp_other_costs` decimal(12,3) DEFAULT NULL,
  `ldp_annual_maint_cost` decimal(12,3) DEFAULT NULL,
  `created_by_user` varchar(255) DEFAULT NULL,
  `date_created` timestamp NOT NULL DEFAULT CURRENT_TIMESTAMP,
  `modified_by_user` varchar(255) DEFAULT NULL,
  `date_modified` timestamp NOT NULL DEFAULT CURRENT_TIMESTAMP ON UPDATE CURRENT_TIMESTAMP,
  PRIMARY KEY (`ldp_ID`),
  KEY `FK_ldp_tot_byd_ID` (`ldp_total_byd_ID`),
  KEY `FK_ldp_pf_ID` (`pf_ID`) USING BTREE,
  CONSTRAINT `FK_ldp_pf_ID` FOREIGN KEY (`pf_ID`) REFERENCES `proc_facility` (`pf_ID`) ON DELETE CASCADE ON UPDATE CASCADE,
  CONSTRAINT `FK_ldp_tot_byd_ID` FOREIGN KEY (`ldp_total_byd_ID`) REFERENCES `proc_bdgt_yrs_data` (`byd_ID`)
) ENGINE=InnoDB DEFAULT CHARSET=utf8;

DELIMITER ;;
CREATE trigger insert_LDP_create_n_mod_data before insert on proc_layaway_distrib_proj
  for each row begin
    set new.date_created = now();
    set new.created_by_user = user();
    set new.modified_by_user = user();
  end;;
DELIMITER ;

DELIMITER ;;
CREATE trigger update_LDP_mod_data before update on proc_layaway_distrib_proj
  for each row begin
    set new.modified_by_user = user();
  end;;
DELIMITER ;

CREATE TABLE `proc_ldp_prod_line` (
  `ldppl_ID` int(10) unsigned NOT NULL AUTO_INCREMENT,
  `ldp_ID` int(10) unsigned NOT NULL,
  `ldppl_name` varchar(255) NOT NULL,
  `ldppl_loc` varchar(255) DEFAULT NULL,
  `ldppl_display_order` smallint(5) unsigned NOT NULL,
  `created_by_user` varchar(255) DEFAULT NULL,
  `date_created` timestamp NOT NULL DEFAULT CURRENT_TIMESTAMP,
  `modified_by_user` varchar(255) DEFAULT NULL,
  `date_modified` timestamp NOT NULL DEFAULT CURRENT_TIMESTAMP ON UPDATE CURRENT_TIMESTAMP,
  PRIMARY KEY (`ldppl_ID`) USING BTREE,
  UNIQUE KEY `UN_MAJOR_PERFORMER_ID` (`ldppl_ID`) USING BTREE,
  KEY `FK_MP_PROJ_ID` (`ldp_ID`) USING BTREE,
  CONSTRAINT `FK_ldppl_ldp_ID` FOREIGN KEY (`ldp_ID`) REFERENCES `proc_layaway_distrib_proj` (`ldp_ID`) ON DELETE CASCADE ON UPDATE CASCADE
) ENGINE=InnoDB DEFAULT CHARSET=utf8;

DELIMITER ;;
CREATE trigger insert_LDPPL_create_n_mod_data before insert on proc_ldp_prod_line
  for each row begin
    set new.date_created = now();
    set new.created_by_user = user();
    set new.modified_by_user = user();
  end;;
DELIMITER ;

DELIMITER ;;
CREATE trigger update_LDPPL_mod_data before update on proc_ldp_prod_line
  for each row begin
    set new.modified_by_user = user();
  end;;
DELIMITER ;

CREATE TABLE `proc_li_compo_split` (
  `lcs_ID` int(10) unsigned NOT NULL AUTO_INCREMENT,
  `li_ID` int(10) unsigned NOT NULL,
  `sc_ID` int(10) unsigned NOT NULL,
  `lcs_display_order` smallint(5) unsigned DEFAULT NULL,
  `lcs_all_pys_qty` int(10) unsigned DEFAULT NULL,
  `lcs_all_pys_total` decimal(12,3) unsigned DEFAULT NULL,
  `lcs_py_qty` int(10) unsigned DEFAULT NULL,
  `lcs_py_total` decimal(12,3) unsigned DEFAULT NULL,
  `lcs_cy_qty` int(10) unsigned DEFAULT NULL,
  `lcs_cy_total` decimal(12,3) unsigned DEFAULT NULL,
  `lcs_by1_qty` int(10) unsigned DEFAULT NULL,
  `lcs_by1_total` decimal(12,3) unsigned DEFAULT NULL,
  `lcs_by1_base_qty` int(10) unsigned DEFAULT NULL,
  `lcs_by1_base` decimal(12,3) unsigned DEFAULT NULL,
  `lcs_by1_OCO_qty` int(10) unsigned DEFAULT NULL,
  `lcs_by1_OCO` decimal(12,3) unsigned DEFAULT NULL,
  `lcs_by2_qty` int(10) unsigned DEFAULT NULL,
  `lcs_by2_total` decimal(12,3) unsigned DEFAULT NULL,
  `lcs_by3_qty` int(10) unsigned DEFAULT NULL,
  `lcs_by3_total` decimal(12,3) unsigned DEFAULT NULL,
  `lcs_by4_qty` int(10) unsigned DEFAULT NULL,
  `lcs_by4_total` decimal(12,3) unsigned DEFAULT NULL,
  `lcs_by5_qty` int(10) unsigned DEFAULT NULL,
  `lcs_by5_total` decimal(12,3) unsigned DEFAULT NULL,
  `lcs_continuing` tinyint(1) DEFAULT NULL,
  `lcs_to_complete_qty` int(10) unsigned DEFAULT NULL,
  `lcs_to_complete` decimal(12,3) unsigned DEFAULT NULL,
  `lcs_total_cost_qty` int(10) unsigned DEFAULT NULL,
  `lcs_total_cost` decimal(12,3) unsigned DEFAULT NULL,
  `created_by_user` varchar(255) DEFAULT NULL,
  `date_created` timestamp NOT NULL DEFAULT CURRENT_TIMESTAMP,
  `modified_by_user` varchar(255) DEFAULT NULL,
  `date_modified` timestamp NOT NULL DEFAULT CURRENT_TIMESTAMP ON UPDATE CURRENT_TIMESTAMP,
  PRIMARY KEY (`lcs_ID`) USING BTREE,
  KEY `FK_lcs_sc_ID` (`sc_ID`) USING BTREE,
  KEY `FK_lcs_li_ID` (`li_ID`),
  CONSTRAINT `FK_lcs_li_ID` FOREIGN KEY (`li_ID`) REFERENCES `proc_line_item` (`li_ID`) ON DELETE CASCADE ON UPDATE CASCADE,
  CONSTRAINT `FK_lcs_sc_ID` FOREIGN KEY (`sc_ID`) REFERENCES `proc_service_component` (`sc_ID`)
) ENGINE=InnoDB DEFAULT CHARSET=utf8;

DELIMITER ;;
CREATE trigger insert_LCS_create_n_mod_data before insert on proc_li_compo_split
  for each row begin
    set new.date_created = now();
    set new.created_by_user = user();
    set new.modified_by_user = user();
  end;;
DELIMITER ;

DELIMITER ;;
CREATE trigger update_LCS_mod_data before update on proc_li_compo_split
  for each row begin
    set new.modified_by_user = user();
  end;;
DELIMITER ;

CREATE TABLE `proc_li_exhibit` (
  `lie_ID` int(10) unsigned NOT NULL AUTO_INCREMENT,
  `li_ID` int(10) unsigned NOT NULL,
  `ie_ID` int(10) unsigned NOT NULL,
  `lie_display_order` smallint(5) unsigned NOT NULL,
  `edit_lock_user_ID` int(10) unsigned DEFAULT NULL,
  `date_edit_lock` datetime DEFAULT NULL,
  `lie_created_by_user` int(10) unsigned DEFAULT NULL,
  `lie_date_created` datetime DEFAULT NULL,
  `lie_modified_by_user` int(10) unsigned DEFAULT NULL,
  `lie_date_modified` datetime DEFAULT NULL,
  `created_by_user` varchar(255) DEFAULT NULL,
  `date_created` timestamp NOT NULL DEFAULT CURRENT_TIMESTAMP,
  `modified_by_user` varchar(255) DEFAULT NULL,
  `date_modified` timestamp NOT NULL DEFAULT CURRENT_TIMESTAMP ON UPDATE CURRENT_TIMESTAMP,
  PRIMARY KEY (`lie_ID`),
  KEY `FK_lie_ie_ID` (`ie_ID`) USING BTREE,
  KEY `FK_lie_li_ID` (`li_ID`),
  KEY `FK_lie_lock_user_ID` (`edit_lock_user_ID`),
  KEY `FK_lie_creator_user_ID` (`lie_created_by_user`),
  KEY `FK_lie_modifier_user_ID` (`lie_modified_by_user`),
  CONSTRAINT `FK_lie_creator_user_ID` FOREIGN KEY (`lie_created_by_user`) REFERENCES `USER` (`BUDGES_USER_ID`),
  CONSTRAINT `FK_lie_ie_ID` FOREIGN KEY (`ie_ID`) REFERENCES `proc_item_exhibit` (`ie_ID`),
  CONSTRAINT `FK_lie_li_ID` FOREIGN KEY (`li_ID`) REFERENCES `proc_line_item` (`li_ID`) ON DELETE CASCADE ON UPDATE CASCADE,
  CONSTRAINT `FK_lie_lock_user_ID` FOREIGN KEY (`edit_lock_user_ID`) REFERENCES `USER` (`BUDGES_USER_ID`),
  CONSTRAINT `FK_lie_modifier_user_ID` FOREIGN KEY (`lie_modified_by_user`) REFERENCES `USER` (`BUDGES_USER_ID`)
) ENGINE=InnoDB DEFAULT CHARSET=utf8;

DELIMITER ;;
CREATE trigger insert_LIE_create_n_mod_data before insert on proc_li_exhibit
   for each row begin
     set new.date_created = now();
     set new.created_by_user = user();
     set new.date_modified = now();
     set new.modified_by_user = user();
   end;;
DELIMITER ;

DELIMITER ;;
CREATE trigger update_LIE_mod_data before update on proc_li_exhibit
   for each row begin
     set new.modified_by_user = user();
   end;;
DELIMITER ;

CREATE TABLE `proc_line_item` (
  `li_ID` int(10) unsigned NOT NULL AUTO_INCREMENT,
  `bsa_ID` int(10) unsigned NOT NULL,
  `sa_ID` int(10) unsigned NOT NULL,
  `li_bdgt_yr` smallint(5) unsigned NOT NULL,
  `li_bdgt_cycle` varchar(10) NOT NULL,
  `li_P1_seq` varchar(10) DEFAULT NULL,
  `li_P1_title` varchar(255) NOT NULL,
  `li_P1_item_num` varchar(25) NOT NULL,
  `li_MDAP` varchar(100) DEFAULT NULL,
  `li_cost_type` enum('AB','C') NOT NULL DEFAULT 'AB',
  `li_sub_exhibit_flag` enum('items','advance','spares') NOT NULL DEFAULT 'items',
  `li_submit_date` date NOT NULL,
  `li_ID_code` enum('A','B') DEFAULT NULL,
  `li_unit_cost_format` enum('1','1000','1000000') NOT NULL,
  `li_qty_format` enum('1','1000','1000000') NOT NULL,
  `li_qty_unit_name` enum('EACH','FEET','TONS') DEFAULT NULL,
  `li_total_cost_format` enum('1','1000','1000000') NOT NULL,
  `li_prod_rate_interval` enum('A','M','Q') DEFAULT NULL COMMENT 'A=annual, M=monthly,Q=quarterly',
  `li_desc` mediumtext,
  `li_remarks` mediumtext,
  `li_compo_split_remarks` mediumtext,
  `li_validity` enum('A','E','V','W') NOT NULL DEFAULT 'A',
  `li_P5_count` smallint(5) unsigned DEFAULT NULL,
  `li_P40a_count` smallint(5) unsigned DEFAULT NULL,
  `li_P3a_count` smallint(5) unsigned DEFAULT NULL,
  `li_P18_count` smallint(5) unsigned DEFAULT NULL,
  `li_P10_count` smallint(5) unsigned DEFAULT NULL,
  `li_P5a_count` smallint(5) unsigned DEFAULT NULL,
  `li_P21_count` smallint(5) unsigned DEFAULT NULL,
  `li_P20_count` smallint(5) unsigned DEFAULT NULL,
  `li_P17_count` smallint(5) unsigned DEFAULT NULL,
  `li_P23_count` smallint(5) unsigned DEFAULT NULL,
  `li_P25_count` smallint(5) unsigned DEFAULT NULL,
  `li_P26_count` smallint(5) unsigned DEFAULT NULL,
  `li_init_src` enum('X','W') NOT NULL DEFAULT 'W',
  `li_xml_validation` enum('VALID','XML','JIBX') NOT NULL DEFAULT 'VALID',
  `li_schema_error` mediumtext,
  `li_W_count` smallint(5) unsigned DEFAULT NULL,
  `li_E_count` smallint(5) unsigned DEFAULT NULL,
  `li_test` tinyint(1) NOT NULL DEFAULT '0',
  `li_tag` varchar(12) DEFAULT NULL,
  `li_generate_item_sched` tinyint(1) NOT NULL DEFAULT '0',
  `li_expand_P40A_in_sched` tinyint(1) NOT NULL DEFAULT '0',
  `li_suppress_P40As` tinyint(1) NOT NULL DEFAULT '0',
  `li_P40A_item_sched_flag` enum('total','category','item','expandItemSuppressExhibit') NOT NULL DEFAULT 'total' COMMENT 'total=single row, category=single row per category,item=single row per Item,"suppress exhibit"=single row per Item and no exhibit',
  `li_status_flag` enum('A','D') NOT NULL DEFAULT 'A' COMMENT 'A=Active, D=Deleted',
  `li_status_date` datetime NOT NULL DEFAULT CURRENT_TIMESTAMP,
  `edit_lock_id_all` int(10) unsigned DEFAULT NULL,
  `date_lock_all` datetime DEFAULT NULL,
  `edit_lock_id_li_only` int(10) unsigned DEFAULT NULL,
  `date_lock_pe` datetime DEFAULT NULL,
  `edit_lock_mutex` char(5) DEFAULT NULL,
  `li_created_by_user` int(10) unsigned DEFAULT NULL,
  `li_date_created` datetime DEFAULT NULL,
  `li_modified_by_user` int(10) unsigned DEFAULT NULL,
  `li_date_modified` datetime DEFAULT NULL,
  `created_by_user` varchar(255) DEFAULT NULL,
  `date_created` timestamp NOT NULL DEFAULT CURRENT_TIMESTAMP,
  `modified_by_user` varchar(255) DEFAULT NULL,
  `date_modified` timestamp NOT NULL DEFAULT CURRENT_TIMESTAMP ON UPDATE CURRENT_TIMESTAMP,
  PRIMARY KEY (`li_ID`),
  UNIQUE KEY `UN_li_byc_bsa_item_num` (`li_bdgt_yr`,`li_bdgt_cycle`,`bsa_ID`,`sa_ID`,`li_P1_item_num`,`li_cost_type`,`li_status_flag`,`li_status_date`) USING BTREE,
  KEY `FK_li_creator_user_id` (`li_created_by_user`),
  KEY `FK_li_modifier_user_id` (`li_modified_by_user`),
  KEY `FK_li_lock_all_user_ID` (`edit_lock_id_all`),
  KEY `FK_li_lock_li_user_ID` (`edit_lock_id_li_only`),
  KEY `FK_li_sa_code` (`sa_ID`),
  KEY `FK_li_bsa_ID` (`bsa_ID`),
  CONSTRAINT `FK_li_bsa_ID` FOREIGN KEY (`bsa_ID`) REFERENCES `proc_budget_sub_activity` (`bsa_ID`),
  CONSTRAINT `FK_li_creator_user_id` FOREIGN KEY (`li_created_by_user`) REFERENCES `USER` (`BUDGES_USER_ID`),
  CONSTRAINT `FK_li_lock_all_user_ID` FOREIGN KEY (`edit_lock_id_all`) REFERENCES `USER` (`BUDGES_USER_ID`),
  CONSTRAINT `FK_li_lock_li_user_ID` FOREIGN KEY (`edit_lock_id_li_only`) REFERENCES `USER` (`BUDGES_USER_ID`),
  CONSTRAINT `FK_li_modifier_user_id` FOREIGN KEY (`li_modified_by_user`) REFERENCES `USER` (`BUDGES_USER_ID`),
  CONSTRAINT `FK_li_sa_ID` FOREIGN KEY (`sa_ID`) REFERENCES `SERVICE_AGENCY` (`BUDGES_SERV_AGY_ID`)
) ENGINE=InnoDB DEFAULT CHARSET=utf8;

DELIMITER ;;
CREATE trigger insert_LI_create_n_mod_data before insert on proc_line_item
  for each row begin
    set new.date_created = now();
    set new.created_by_user = user();
    set new.modified_by_user = user();
  end;;
DELIMITER ;

DELIMITER ;;
CREATE trigger update_LI_mod_data before update on proc_line_item
  for each row begin
    if new.li_status_flag = 'D' and new.li_status_date = '0000-00-00 00:00:00' then
      set new.li_status_date = now();
    else
       if new.li_status_flag <> 'D' then
        set new.li_status_date = '0000-00-00 00:00:00';
      end if;
    end if;  

    set new.modified_by_user = user();
  end;;
DELIMITER ;

CREATE TABLE `proc_line_item_history` (
  `lih_ID` int(10) unsigned NOT NULL AUTO_INCREMENT,
  `li_ID` int(10) unsigned NOT NULL,
  `lih_xml` mediumtext,
  `lih_validity` enum('A','E','V','W') NOT NULL DEFAULT 'A',
  `lih_xml_validation` enum('VALID','XML','JIBX') NOT NULL DEFAULT 'VALID',
  `lih_schema_error` mediumtext,
  `li_modified_by_user` int(10) unsigned DEFAULT NULL,
  `li_date_modified` datetime DEFAULT NULL,
  `created_by_user` varchar(255) DEFAULT NULL,
  `date_created` timestamp NOT NULL DEFAULT CURRENT_TIMESTAMP,
  `modified_by_user` varchar(255) DEFAULT NULL,
  `date_modified` timestamp NOT NULL DEFAULT CURRENT_TIMESTAMP ON UPDATE CURRENT_TIMESTAMP,
  PRIMARY KEY (`lih_ID`),
  KEY `FK_lih_li_id` (`li_ID`),
  KEY `FK_lih_modifier_user_id` (`li_modified_by_user`),
  CONSTRAINT `FK_lih_li_id` FOREIGN KEY (`li_ID`) REFERENCES `proc_line_item` (`li_ID`) ON DELETE CASCADE ON UPDATE CASCADE,
  CONSTRAINT `FK_lih_modifier_user_id` FOREIGN KEY (`li_modified_by_user`) REFERENCES `USER` (`BUDGES_USER_ID`)
) ENGINE=InnoDB DEFAULT CHARSET=utf8;

DELIMITER ;;
CREATE trigger insert_LIH_create_n_mod_data before insert on proc_line_item_history
  for each row begin
    set new.date_created = now();
    set new.created_by_user = user();
    set new.modified_by_user = user();
  end;;
DELIMITER ;

DELIMITER ;;
CREATE trigger update_LIH_mod_data before update on proc_line_item_history
  for each row begin
    set new.modified_by_user = user();
  end;;
DELIMITER ;

CREATE TABLE `proc_manufacturer` (
  `cem_ID` int(10) unsigned NOT NULL AUTO_INCREMENT,
  `ce_ID` int(10) unsigned DEFAULT NULL,
  `pi_ID` int(10) unsigned DEFAULT NULL,
  `rs_ID` int(10) unsigned DEFAULT NULL,
  `abj_ID` int(10) unsigned DEFAULT NULL,
  `cem_contractor` varchar(125) NOT NULL,
  `cem_contractor_footnote` text,
  `cem_contract_loc` varchar(125) NOT NULL,
  `cem_contract_loc_footnote` text,
  `cem_display_order` smallint(5) unsigned NOT NULL,
  `cem_msr` decimal(14,2) unsigned DEFAULT NULL,
  `cem_msr_footnote` text,
  `cem_1_8_5` decimal(14,2) unsigned DEFAULT NULL,
  `cem_1_8_5_footnote` text,
  `cem_max` decimal(14,2) unsigned DEFAULT NULL,
  `cem_max_footnote` text,
  `cem_admin_LT_prior_Oct1_initial` smallint(6) DEFAULT NULL,
  `cem_admin_LT_pOct1_init_footnote` text,
  `cem_admin_LT_prior_Oct1_reorder` smallint(6) DEFAULT NULL,
  `cem_admin_LT_pOct1_reord_footnote` text,
  `cem_admin_LT_after_Oct1_initial` smallint(6) DEFAULT NULL,
  `cem_admin_LT_aOct1_init_footnote` text,
  `cem_admin_LT_after_Oct1_reorder` smallint(6) DEFAULT NULL,
  `cem_admin_LT_aOct1_reord_footnote` text,
  `cem_mfg_prod_LT_initial` smallint(6) DEFAULT NULL,
  `cem_mfg_prod_LT_initial_footnote` text,
  `cem_mfg_prod_LT_reorder` smallint(6) DEFAULT NULL,
  `cem_mfg_prod_LT_reorder_footnote` text,
  `cem_total_LT_initial` smallint(6) DEFAULT NULL,
  `cem_total_LT_initial_footnote` text,
  `cem_total_LT_reorder` smallint(6) DEFAULT NULL,
  `cem_total_LT_reorder_footnote` text,
  `created_by_user` varchar(255) DEFAULT NULL,
  `date_created` timestamp NOT NULL DEFAULT CURRENT_TIMESTAMP,
  `modified_by_user` varchar(255) DEFAULT NULL,
  `date_modified` timestamp NOT NULL DEFAULT CURRENT_TIMESTAMP ON UPDATE CURRENT_TIMESTAMP,
  PRIMARY KEY (`cem_ID`),
  KEY `FK_cem_ce_PK` (`ce_ID`),
  KEY `FK_cem_pi_ID` (`pi_ID`),
  KEY `FK_cem_rs_ID` (`rs_ID`),
  KEY `FK_cem_abj_ID` (`abj_ID`),
  CONSTRAINT `FK_cem_abj_ID` FOREIGN KEY (`abj_ID`) REFERENCES `proc_advance_bdgt_just` (`abj_ID`) ON DELETE CASCADE ON UPDATE CASCADE,
  CONSTRAINT `FK_cem_ce_PK` FOREIGN KEY (`ce_ID`) REFERENCES `proc_cost_element` (`ce_ID`) ON DELETE CASCADE ON UPDATE CASCADE,
  CONSTRAINT `FK_cem_pi_ID` FOREIGN KEY (`pi_ID`) REFERENCES `proc_item` (`pi_ID`) ON DELETE CASCADE ON UPDATE CASCADE,
  CONSTRAINT `FK_cem_rs_ID` FOREIGN KEY (`rs_ID`) REFERENCES `proc_rqmts_sched` (`rs_ID`) ON DELETE CASCADE ON UPDATE CASCADE
) ENGINE=InnoDB DEFAULT CHARSET=utf8 COMMENT='Formerly proc_cost_elem_manuf';

DELIMITER ;;
CREATE trigger insert_CEM_create_n_mod_data before insert ON `proc_manufacturer` for each row begin
    set new.date_created = now();
    set new.created_by_user = user();
    set new.modified_by_user = user();
  end;;
DELIMITER ;

DELIMITER ;;
CREATE trigger update_CEM_mod_data before update ON `proc_manufacturer` for each row begin
    set new.modified_by_user = user();
  end;;
DELIMITER ;

CREATE TABLE `proc_mod_grp` (
  `mg_ID` int(10) unsigned NOT NULL AUTO_INCREMENT,
  `lie_ID` int(10) unsigned NOT NULL,
  `mg_title` varchar(255) NOT NULL,
  `mg_mod_num` varchar(255) NOT NULL,
  `mg_display_order` smallint(5) unsigned NOT NULL,
  `mg_models` varchar(255) NOT NULL,
  `mg_type` varchar(255) DEFAULT NULL,
  `mg_MDAP` varchar(100) DEFAULT NULL,
  `mg_desc` mediumtext NOT NULL,
  `mg_compo_split_remarks` text,
  `created_by_user` varchar(255) DEFAULT NULL,
  `date_created` timestamp NOT NULL DEFAULT CURRENT_TIMESTAMP,
  `modified_by_user` varchar(255) DEFAULT NULL,
  `date_modified` timestamp NOT NULL DEFAULT CURRENT_TIMESTAMP ON UPDATE CURRENT_TIMESTAMP,
  PRIMARY KEY (`mg_ID`) USING BTREE,
  KEY `FK_mg_lie_ID` (`lie_ID`),
  CONSTRAINT `FK_mg_lie_ID` FOREIGN KEY (`lie_ID`) REFERENCES `proc_li_exhibit` (`lie_ID`) ON DELETE CASCADE ON UPDATE CASCADE
) ENGINE=InnoDB DEFAULT CHARSET=utf8;

DELIMITER ;;
CREATE trigger insert_MG_create_n_mod_data before insert on proc_mod_grp
  for each row begin
    set new.date_created = now();
    set new.created_by_user = user();
    set new.modified_by_user = user();
  end;;
DELIMITER ;

DELIMITER ;;
CREATE trigger update_MG_mod_data before update on proc_mod_grp
  for each row begin
    set new.modified_by_user = user();
  end;;
DELIMITER ;

CREATE TABLE `proc_mod_item` (
  `mi_ID` int(10) unsigned NOT NULL AUTO_INCREMENT,
  `mg_ID` int(10) unsigned NOT NULL,
  `mi_title` varchar(255) NOT NULL,
  `mi_display_order` smallint(5) unsigned NOT NULL,
  `mi_qty_byd_ID` int(10) unsigned NOT NULL,
  `mi_total_byd_ID` int(10) unsigned NOT NULL,
  `mi_qty_install_byd_ID` int(10) unsigned DEFAULT NULL,
  `mi_tot_install_byd_ID` int(10) unsigned DEFAULT NULL,
  `mi_remarks` text,
  `mi_compo_split_remarks` text,
  `created_by_user` varchar(255) DEFAULT NULL,
  `date_created` timestamp NOT NULL DEFAULT CURRENT_TIMESTAMP,
  `modified_by_user` varchar(255) DEFAULT NULL,
  `date_modified` timestamp NOT NULL DEFAULT CURRENT_TIMESTAMP ON UPDATE CURRENT_TIMESTAMP,
  PRIMARY KEY (`mi_ID`) USING BTREE,
  KEY `FK_mi_mg_ID` (`mg_ID`),
  KEY `FK_mi_qty_byd_ID` (`mi_qty_byd_ID`) USING BTREE,
  KEY `FK_mi_tot_byd_ID` (`mi_total_byd_ID`),
  KEY `FK_mi_qty_install_byd_ID` (`mi_qty_install_byd_ID`),
  KEY `FK_mi_tot_install_byd_ID` (`mi_tot_install_byd_ID`),
  CONSTRAINT `FK_mi_mg_ID` FOREIGN KEY (`mg_ID`) REFERENCES `proc_mod_grp` (`mg_ID`) ON DELETE CASCADE ON UPDATE CASCADE,
  CONSTRAINT `FK_mi_qty_byd_ID` FOREIGN KEY (`mi_qty_byd_ID`) REFERENCES `proc_bdgt_yrs_data` (`byd_ID`),
  CONSTRAINT `FK_mi_qty_install_byd_ID` FOREIGN KEY (`mi_qty_install_byd_ID`) REFERENCES `proc_bdgt_yrs_data` (`byd_ID`),
  CONSTRAINT `FK_mi_tot_byd_ID` FOREIGN KEY (`mi_total_byd_ID`) REFERENCES `proc_bdgt_yrs_data` (`byd_ID`),
  CONSTRAINT `FK_mi_tot_install_byd_ID` FOREIGN KEY (`mi_tot_install_byd_ID`) REFERENCES `proc_bdgt_yrs_data` (`byd_ID`)
) ENGINE=InnoDB DEFAULT CHARSET=utf8;

DELIMITER ;;
CREATE trigger insert_MI_create_n_mod_data before insert on proc_mod_item
  for each row begin
    set new.date_created = now();
    set new.created_by_user = user();
    set new.modified_by_user = user();
  end;;
DELIMITER ;

DELIMITER ;;
CREATE trigger update_MI_mod_data before update on proc_mod_item
  for each row begin
    set new.modified_by_user = user();
  end;;
DELIMITER ;

CREATE TABLE `proc_mod_item_implem_meth` (
  `miim_ID` int(10) unsigned NOT NULL AUTO_INCREMENT,
  `mi_ID` int(10) unsigned NOT NULL,
  `miim_name` varchar(255) NOT NULL,
  `miim_name_footnote` text,
  `miim_install_name` varchar(100) DEFAULT NULL,
  `miim_install_name_footnote` text,
  `miim_display_order` smallint(5) unsigned NOT NULL,
  `miim_qty` int(10) unsigned DEFAULT NULL,
  `miim_qty_footnote` text,
  `created_by_user` varchar(255) DEFAULT NULL,
  `date_created` timestamp NOT NULL DEFAULT CURRENT_TIMESTAMP,
  `modified_by_user` varchar(255) DEFAULT NULL,
  `date_modified` timestamp NOT NULL DEFAULT CURRENT_TIMESTAMP ON UPDATE CURRENT_TIMESTAMP,
  PRIMARY KEY (`miim_ID`) USING BTREE,
  KEY `FK_miim_mi_ID` (`mi_ID`),
  CONSTRAINT `FK_miim_mi_ID` FOREIGN KEY (`mi_ID`) REFERENCES `proc_mod_item` (`mi_ID`) ON DELETE CASCADE ON UPDATE CASCADE
) ENGINE=InnoDB DEFAULT CHARSET=utf8;

DELIMITER ;;
CREATE trigger insert_MIIM_create_n_mod_data before insert on proc_mod_item_implem_meth
  for each row begin
    set new.date_created = now();
    set new.created_by_user = user();
    set new.modified_by_user = user();
  end;;
DELIMITER ;

DELIMITER ;;
CREATE trigger update_MIIM_mod_data before update on proc_mod_item_implem_meth
  for each row begin
    set new.modified_by_user = user();
  end;;
DELIMITER ;

CREATE TABLE `proc_mod_item_install_cost` (
  `miic_ID` int(10) unsigned NOT NULL AUTO_INCREMENT,
  `miim_ID` int(10) unsigned NOT NULL,
  `miic_display_order` smallint(5) unsigned NOT NULL,
  `miic_FY` enum('PYRS','PY','CY','BY1','BY2','BY3','BY4','BY5','TC','TOTAL') NOT NULL,
  `miic_qty_byd_ID` int(10) unsigned DEFAULT NULL,
  `miic_total_byd_ID` int(10) unsigned DEFAULT NULL,
  `miic_compo_split_remarks` text,
  `created_by_user` varchar(255) DEFAULT NULL,
  `date_created` timestamp NOT NULL DEFAULT CURRENT_TIMESTAMP,
  `modified_by_user` varchar(255) DEFAULT NULL,
  `date_modified` timestamp NOT NULL DEFAULT CURRENT_TIMESTAMP ON UPDATE CURRENT_TIMESTAMP,
  PRIMARY KEY (`miic_ID`) USING BTREE,
  KEY `FK_miic_miim_ID` (`miim_ID`),
  KEY `FK_miic_qty_byd_ID` (`miic_qty_byd_ID`) USING BTREE,
  KEY `FK_miic_tot_byd_ID` (`miic_total_byd_ID`) USING BTREE,
  CONSTRAINT `FK_miic_miim_ID` FOREIGN KEY (`miim_ID`) REFERENCES `proc_mod_item_implem_meth` (`miim_ID`) ON DELETE CASCADE ON UPDATE CASCADE,
  CONSTRAINT `FK_miic_qty_byd_ID` FOREIGN KEY (`miic_qty_byd_ID`) REFERENCES `proc_bdgt_yrs_data` (`byd_ID`),
  CONSTRAINT `FK_miic_tot_byd_ID` FOREIGN KEY (`miic_total_byd_ID`) REFERENCES `proc_bdgt_yrs_data` (`byd_ID`)
) ENGINE=InnoDB DEFAULT CHARSET=utf8;

DELIMITER ;;
CREATE trigger insert_MIIC_create_n_mod_data before insert on proc_mod_item_install_cost
  for each row begin
    set new.date_created = now();
    set new.created_by_user = user();
    set new.modified_by_user = user();
  end;;
DELIMITER ;

DELIMITER ;;
CREATE trigger update_MIIC_mod_data before update on proc_mod_item_install_cost
  for each row begin
    set new.modified_by_user = user();
  end;;
DELIMITER ;

CREATE TABLE `proc_mod_item_install_in_out` (
  `miio_ID` int(10) unsigned NOT NULL AUTO_INCREMENT,
  `miim_ID` int(10) unsigned NOT NULL,
  `miio_type` enum('I','O') NOT NULL DEFAULT 'I',
  `miio_display_order` smallint(5) unsigned NOT NULL,
  `miio_bqd_ID` int(10) unsigned DEFAULT NULL,
  `created_by_user` varchar(255) DEFAULT NULL,
  `date_created` timestamp NOT NULL DEFAULT CURRENT_TIMESTAMP,
  `modified_by_user` varchar(255) DEFAULT NULL,
  `date_modified` timestamp NOT NULL DEFAULT CURRENT_TIMESTAMP ON UPDATE CURRENT_TIMESTAMP,
  PRIMARY KEY (`miio_ID`) USING BTREE,
  KEY `FK_miio_miim_ID` (`miim_ID`),
  KEY `FK_miio_bqd_ID` (`miio_bqd_ID`),
  CONSTRAINT `FK_miio_bqd_ID` FOREIGN KEY (`miio_bqd_ID`) REFERENCES `proc_bdgt_qtrs_data` (`bqd_ID`),
  CONSTRAINT `FK_miio_miim_ID` FOREIGN KEY (`miim_ID`) REFERENCES `proc_mod_item_implem_meth` (`miim_ID`) ON DELETE CASCADE ON UPDATE CASCADE
) ENGINE=InnoDB DEFAULT CHARSET=utf8;

DELIMITER ;;
CREATE trigger insert_MIIO_create_n_mod_data before insert ON `proc_mod_item_install_in_out` for each row begin
    set new.date_created = now();
    set new.created_by_user = user();
    set new.modified_by_user = user();
  end;;
DELIMITER ;

DELIMITER ;;
CREATE trigger update_MIIO_mod_data before update ON `proc_mod_item_install_in_out` for each row begin
    set new.modified_by_user = user();
  end;;
DELIMITER ;

CREATE TABLE `proc_mod_item_manuf` (
  `mim_ID` int(10) unsigned NOT NULL AUTO_INCREMENT,
  `mi_ID` int(10) unsigned NOT NULL,
  `mim_name` varchar(125) NOT NULL,
  `mim_name_footnote` text,
  `mim_location` varchar(125) NOT NULL,
  `mim_location_footnote` text,
  `mim_display_order` smallint(5) unsigned NOT NULL,
  `mim_admin_LT_mm` varchar(25) DEFAULT NULL,
  `mim_admin_LT_mm_footnote` text,
  `mim_prod_LT_mm` varchar(25) DEFAULT NULL,
  `mim_prod_LT_mm_footnote` text,
  `mim_date_cntrct_pys` datetime DEFAULT NULL,
  `mim_date_cntrct_pys_footnote` text,
  `mim_date_cntrct_py` datetime DEFAULT NULL,
  `mim_date_cntrct_py_footnote` text,
  `mim_date_cntrct_cy` datetime DEFAULT NULL,
  `mim_date_cntrct_cy_footnote` text,
  `mim_date_cntrct_by1_base` datetime DEFAULT NULL,
  `mim_date_cntrct_by1_base_footnote` text,
  `mim_date_cntrct_by1_OCO` datetime DEFAULT NULL,
  `mim_date_cntrct_by1_OCO_footnote` text,
  `mim_date_cntrct_by1` datetime DEFAULT NULL,
  `mim_date_cntrct_by1_footnote` text,
  `mim_date_cntrct_by2` datetime DEFAULT NULL,
  `mim_date_cntrct_by2_footnote` text,
  `mim_date_cntrct_by3` datetime DEFAULT NULL,
  `mim_date_cntrct_by3_footnote` text,
  `mim_date_cntrct_by4` datetime DEFAULT NULL,
  `mim_date_cntrct_by4_footnote` text,
  `mim_date_cntrct_by5` datetime DEFAULT NULL,
  `mim_date_cntrct_by5_footnote` text,
  `mim_date_deliv_pys` datetime DEFAULT NULL,
  `mim_date_deliv_pys_footnote` text,
  `mim_date_deliv_py` datetime DEFAULT NULL,
  `mim_date_deliv_py_footnote` text,
  `mim_date_deliv_cy` datetime DEFAULT NULL,
  `mim_date_deliv_cy_footnote` text,
  `mim_date_deliv_by1_base` datetime DEFAULT NULL,
  `mim_date_deliv_by1_base_footnote` text,
  `mim_date_deliv_by1_OCO` datetime DEFAULT NULL,
  `mim_date_deliv_by1_OCO_footnote` text,
  `mim_date_deliv_by1` datetime DEFAULT NULL,
  `mim_date_deliv_by1_footnote` text,
  `mim_date_deliv_by2` datetime DEFAULT NULL,
  `mim_date_deliv_by2_footnote` text,
  `mim_date_deliv_by3` datetime DEFAULT NULL,
  `mim_date_deliv_by3_footnote` text,
  `mim_date_deliv_by4` datetime DEFAULT NULL,
  `mim_date_deliv_by4_footnote` text,
  `mim_date_deliv_by5` datetime DEFAULT NULL,
  `mim_date_deliv_by5_footnote` text,
  `created_by_user` varchar(255) DEFAULT NULL,
  `date_created` timestamp NOT NULL DEFAULT CURRENT_TIMESTAMP,
  `modified_by_user` varchar(255) DEFAULT NULL,
  `date_modified` timestamp NOT NULL DEFAULT CURRENT_TIMESTAMP ON UPDATE CURRENT_TIMESTAMP,
  PRIMARY KEY (`mim_ID`) USING BTREE,
  KEY `FK_mim_mi_ID` (`mi_ID`) USING BTREE,
  CONSTRAINT `FK_mim_mi_ID` FOREIGN KEY (`mi_ID`) REFERENCES `proc_mod_item` (`mi_ID`) ON DELETE CASCADE ON UPDATE CASCADE
) ENGINE=InnoDB DEFAULT CHARSET=utf8;

DELIMITER ;;
CREATE trigger insert_MIM_create_n_mod_data before insert on proc_mod_item_manuf
  for each row begin
    set new.date_created = now();
    set new.created_by_user = user();
    set new.modified_by_user = user();
  end;;
DELIMITER ;

DELIMITER ;;
CREATE trigger update_MIM_mod_data before update on proc_mod_item_manuf
  for each row begin
    set new.modified_by_user = user();
  end;;
DELIMITER ;

CREATE TABLE `proc_mod_milestone` (
  `mm_ID` int(10) unsigned NOT NULL AUTO_INCREMENT,
  `mg_ID` int(10) unsigned NOT NULL,
  `mm_display_order` smallint(5) unsigned NOT NULL,
  `mm_date` date NOT NULL,
  `mm_date_footnote` text,
  `mm_title` varchar(255) NOT NULL,
  `mm_title_footnote` text,
  `mm_desc` varchar(1000) DEFAULT NULL,
  `created_by_user` varchar(256) DEFAULT NULL,
  `date_created` timestamp NOT NULL DEFAULT CURRENT_TIMESTAMP,
  `modified_by_user` varchar(256) DEFAULT NULL,
  `date_modified` timestamp NOT NULL DEFAULT CURRENT_TIMESTAMP,
  PRIMARY KEY (`mm_ID`) USING BTREE,
  KEY `FK_mm_mg_ID` (`mg_ID`) USING BTREE,
  CONSTRAINT `FK_mm_mg_ID` FOREIGN KEY (`mg_ID`) REFERENCES `proc_mod_grp` (`mg_ID`) ON DELETE CASCADE ON UPDATE CASCADE
) ENGINE=InnoDB DEFAULT CHARSET=utf8;

DELIMITER ;;
CREATE trigger insert_MM_create_n_mod_data before insert on proc_mod_milestone
  for each row begin
    set new.date_created = now();
    set new.created_by_user = user();
    set new.modified_by_user = user();
  end;;
DELIMITER ;

DELIMITER ;;
CREATE trigger update_MM_mod_data before update on proc_mod_milestone
  for each row begin
    set new.modified_by_user = user();
  end;;
DELIMITER ;

CREATE TABLE `proc_pfp_cost_elem` (
  `pfpce_ID` int(10) unsigned NOT NULL AUTO_INCREMENT,
  `pfp_ID` int(10) unsigned NOT NULL,
  `pfpcee_ID` int(10) unsigned NOT NULL,
  `pfpce_display_order` smallint(5) unsigned NOT NULL,
  `pfpce_total_byd_ID` int(10) unsigned NOT NULL,
  `pfpce_note` varchar(1000) DEFAULT NULL,
  `created_by_user` varchar(255) DEFAULT NULL,
  `date_created` timestamp NOT NULL DEFAULT CURRENT_TIMESTAMP,
  `modified_by_user` varchar(255) DEFAULT NULL,
  `date_modified` timestamp NOT NULL DEFAULT CURRENT_TIMESTAMP ON UPDATE CURRENT_TIMESTAMP,
  PRIMARY KEY (`pfpce_ID`),
  KEY `FK_pfpce_pfpcee_ID` (`pfpcee_ID`) USING BTREE,
  KEY `FK_pfpce_tot_byd_ID` (`pfpce_total_byd_ID`),
  KEY `FK_pfpce_pfp_PK` (`pfp_ID`) USING BTREE,
  CONSTRAINT `FK_pfpce_pfpcee_ID` FOREIGN KEY (`pfpcee_ID`) REFERENCES `proc_pfp_cost_elem_entry` (`pfpcee_ID`),
  CONSTRAINT `FK_pfpce_pfp_PK` FOREIGN KEY (`pfp_ID`) REFERENCES `proc_prod_facility_proj` (`pfp_ID`) ON DELETE CASCADE ON UPDATE CASCADE,
  CONSTRAINT `FK_pfpce_tot_byd_ID` FOREIGN KEY (`pfpce_total_byd_ID`) REFERENCES `proc_bdgt_yrs_data` (`byd_ID`)
) ENGINE=InnoDB DEFAULT CHARSET=utf8;

DELIMITER ;;
CREATE trigger insert_PFPCE_create_n_mod_data before insert on proc_pfp_cost_elem
  for each row begin
    set new.date_created = now();
    set new.created_by_user = user();
    set new.modified_by_user = user();
  end;;
DELIMITER ;

DELIMITER ;;
CREATE trigger update_PFPCE_mod_data before update on proc_pfp_cost_elem
  for each row begin
    set new.modified_by_user = user();
  end;;
DELIMITER ;

CREATE TABLE `proc_pfp_cost_elem_entry` (
  `pfpcee_ID` int(10) unsigned NOT NULL AUTO_INCREMENT,
  `pfpcee_title` varchar(50) NOT NULL,
  `pfpcee_desc` varchar(255) DEFAULT NULL,
  `created_by_user` varchar(255) DEFAULT NULL,
  `date_created` timestamp NOT NULL DEFAULT CURRENT_TIMESTAMP,
  `modified_by_user` varchar(255) DEFAULT NULL,
  `date_modified` timestamp NOT NULL DEFAULT CURRENT_TIMESTAMP ON UPDATE CURRENT_TIMESTAMP,
  PRIMARY KEY (`pfpcee_ID`) USING BTREE,
  UNIQUE KEY `UN_pfpcee_title` (`pfpcee_title`) USING BTREE
) ENGINE=InnoDB DEFAULT CHARSET=utf8;

DELIMITER ;;
CREATE trigger insert_PFPCEE_create_n_mod_data before insert on proc_pfp_cost_elem_entry
  for each row begin
    set new.date_created = now();
    set new.created_by_user = user();
    set new.modified_by_user = user();
  end;;
DELIMITER ;

DELIMITER ;;
CREATE trigger update_PFPCEE_mod_data before update on proc_pfp_cost_elem_entry
  for each row begin
    set new.modified_by_user = user();
  end;;
DELIMITER ;

CREATE TABLE `proc_pfp_cost_elem_item` (
  `pfpcei_ID` int(10) unsigned NOT NULL AUTO_INCREMENT,
  `pfpce_ID` int(10) unsigned NOT NULL,
  `pfpcei_title` varchar(75) NOT NULL,
  `pfpcei_display_order` smallint(5) unsigned NOT NULL,
  `pfpcei_total_byd_ID` int(10) unsigned NOT NULL,
  `created_by_user` varchar(255) DEFAULT NULL,
  `date_created` timestamp NOT NULL DEFAULT CURRENT_TIMESTAMP,
  `modified_by_user` varchar(255) DEFAULT NULL,
  `date_modified` timestamp NOT NULL DEFAULT CURRENT_TIMESTAMP ON UPDATE CURRENT_TIMESTAMP,
  PRIMARY KEY (`pfpcei_ID`) USING BTREE,
  KEY `FK_pfpcei_tot_byd_ID` (`pfpcei_total_byd_ID`),
  KEY `FK_pfpcei_pfpce_PK` (`pfpce_ID`) USING BTREE,
  CONSTRAINT `FK_pfpcei_pfpce_PK` FOREIGN KEY (`pfpce_ID`) REFERENCES `proc_pfp_cost_elem` (`pfpce_ID`) ON DELETE CASCADE ON UPDATE CASCADE,
  CONSTRAINT `FK_pfpcei_tot_byd_ID` FOREIGN KEY (`pfpcei_total_byd_ID`) REFERENCES `proc_bdgt_yrs_data` (`byd_ID`)
) ENGINE=InnoDB DEFAULT CHARSET=utf8;

DELIMITER ;;
CREATE trigger insert_PFPCEI_create_n_mod_data before insert on proc_pfp_cost_elem_item
  for each row begin
    set new.date_created = now();
    set new.created_by_user = user();
    set new.modified_by_user = user();
  end;;
DELIMITER ;

DELIMITER ;;
CREATE trigger update_PFPCEI_mod_data before update on proc_pfp_cost_elem_item
  for each row begin
    set new.modified_by_user = user();
  end;;
DELIMITER ;

CREATE TABLE `proc_pfp_milestone` (
  `pfpm_ID` int(10) unsigned NOT NULL AUTO_INCREMENT,
  `pfp_ID` int(10) unsigned NOT NULL,
  `pfpme_ID` int(10) unsigned NOT NULL,
  `pfpm_display_order` smallint(5) unsigned NOT NULL,
  `pfpm_month_year` date DEFAULT NULL,
  `pfpm_comment` varchar(25) DEFAULT NULL,
  `created_by_user` varchar(255) DEFAULT NULL,
  `date_created` timestamp NOT NULL DEFAULT CURRENT_TIMESTAMP,
  `modified_by_user` varchar(255) DEFAULT NULL,
  `date_modified` timestamp NOT NULL DEFAULT CURRENT_TIMESTAMP ON UPDATE CURRENT_TIMESTAMP,
  PRIMARY KEY (`pfpm_ID`),
  KEY `FK_pfpm_pfpme_ID` (`pfpme_ID`),
  KEY `FK_pfpm_pfp_PK` (`pfp_ID`) USING BTREE,
  CONSTRAINT `FK_pfpm_pfpme_ID` FOREIGN KEY (`pfpme_ID`) REFERENCES `proc_pfp_milestone_entry` (`pfpme_ID`),
  CONSTRAINT `FK_pfpm_pfp_PK` FOREIGN KEY (`pfp_ID`) REFERENCES `proc_prod_facility_proj` (`pfp_ID`) ON DELETE CASCADE ON UPDATE CASCADE
) ENGINE=InnoDB DEFAULT CHARSET=utf8;

DELIMITER ;;
CREATE trigger insert_PFPM_create_n_mod_data before insert on proc_pfp_milestone
  for each row begin
    set new.date_created = now();
    set new.created_by_user = user();
    set new.modified_by_user = user();
  end;;
DELIMITER ;

DELIMITER ;;
CREATE trigger update_PFPM_mod_data before update on proc_pfp_milestone
  for each row begin
    set new.modified_by_user = user();
  end;;
DELIMITER ;

CREATE TABLE `proc_pfp_milestone_entry` (
  `pfpme_ID` int(10) unsigned NOT NULL AUTO_INCREMENT,
  `pfpme_title` varchar(255) NOT NULL,
  `pfpme_desc` varchar(1000) DEFAULT NULL,
  `created_by_user` varchar(255) DEFAULT NULL,
  `date_created` timestamp NOT NULL DEFAULT CURRENT_TIMESTAMP,
  `modified_by_user` varchar(255) DEFAULT NULL,
  `date_modified` timestamp NOT NULL DEFAULT CURRENT_TIMESTAMP ON UPDATE CURRENT_TIMESTAMP,
  PRIMARY KEY (`pfpme_ID`) USING BTREE
) ENGINE=InnoDB DEFAULT CHARSET=utf8;

DELIMITER ;;
CREATE trigger insert_PFPMT_create_n_mod_data before insert ON `proc_pfp_milestone_entry` for each row begin
    set new.date_created = now();
    set new.created_by_user = user();
    set new.modified_by_user = user();
  end;;
DELIMITER ;

DELIMITER ;;
CREATE trigger update_PFPMT_mod_data before update ON `proc_pfp_milestone_entry` for each row begin
    set new.modified_by_user = user();
  end;;
DELIMITER ;

CREATE TABLE `proc_pfp_related_proj` (
  `pfprp_ID` int(10) unsigned NOT NULL AUTO_INCREMENT,
  `pfp_ID` int(10) unsigned NOT NULL,
  `pfprp_proj_code` varchar(25) NOT NULL,
  `pfprp_title` varchar(255) NOT NULL,
  `pfprp_display_order` smallint(5) unsigned NOT NULL,
  `pfprp_FY` smallint(5) unsigned NOT NULL,
  `pfprp_appn_code` varchar(100) DEFAULT NULL,
  `pfprp_value` decimal(12,3) unsigned NOT NULL,
  `pfprp_facing` varchar(25) DEFAULT NULL,
  `pfprp_start_date` date DEFAULT NULL,
  `pfprp_complete_date` date DEFAULT NULL,
  `created_by_user` varchar(255) DEFAULT NULL,
  `date_created` timestamp NOT NULL DEFAULT CURRENT_TIMESTAMP,
  `modified_by_user` varchar(255) DEFAULT NULL,
  `date_modified` timestamp NOT NULL DEFAULT CURRENT_TIMESTAMP ON UPDATE CURRENT_TIMESTAMP,
  PRIMARY KEY (`pfprp_ID`),
  KEY `FK_pfprp_pfp_PK` (`pfp_ID`) USING BTREE,
  CONSTRAINT `FK_pfprp_pfp_PK` FOREIGN KEY (`pfp_ID`) REFERENCES `proc_prod_facility_proj` (`pfp_ID`) ON DELETE CASCADE ON UPDATE CASCADE
) ENGINE=InnoDB DEFAULT CHARSET=utf8;

DELIMITER ;;
CREATE trigger insert_PFPRP_create_n_mod_data before insert on proc_pfp_related_proj
  for each row begin
    set new.date_created = now();
    set new.created_by_user = user();
    set new.modified_by_user = user();
  end;;
DELIMITER ;

DELIMITER ;;
CREATE trigger update_PFPRP_mod_data before update on proc_pfp_related_proj
  for each row begin
    set new.modified_by_user = user();
  end;;
DELIMITER ;

CREATE TABLE `proc_prod_facility_proj` (
  `pfp_ID` int(10) unsigned NOT NULL AUTO_INCREMENT,
  `pf_ID` int(10) unsigned NOT NULL,
  `pfp_proj_code` varchar(25) NOT NULL,
  `pfp_display_order` smallint(5) unsigned NOT NULL,
  `pfp_proj_cat` varchar(255) DEFAULT NULL,
  `pfp_proj_title` varchar(255) NOT NULL,
  `pfp_end_item` varchar(255) DEFAULT NULL,
  `pfp_capacity_before` varchar(10) DEFAULT NULL,
  `pfp_capacity_after` varchar(10) DEFAULT NULL,
  `pfp_total_byd_ID` int(10) unsigned NOT NULL,
  `pfp_narrative` text,
  `created_by_user` varchar(255) DEFAULT NULL,
  `date_created` timestamp NOT NULL DEFAULT CURRENT_TIMESTAMP,
  `modified_by_user` varchar(255) DEFAULT NULL,
  `date_modified` timestamp NOT NULL DEFAULT CURRENT_TIMESTAMP ON UPDATE CURRENT_TIMESTAMP,
  PRIMARY KEY (`pfp_ID`),
  KEY `FK_pfp_tot_byd_ID` (`pfp_total_byd_ID`),
  KEY `FK_pfp_pf_ID` (`pf_ID`) USING BTREE,
  CONSTRAINT `FK_pfp_pf_ID` FOREIGN KEY (`pf_ID`) REFERENCES `proc_facility` (`pf_ID`) ON DELETE CASCADE ON UPDATE CASCADE,
  CONSTRAINT `FK_pfp_tot_byd_ID` FOREIGN KEY (`pfp_total_byd_ID`) REFERENCES `proc_bdgt_yrs_data` (`byd_ID`)
) ENGINE=InnoDB DEFAULT CHARSET=utf8;

DELIMITER ;;
CREATE trigger insert_PFP_create_n_mod_data before insert on proc_prod_facility_proj
  for each row begin
    set new.date_created = now();
    set new.created_by_user = user();
    set new.modified_by_user = user();
  end;;
DELIMITER ;

DELIMITER ;;
CREATE trigger update_PFP_mod_data before update on proc_prod_facility_proj
  for each row begin
    set new.modified_by_user = user();
  end;;
DELIMITER ;

CREATE TABLE `proc_related_PE` (
  `rpe_ID` int(10) unsigned NOT NULL AUTO_INCREMENT,
  `li_ID` int(10) unsigned DEFAULT NULL,
  `mg_ID` int(10) unsigned DEFAULT NULL,
  `mi_ID` int(10) unsigned DEFAULT NULL,
  `rpe_PE_num` varchar(10) NOT NULL,
  `rpe_PE_num_footnote` text,
  `rpe_PE_flag` enum('R','B') NOT NULL COMMENT 'R=Code A;B=Code B',
  `rpe_display_order` smallint(5) unsigned NOT NULL,
  `rpe_qty_byd_ID` int(10) unsigned DEFAULT NULL,
  `rpe_total_byd_ID` int(10) unsigned DEFAULT NULL,
  `date_created` timestamp NOT NULL DEFAULT CURRENT_TIMESTAMP ON UPDATE CURRENT_TIMESTAMP,
  `created_by_user` varchar(255) DEFAULT NULL,
  `modified_by_user` varchar(255) DEFAULT NULL,
  `date_modified` timestamp NULL DEFAULT NULL,
  PRIMARY KEY (`rpe_ID`),
  KEY `FK_rpe_li_ID` (`li_ID`),
  KEY `FK_rpe_mg_ID` (`mg_ID`),
  KEY `FK_rpe_mi_ID` (`mi_ID`),
  KEY `FK_rpe_qty_byd_ID` (`rpe_qty_byd_ID`),
  KEY `FK_rpe_tot_byd_ID` (`rpe_total_byd_ID`),
  CONSTRAINT `FK_rpe_li_ID` FOREIGN KEY (`li_ID`) REFERENCES `proc_line_item` (`li_ID`) ON DELETE CASCADE ON UPDATE CASCADE,
  CONSTRAINT `FK_rpe_mg_ID` FOREIGN KEY (`mg_ID`) REFERENCES `proc_mod_grp` (`mg_ID`) ON DELETE CASCADE ON UPDATE CASCADE,
  CONSTRAINT `FK_rpe_mi_ID` FOREIGN KEY (`mi_ID`) REFERENCES `proc_mod_item` (`mi_ID`) ON DELETE CASCADE ON UPDATE CASCADE,
  CONSTRAINT `FK_rpe_qty_byd_ID` FOREIGN KEY (`rpe_qty_byd_ID`) REFERENCES `proc_bdgt_yrs_data` (`byd_ID`),
  CONSTRAINT `FK_rpe_tot_byd_ID` FOREIGN KEY (`rpe_total_byd_ID`) REFERENCES `proc_bdgt_yrs_data` (`byd_ID`)
) ENGINE=InnoDB DEFAULT CHARSET=utf8;

DELIMITER ;;
CREATE trigger insert_RPE_create_n_mod_data before insert on proc_related_PE
  for each row begin
    set new.date_created = now();
    set new.created_by_user = user();
    set new.modified_by_user = user();
  end;;
DELIMITER ;

DELIMITER ;;
CREATE trigger update_RPE_mod_data before update on proc_related_PE
  for each row begin
    set new.modified_by_user = user();
  end;;
DELIMITER ;

CREATE TABLE `proc_resource_summ_entry` (
  `rse_ID` int(10) unsigned NOT NULL AUTO_INCREMENT,
  `li_ID` int(10) unsigned DEFAULT NULL,
  `pi_ID` int(10) unsigned DEFAULT NULL,
  `mg_ID` int(10) unsigned DEFAULT NULL,
  `rs_ID` int(10) unsigned DEFAULT NULL,
  `rsel_ID` int(10) unsigned NOT NULL,
  `rse_user_title` varchar(255) DEFAULT NULL,
  `rse_user_title_footnote` text,
  `rse_display_order` smallint(5) unsigned NOT NULL,
  `rse_byd_ID` int(10) unsigned NOT NULL,
  `rse_ID_code` enum('A','B') DEFAULT NULL,
  `created_by_user` varchar(255) DEFAULT NULL,
  `date_created` timestamp NOT NULL DEFAULT CURRENT_TIMESTAMP,
  `modified_by_user` varchar(255) DEFAULT NULL,
  `date_modified` timestamp NOT NULL DEFAULT CURRENT_TIMESTAMP ON UPDATE CURRENT_TIMESTAMP,
  PRIMARY KEY (`rse_ID`) USING BTREE,
  KEY `FK_rse_rsel_ID` (`rsel_ID`),
  KEY `FK_rse_li_ID` (`li_ID`) USING BTREE,
  KEY `FK_rse_pi_ID` (`pi_ID`) USING BTREE,
  KEY `FK_rse_byd_ID` (`rse_byd_ID`),
  KEY `FK_rse_mg_ID` (`mg_ID`),
  KEY `FK_rse_rs_ID` (`rs_ID`),
  CONSTRAINT `FK_rse_byd_ID` FOREIGN KEY (`rse_byd_ID`) REFERENCES `proc_bdgt_yrs_data` (`byd_ID`),
  CONSTRAINT `FK_rse_li_ID` FOREIGN KEY (`li_ID`) REFERENCES `proc_line_item` (`li_ID`) ON DELETE CASCADE ON UPDATE CASCADE,
  CONSTRAINT `FK_rse_mg_ID` FOREIGN KEY (`mg_ID`) REFERENCES `proc_mod_grp` (`mg_ID`) ON DELETE CASCADE ON UPDATE CASCADE,
  CONSTRAINT `FK_rse_pi_ID` FOREIGN KEY (`pi_ID`) REFERENCES `proc_item` (`pi_ID`) ON DELETE CASCADE ON UPDATE CASCADE,
  CONSTRAINT `FK_rse_rsel_ID` FOREIGN KEY (`rsel_ID`) REFERENCES `proc_resource_summ_entry_lkup` (`rsel_ID`),
  CONSTRAINT `FK_rse_rs_ID` FOREIGN KEY (`rs_ID`) REFERENCES `proc_rqmts_sched` (`rs_ID`) ON DELETE CASCADE ON UPDATE CASCADE
) ENGINE=InnoDB DEFAULT CHARSET=utf8;

DELIMITER ;;
CREATE trigger insert_RSE_create_n_mod_data before insert on proc_resource_summ_entry
   for each row begin
     set new.date_created = now();
     set new.created_by_user = user();
     set new.date_modified = now();
     set new.modified_by_user = user();
   end;;
DELIMITER ;

DELIMITER ;;
CREATE trigger update_RSE_mod_data before update on proc_resource_summ_entry
   for each row begin
     set new.modified_by_user = user();
   end;;
DELIMITER ;

CREATE TABLE `proc_resource_summ_entry_lkup` (
  `rsel_ID` int(10) unsigned NOT NULL AUTO_INCREMENT,
  `rsel_title` varchar(255) NOT NULL,
  `rsel_desc` varchar(1000) DEFAULT NULL,
  `rsel_type` enum('Q','C','U') NOT NULL,
  `rsel_status_flag` enum('A','I') NOT NULL DEFAULT 'A',
  `created_by_user` varchar(255) DEFAULT NULL,
  `date_created` timestamp NOT NULL DEFAULT CURRENT_TIMESTAMP,
  `modified_by_user` varchar(255) DEFAULT NULL,
  `date_modified` timestamp NOT NULL DEFAULT CURRENT_TIMESTAMP ON UPDATE CURRENT_TIMESTAMP,
  PRIMARY KEY (`rsel_ID`) USING BTREE,
  UNIQUE KEY `UN_rsel_code` (`rsel_title`) USING BTREE
) ENGINE=InnoDB DEFAULT CHARSET=utf8;

DELIMITER ;;
CREATE trigger insert_RSEL_create_n_mod_data before insert on proc_resource_summ_entry_lkup
   for each row begin
     set new.date_created = now();
     set new.created_by_user = user();
     set new.date_modified = now();
     set new.modified_by_user = user();
   end;;
DELIMITER ;

DELIMITER ;;
CREATE trigger update_RSEL_mod_data before update on proc_resource_summ_entry_lkup
   for each row begin
     set new.modified_by_user = user();
   end;;
DELIMITER ;

CREATE TABLE `proc_rqmts_sched` (
  `rs_ID` int(10) unsigned NOT NULL AUTO_INCREMENT,
  `lie_ID` int(10) unsigned NOT NULL,
  `rs_item_title` varchar(255) NOT NULL,
  `rs_act_inv_bqd_ID` int(10) unsigned DEFAULT NULL,
  `rs_school_bqd_ID` int(10) unsigned DEFAULT NULL,
  `rs_oth_trng_bqd_ID` int(10) unsigned DEFAULT NULL,
  `rs_other_bqd_ID` int(10) unsigned DEFAULT NULL,
  `rs_tot_rqmts_bqd_ID` int(10) unsigned DEFAULT NULL,
  `rs_begin_asset_pos` int(10) unsigned DEFAULT NULL,
  `rs_tot_assets_bqd_ID` int(10) unsigned NOT NULL,
  `rs_short_over_bqd_ID` int(10) unsigned NOT NULL,
  `rs_remarks` mediumtext,
  `created_by_user` varchar(255) DEFAULT NULL,
  `date_created` timestamp NOT NULL DEFAULT CURRENT_TIMESTAMP,
  `modified_by_user` varchar(255) DEFAULT NULL,
  `date_modified` timestamp NOT NULL DEFAULT CURRENT_TIMESTAMP ON UPDATE CURRENT_TIMESTAMP,
  PRIMARY KEY (`rs_ID`) USING BTREE,
  KEY `FK_rs_tot_assets_bqd_ID` (`rs_tot_assets_bqd_ID`),
  KEY `FK_rs_lie_ID` (`lie_ID`) USING BTREE,
  KEY `FK_rs_short_over_bqd_ID` (`rs_short_over_bqd_ID`),
  KEY `FK_rs_act_inv_bqd_ID` (`rs_act_inv_bqd_ID`),
  KEY `FK_rs_school_bqd_ID` (`rs_school_bqd_ID`),
  KEY `FK_rs_oth_trng_bqd_ID` (`rs_oth_trng_bqd_ID`),
  KEY `FK_rs_other_bqd_ID` (`rs_other_bqd_ID`),
  KEY `FK_rs_tot_rqmts_bqd_ID` (`rs_tot_rqmts_bqd_ID`),
  CONSTRAINT `FK_rs_act_inv_bqd_ID` FOREIGN KEY (`rs_act_inv_bqd_ID`) REFERENCES `proc_bdgt_qtrs_data` (`bqd_ID`),
  CONSTRAINT `FK_rs_lie_ID` FOREIGN KEY (`lie_ID`) REFERENCES `proc_li_exhibit` (`lie_ID`) ON DELETE CASCADE ON UPDATE CASCADE,
  CONSTRAINT `FK_rs_other_bqd_ID` FOREIGN KEY (`rs_other_bqd_ID`) REFERENCES `proc_bdgt_qtrs_data` (`bqd_ID`),
  CONSTRAINT `FK_rs_oth_trng_bqd_ID` FOREIGN KEY (`rs_oth_trng_bqd_ID`) REFERENCES `proc_bdgt_qtrs_data` (`bqd_ID`),
  CONSTRAINT `FK_rs_school_bqd_ID` FOREIGN KEY (`rs_school_bqd_ID`) REFERENCES `proc_bdgt_qtrs_data` (`bqd_ID`),
  CONSTRAINT `FK_rs_short_over_bqd_ID` FOREIGN KEY (`rs_short_over_bqd_ID`) REFERENCES `proc_bdgt_qtrs_data` (`bqd_ID`),
  CONSTRAINT `FK_rs_tot_assets_bqd_ID` FOREIGN KEY (`rs_tot_assets_bqd_ID`) REFERENCES `proc_bdgt_qtrs_data` (`bqd_ID`),
  CONSTRAINT `FK_rs_tot_rqmts_bqd_ID` FOREIGN KEY (`rs_tot_rqmts_bqd_ID`) REFERENCES `proc_bdgt_qtrs_data` (`bqd_ID`)
) ENGINE=InnoDB DEFAULT CHARSET=utf8;

DELIMITER ;;
CREATE trigger insert_RS_create_n_mod_data before insert on proc_rqmts_sched
  for each row begin
    set new.date_created = now();
    set new.created_by_user = user();
    set new.modified_by_user = user();
  end;;
DELIMITER ;

DELIMITER ;;
CREATE trigger update_RS_mod_data before update on proc_rqmts_sched
  for each row begin
    set new.modified_by_user = user();
  end;;
DELIMITER ;

CREATE TABLE `proc_rqmts_sched_install_EIF` (
  `rsie_ID` int(10) unsigned NOT NULL AUTO_INCREMENT,
  `rsia_ID` int(10) unsigned NOT NULL,
  `rsie_name` varchar(255) NOT NULL,
  `rsie_display_order` smallint(5) unsigned NOT NULL,
  `rsie_bqd_ID` int(10) unsigned DEFAULT NULL,
  `created_by_user` varchar(255) DEFAULT NULL,
  `date_created` timestamp NOT NULL DEFAULT CURRENT_TIMESTAMP,
  `modified_by_user` varchar(255) DEFAULT NULL,
  `date_modified` timestamp NOT NULL DEFAULT CURRENT_TIMESTAMP ON UPDATE CURRENT_TIMESTAMP,
  PRIMARY KEY (`rsie_ID`) USING BTREE,
  KEY `FK_rsie_rsia_ID` (`rsia_ID`),
  KEY `FK_rsie_bqd_ID` (`rsie_bqd_ID`) USING BTREE,
  CONSTRAINT `FK_rsie_bqd_ID` FOREIGN KEY (`rsie_bqd_ID`) REFERENCES `proc_bdgt_qtrs_data` (`bqd_ID`),
  CONSTRAINT `FK_rsie_rsia_ID` FOREIGN KEY (`rsia_ID`) REFERENCES `proc_rqmts_sched_install_agent` (`rsia_ID`) ON DELETE CASCADE ON UPDATE CASCADE
) ENGINE=InnoDB DEFAULT CHARSET=utf8;

DELIMITER ;;
CREATE trigger insert_RSIE_create_n_mod_data before insert on proc_rqmts_sched_install_EIF
  for each row begin
    set new.date_created = now();
    set new.created_by_user = user();
    set new.modified_by_user = user();
  end;;
DELIMITER ;

DELIMITER ;;
CREATE trigger update_RSIE_mod_data before update on proc_rqmts_sched_install_EIF
  for each row begin
    set new.modified_by_user = user();
  end;;
DELIMITER ;

CREATE TABLE `proc_rqmts_sched_install_agent` (
  `rsia_ID` int(10) unsigned NOT NULL AUTO_INCREMENT,
  `rs_ID` int(10) unsigned NOT NULL,
  `rsia_name` varchar(255) NOT NULL,
  `rsia_loc` varchar(255) DEFAULT NULL,
  `rsia_display_order` smallint(5) unsigned NOT NULL,
  `created_by_user` varchar(255) DEFAULT NULL,
  `date_created` timestamp NOT NULL DEFAULT CURRENT_TIMESTAMP,
  `modified_by_user` varchar(255) DEFAULT NULL,
  `date_modified` timestamp NOT NULL DEFAULT CURRENT_TIMESTAMP ON UPDATE CURRENT_TIMESTAMP,
  PRIMARY KEY (`rsia_ID`) USING BTREE,
  KEY `FK_rsia_rs_ID` (`rs_ID`) USING BTREE,
  CONSTRAINT `FK_rsia_rs_ID` FOREIGN KEY (`rs_ID`) REFERENCES `proc_rqmts_sched` (`rs_ID`) ON DELETE CASCADE ON UPDATE CASCADE
) ENGINE=InnoDB DEFAULT CHARSET=utf8;

DELIMITER ;;
CREATE trigger insert_RSIA_create_n_mod_data before insert on proc_rqmts_sched_install_agent
  for each row begin
    set new.date_created = now();
    set new.created_by_user = user();
    set new.modified_by_user = user();
  end;;
DELIMITER ;

DELIMITER ;;
CREATE trigger update_RSIA_mod_data before update on proc_rqmts_sched_install_agent
  for each row begin
    set new.modified_by_user = user();
  end;;
DELIMITER ;

CREATE TABLE `proc_rqmts_study` (
  `rqs_ID` int(10) unsigned NOT NULL AUTO_INCREMENT,
  `pi_ID` int(10) unsigned NOT NULL,
  `rqs_admin_LT` smallint(5) unsigned NOT NULL,
  `rqs_admin_LT_footnote` text,
  `rqs_prod_LT` smallint(5) unsigned NOT NULL,
  `rqs_prod_LT_footnote` text,
  `rqs_begin_asset_pos` int(10) unsigned NOT NULL,
  `rqs_begin_asset_pos_footnote` text,
  `rqs_pyrs_qty_byd_ID` int(10) unsigned DEFAULT NULL,
  `rqs_py_qty_byd_ID` int(10) unsigned DEFAULT NULL,
  `rqs_cy_qty_byd_ID` int(10) unsigned DEFAULT NULL,
  `rqs_by1_qty_byd_ID` int(10) unsigned DEFAULT NULL,
  `rqs_by1_base_qty_byd_ID` int(10) unsigned DEFAULT NULL,
  `rqs_by1_OCO_qty_byd_ID` int(10) unsigned DEFAULT NULL,
  `rqs_by2_qty_byd_ID` int(10) unsigned DEFAULT NULL,
  `rqs_by3_qty_byd_ID` int(10) unsigned DEFAULT NULL,
  `rqs_by4_qty_byd_ID` int(10) unsigned DEFAULT NULL,
  `rqs_by5_qty_byd_ID` int(10) unsigned DEFAULT NULL,
  `rqs_TC_qty_byd_ID` int(10) unsigned DEFAULT NULL,
  `rqs_tot_assets_byd_ID` int(10) unsigned DEFAULT NULL,
  `rqs_invo_curraa_byd_ID` int(10) unsigned DEFAULT NULL,
  `rqs_remarks` text,
  `created_by_user` varchar(256) DEFAULT NULL,
  `date_created` timestamp NOT NULL DEFAULT CURRENT_TIMESTAMP,
  `modified_by_user` varchar(256) DEFAULT NULL,
  `date_modified` timestamp NOT NULL DEFAULT CURRENT_TIMESTAMP,
  PRIMARY KEY (`rqs_ID`) USING BTREE,
  KEY `FK_rqs_pi_ID` (`pi_ID`) USING BTREE,
  KEY `FK_rqs_pyrs_byd_ID` (`rqs_pyrs_qty_byd_ID`),
  KEY `FK_rqs_py_byd_ID` (`rqs_py_qty_byd_ID`),
  KEY `FK_rqs_cy_byd_ID` (`rqs_cy_qty_byd_ID`),
  KEY `FK_rqs_by1_byd_ID` (`rqs_by1_qty_byd_ID`),
  KEY `FK_rqs_by1_base_byd_ID` (`rqs_by1_base_qty_byd_ID`),
  KEY `FK_rqs_by1_OCO_byd_ID` (`rqs_by1_OCO_qty_byd_ID`),
  KEY `FK_rqs_by2_byd_ID` (`rqs_by2_qty_byd_ID`),
  KEY `FK_rqs_by3_byd_ID` (`rqs_by3_qty_byd_ID`),
  KEY `FK_rqs_by4_byd_ID` (`rqs_by4_qty_byd_ID`),
  KEY `FK_rqs_by5_byd_ID` (`rqs_by5_qty_byd_ID`),
  KEY `FK_rqs_TC_byd_ID` (`rqs_TC_qty_byd_ID`),
  KEY `FK_rqs_TA_byd_ID` (`rqs_tot_assets_byd_ID`),
  KEY `FK_rqs_IOCAA_byd_ID` (`rqs_invo_curraa_byd_ID`),
  CONSTRAINT `FK_rqs_by1_base_byd_ID` FOREIGN KEY (`rqs_by1_base_qty_byd_ID`) REFERENCES `proc_bdgt_yrs_data` (`byd_ID`),
  CONSTRAINT `FK_rqs_by1_byd_ID` FOREIGN KEY (`rqs_by1_qty_byd_ID`) REFERENCES `proc_bdgt_yrs_data` (`byd_ID`),
  CONSTRAINT `FK_rqs_by1_OCO_byd_ID` FOREIGN KEY (`rqs_by1_OCO_qty_byd_ID`) REFERENCES `proc_bdgt_yrs_data` (`byd_ID`),
  CONSTRAINT `FK_rqs_by2_byd_ID` FOREIGN KEY (`rqs_by2_qty_byd_ID`) REFERENCES `proc_bdgt_yrs_data` (`byd_ID`),
  CONSTRAINT `FK_rqs_by3_byd_ID` FOREIGN KEY (`rqs_by3_qty_byd_ID`) REFERENCES `proc_bdgt_yrs_data` (`byd_ID`),
  CONSTRAINT `FK_rqs_by4_byd_ID` FOREIGN KEY (`rqs_by4_qty_byd_ID`) REFERENCES `proc_bdgt_yrs_data` (`byd_ID`),
  CONSTRAINT `FK_rqs_by5_byd_ID` FOREIGN KEY (`rqs_by5_qty_byd_ID`) REFERENCES `proc_bdgt_yrs_data` (`byd_ID`),
  CONSTRAINT `FK_rqs_cy_byd_ID` FOREIGN KEY (`rqs_cy_qty_byd_ID`) REFERENCES `proc_bdgt_yrs_data` (`byd_ID`),
  CONSTRAINT `FK_rqs_IOCAA_byd_ID` FOREIGN KEY (`rqs_invo_curraa_byd_ID`) REFERENCES `proc_bdgt_yrs_data` (`byd_ID`),
  CONSTRAINT `FK_rqs_pi_ID` FOREIGN KEY (`pi_ID`) REFERENCES `proc_item` (`pi_ID`) ON DELETE CASCADE ON UPDATE CASCADE,
  CONSTRAINT `FK_rqs_pyrs_byd_ID` FOREIGN KEY (`rqs_pyrs_qty_byd_ID`) REFERENCES `proc_bdgt_yrs_data` (`byd_ID`),
  CONSTRAINT `FK_rqs_py_byd_ID` FOREIGN KEY (`rqs_py_qty_byd_ID`) REFERENCES `proc_bdgt_yrs_data` (`byd_ID`),
  CONSTRAINT `FK_rqs_TA_byd_ID` FOREIGN KEY (`rqs_tot_assets_byd_ID`) REFERENCES `proc_bdgt_yrs_data` (`byd_ID`),
  CONSTRAINT `FK_rqs_TC_byd_ID` FOREIGN KEY (`rqs_TC_qty_byd_ID`) REFERENCES `proc_bdgt_yrs_data` (`byd_ID`)
) ENGINE=InnoDB DEFAULT CHARSET=utf8;

DELIMITER ;;
CREATE trigger insert_RQS_create_n_mod_data before insert on proc_rqmts_study
  for each row begin
    set new.date_created = now();
    set new.created_by_user = user();
    set new.modified_by_user = user();
  end;;
DELIMITER ;

DELIMITER ;;
CREATE trigger update_RQS_mod_data before update on proc_rqmts_study
  for each row begin
    set new.modified_by_user = user();
  end;;
DELIMITER ;

CREATE TABLE `proc_rqmts_study_aircraft` (
  `rqs_ID` int(10) unsigned NOT NULL AUTO_INCREMENT,
  `rqsa_primary_act_inv` mediumint(8) DEFAULT NULL,
  `rqsa_primary_act_inv_footnote` text,
  `rqsa_pa_mission` mediumint(8) DEFAULT NULL,
  `rqsa_pa_mission_footnote` text,
  `rqsa_pa_training` mediumint(8) DEFAULT NULL,
  `rqsa_pa_training_footnote` text,
  `rqsa_pa_dev_test` mediumint(8) DEFAULT NULL,
  `rqsa_pa_dev_test_footnote` text,
  `rqsa_pa_other` mediumint(8) DEFAULT NULL,
  `rqsa_pa_other_footnote` text,
  `rqsa_act_backup` mediumint(8) DEFAULT NULL,
  `rqsa_act_backup_footnote` text,
  `rqsa_act_attrit_res` mediumint(8) DEFAULT NULL,
  `rqsa_act_attrit_res_footnote` text,
  `rqsa_act_reconst_res` mediumint(8) DEFAULT NULL,
  `rqsa_act_reconst_res_footnote` text,
  `rqsa_tot_act` mediumint(8) DEFAULT NULL,
  `rqsa_tot_act_footnote` text,
  `rqsa_inact_bailment` mediumint(8) DEFAULT NULL,
  `rqsa_inact_bailment_footnote` text,
  `rqsa_inact_contract` mediumint(8) DEFAULT NULL,
  `rqsa_inact_contract_footnote` text,
  `rqsa_inact_FMS` mediumint(8) DEFAULT NULL,
  `rqsa_inact_FMS_footnote` text,
  `rqsa_inact_lease` mediumint(8) DEFAULT NULL,
  `rqsa_inact_lease_footnote` text,
  `rqsa_inact_loan` mediumint(8) DEFAULT NULL,
  `rqsa_inact_loan_footnote` text,
  `rqsa_inact_maint_trng` mediumint(8) DEFAULT NULL,
  `rqsa_inact_maint_trng_footnote` text,
  `rqsa_inact_reclaim` mediumint(8) DEFAULT NULL,
  `rqsa_inact_reclaim_footnote` text,
  `rqsa_inact_storage` mediumint(8) DEFAULT NULL,
  `rqsa_inact_storage_footnote` text,
  `rqsa_inact_other` mediumint(8) DEFAULT NULL,
  `rqsa_inact_other_footnote` text,
  `rqsa_tot_inact` mediumint(8) DEFAULT NULL,
  `rqsa_tot_inact_footnote` text,
  `rqsa_TOAI` mediumint(8) DEFAULT NULL,
  `rqsa_TOAI_footnote` text,
  `created_by_user` varchar(255) DEFAULT NULL,
  `date_created` timestamp NOT NULL DEFAULT CURRENT_TIMESTAMP,
  `modified_by_user` varchar(255) DEFAULT NULL,
  `date_modified` timestamp NOT NULL DEFAULT CURRENT_TIMESTAMP ON UPDATE CURRENT_TIMESTAMP,
  PRIMARY KEY (`rqs_ID`) USING BTREE,
  KEY `FK_rqsa_rqs_ID` (`rqs_ID`),
  CONSTRAINT `FK_rqsa_rqs_ID` FOREIGN KEY (`rqs_ID`) REFERENCES `proc_rqmts_study` (`rqs_ID`) ON DELETE CASCADE ON UPDATE CASCADE
) ENGINE=InnoDB DEFAULT CHARSET=utf8;

DELIMITER ;;
CREATE trigger insert_RQSA_create_n_mod_data before insert on proc_rqmts_study_aircraft
  for each row begin
    set new.date_created = now();
    set new.created_by_user = user();
    set new.modified_by_user = user();
  end;;
DELIMITER ;

DELIMITER ;;
CREATE trigger update_RQSA_mod_data before update on proc_rqmts_study_aircraft
  for each row begin
    set new.modified_by_user = user();
  end;;
DELIMITER ;

CREATE TABLE `proc_rqmts_study_inv_obj` (
  `rqsio_ID` int(10) unsigned NOT NULL AUTO_INCREMENT,
  `rqs_ID` int(10) unsigned NOT NULL,
  `rqsio_elem_title` varchar(255) NOT NULL,
  `rqsio_elem_title_footnote` text,
  `rqsio_elem_qty` smallint(5) unsigned NOT NULL,
  `rqsio_elem_qty_footnote` text,
  `rqsio_display_order` smallint(5) unsigned NOT NULL,
  `created_by_user` varchar(255) DEFAULT NULL,
  `date_created` timestamp NOT NULL DEFAULT CURRENT_TIMESTAMP,
  `modified_by_user` varchar(255) DEFAULT NULL,
  `date_modified` timestamp NOT NULL DEFAULT CURRENT_TIMESTAMP ON UPDATE CURRENT_TIMESTAMP,
  PRIMARY KEY (`rqsio_ID`) USING BTREE,
  KEY `FK_rqsio_rqssi_ID` (`rqs_ID`) USING BTREE,
  CONSTRAINT `FK_rqsio_rqs_ID` FOREIGN KEY (`rqs_ID`) REFERENCES `proc_rqmts_study` (`rqs_ID`) ON DELETE CASCADE ON UPDATE CASCADE
) ENGINE=InnoDB DEFAULT CHARSET=utf8;

DELIMITER ;;
CREATE trigger insert_RQSIO_create_n_mod_data before insert on proc_rqmts_study_inv_obj
  for each row begin
    set new.date_created = now();
    set new.created_by_user = user();
    set new.modified_by_user = user();
  end;;
DELIMITER ;

DELIMITER ;;
CREATE trigger update_RQSIO_mod_data before update on proc_rqmts_study_inv_obj
  for each row begin
    set new.modified_by_user = user();
  end;;
DELIMITER ;

CREATE TABLE `proc_rqmts_study_suppl_info` (
  `rqssi_ID` int(10) unsigned NOT NULL AUTO_INCREMENT,
  `rqs_ID` int(10) unsigned NOT NULL,
  `cec_ID` int(10) unsigned DEFAULT NULL,
  `rqssi_display_order` smallint(5) unsigned NOT NULL,
  `rqssi_py_qty` int(11) DEFAULT NULL,
  `rqssi_py-1_qty` int(11) DEFAULT NULL,
  `rqssi_py-2_qty` int(11) DEFAULT NULL,
  `rqssi_py-3_qty` int(11) DEFAULT NULL,
  `rqssi_by1_qty` int(11) DEFAULT NULL,
  `rqssi_by2_qty` int(11) DEFAULT NULL,
  `rqssi_augment_qty` int(11) DEFAULT NULL,
  `created_by_user` varchar(255) DEFAULT NULL,
  `date_created` timestamp NOT NULL DEFAULT CURRENT_TIMESTAMP,
  `modified_by_user` varchar(255) DEFAULT NULL,
  `date_modified` timestamp NOT NULL DEFAULT CURRENT_TIMESTAMP ON UPDATE CURRENT_TIMESTAMP,
  PRIMARY KEY (`rqssi_ID`) USING BTREE,
  KEY `FK_rqssi_rqs_ID` (`rqs_ID`),
  KEY `FK_rqssi_cec_ID` (`cec_ID`),
  CONSTRAINT `FK_rqssi_cec_ID` FOREIGN KEY (`cec_ID`) REFERENCES `proc_cost_elem_cat` (`cec_ID`),
  CONSTRAINT `FK_rqssi_rqs_ID` FOREIGN KEY (`rqs_ID`) REFERENCES `proc_rqmts_study` (`rqs_ID`) ON DELETE CASCADE ON UPDATE CASCADE
) ENGINE=InnoDB DEFAULT CHARSET=utf8;

DELIMITER ;;
CREATE trigger insert_RQSSI_create_n_mod_data before insert on proc_rqmts_study_suppl_info
  for each row begin
    set new.date_created = now();
    set new.created_by_user = user();
    set new.modified_by_user = user();
  end;;
DELIMITER ;

DELIMITER ;;
CREATE trigger update_RQSSI_mod_data before update on proc_rqmts_study_suppl_info
  for each row begin
    set new.modified_by_user = user();
  end;;
DELIMITER ;

CREATE TABLE `proc_service_component` (
  `sc_ID` int(10) unsigned NOT NULL AUTO_INCREMENT,
  `BUDGES_SERV_AGY_ID` int(10) unsigned NOT NULL,
  `sc_title` varchar(50) NOT NULL,
  `sc_code` varchar(15) NOT NULL,
  `sc_desc` varchar(100) DEFAULT NULL,
  `sc_status_flag` enum('A','I') NOT NULL DEFAULT 'A',
  `created_by_user` varchar(255) DEFAULT NULL,
  `date_created` timestamp NOT NULL DEFAULT CURRENT_TIMESTAMP,
  `modified_by_user` varchar(255) DEFAULT NULL,
  `date_modified` timestamp NOT NULL DEFAULT CURRENT_TIMESTAMP ON UPDATE CURRENT_TIMESTAMP,
  PRIMARY KEY (`sc_ID`) USING BTREE,
  UNIQUE KEY `UN_sc_sa_ID_sc_title` (`BUDGES_SERV_AGY_ID`,`sc_title`) USING BTREE,
  UNIQUE KEY `UN_sc_sc_code` (`sc_code`) USING BTREE,
  KEY `FK_sc_service_ID` (`BUDGES_SERV_AGY_ID`),
  CONSTRAINT `FK_sc_service_ID` FOREIGN KEY (`BUDGES_SERV_AGY_ID`) REFERENCES `SERVICE_AGENCY` (`BUDGES_SERV_AGY_ID`)
) ENGINE=InnoDB DEFAULT CHARSET=utf8;

DELIMITER ;;
CREATE trigger insert_SC_create_n_mod_data before insert on proc_service_component
  for each row begin
    set new.date_created = now();
    set new.created_by_user = user();
    set new.modified_by_user = user();
  end;;
DELIMITER ;

DELIMITER ;;
CREATE trigger update_SC_mod_data before update on proc_service_component
  for each row begin
    set new.modified_by_user = user();
  end;;
DELIMITER ;

CREATE TABLE `proc_spare_part_BA` (
  `spba_ID` int(10) unsigned NOT NULL AUTO_INCREMENT,
  `spc_ID` int(10) unsigned NOT NULL,
  `ba_ID` int(10) unsigned NOT NULL,
  `spba_display_order` smallint(5) unsigned NOT NULL,
  `created_by_user` varchar(255) DEFAULT NULL,
  `date_created` timestamp NOT NULL DEFAULT CURRENT_TIMESTAMP,
  `modified_by_user` varchar(255) DEFAULT NULL,
  `date_modified` timestamp NOT NULL DEFAULT CURRENT_TIMESTAMP ON UPDATE CURRENT_TIMESTAMP,
  PRIMARY KEY (`spba_ID`) USING BTREE,
  KEY `FK_spba_spc_ID` (`spc_ID`),
  KEY `FK_spba_ba_ID` (`ba_ID`),
  CONSTRAINT `FK_spba_ba_ID` FOREIGN KEY (`ba_ID`) REFERENCES `proc_budget_activity` (`ba_ID`),
  CONSTRAINT `FK_spba_spc_ID` FOREIGN KEY (`spc_ID`) REFERENCES `proc_spare_part_cat` (`spc_ID`) ON DELETE CASCADE ON UPDATE CASCADE
) ENGINE=InnoDB DEFAULT CHARSET=utf8;

DELIMITER ;;
CREATE trigger insert_SPBA_create_n_mod_data before insert on proc_spare_part_BA
  for each row begin
    set new.date_created = now();
    set new.created_by_user = user();

    set new.modified_by_user = user();
  end;;
DELIMITER ;

DELIMITER ;;
CREATE trigger update_SPBA_mod_data before update on proc_spare_part_BA
  for each row begin
    set new.modified_by_user = user();
  end;;
DELIMITER ;

CREATE TABLE `proc_spare_part_cat` (
  `spc_ID` int(10) unsigned NOT NULL AUTO_INCREMENT,
  `spr_ID` int(10) unsigned NOT NULL,
  `cec_ID` int(10) unsigned NOT NULL,
  `spc_byd_ID` int(10) unsigned DEFAULT NULL,
  `spc_display_order` smallint(5) unsigned NOT NULL,
  `created_by_user` varchar(255) DEFAULT NULL,
  `date_created` timestamp NOT NULL DEFAULT CURRENT_TIMESTAMP,
  `modified_by_user` varchar(255) DEFAULT NULL,
  `date_modified` timestamp NOT NULL DEFAULT CURRENT_TIMESTAMP ON UPDATE CURRENT_TIMESTAMP,
  PRIMARY KEY (`spc_ID`) USING BTREE,
  KEY `FK_spc_spr_ID` (`spr_ID`) USING BTREE,
  KEY `FK_spc_cec_ID` (`cec_ID`) USING BTREE,
  CONSTRAINT `FK_spc_cec_ID` FOREIGN KEY (`cec_ID`) REFERENCES `proc_cost_elem_cat` (`cec_ID`),
  CONSTRAINT `FK_spc_spr_ID` FOREIGN KEY (`spr_ID`) REFERENCES `proc_spare_part_rqmt` (`spr_ID`) ON DELETE CASCADE ON UPDATE CASCADE
) ENGINE=InnoDB DEFAULT CHARSET=utf8;

DELIMITER ;;
CREATE trigger insert_SPC_create_n_mod_data before insert on proc_spare_part_cat
  for each row begin
    set new.date_created = now();
    set new.created_by_user = user();
    set new.modified_by_user = user();
  end;;
DELIMITER ;

DELIMITER ;;
CREATE trigger update_SPC_mod_data before update on proc_spare_part_cat
  for each row begin
    set new.modified_by_user = user();
  end;;
DELIMITER ;

CREATE TABLE `proc_spare_part_end_item` (
  `spei_ID` int(10) unsigned NOT NULL AUTO_INCREMENT,
  `spba_ID` int(10) unsigned NOT NULL,
  `spei_name` varchar(255) NOT NULL,
  `spei_display_order` smallint(5) unsigned NOT NULL,
  `spei_VDR_byd_ID` int(10) unsigned DEFAULT NULL,
  `spei_WCF_byd_ID` int(10) unsigned DEFAULT NULL,
  `spei_byd_ID` int(10) unsigned DEFAULT NULL,
  `spei_P1_line_num` varchar(10) DEFAULT NULL,
  `spei_MDAP` varchar(100) DEFAULT NULL,
  `spei_elem_num` varchar(25) NOT NULL DEFAULT '0',
  `spei_remarks` text,
  `created_by_user` varchar(255) DEFAULT NULL,
  `date_created` timestamp NOT NULL DEFAULT CURRENT_TIMESTAMP,
  `modified_by_user` varchar(255) DEFAULT NULL,
  `date_modified` timestamp NOT NULL DEFAULT CURRENT_TIMESTAMP ON UPDATE CURRENT_TIMESTAMP,
  PRIMARY KEY (`spei_ID`) USING BTREE,
  KEY `FK_spei_spba_ID` (`spba_ID`),
  KEY `FK_spei_VDR_byd_ID` (`spei_VDR_byd_ID`),
  KEY `FK_spei_WCF_byd_ID` (`spei_WCF_byd_ID`),
  CONSTRAINT `FK_spei_spba_ID` FOREIGN KEY (`spba_ID`) REFERENCES `proc_spare_part_BA` (`spba_ID`) ON DELETE CASCADE ON UPDATE CASCADE,
  CONSTRAINT `FK_spei_VDR_byd_ID` FOREIGN KEY (`spei_VDR_byd_ID`) REFERENCES `proc_bdgt_yrs_data` (`byd_ID`),
  CONSTRAINT `FK_spei_WCF_byd_ID` FOREIGN KEY (`spei_WCF_byd_ID`) REFERENCES `proc_bdgt_yrs_data` (`byd_ID`)
) ENGINE=InnoDB DEFAULT CHARSET=utf8;

DELIMITER ;;
CREATE trigger insert_SPEI_create_n_mod_data before insert on proc_spare_part_end_item
  for each row begin
    set new.date_created = now();
    set new.created_by_user = user();
    set new.modified_by_user = user();
  end;;
DELIMITER ;

DELIMITER ;;
CREATE trigger update_SPEI_mod_data before update on proc_spare_part_end_item
  for each row begin
    set new.modified_by_user = user();
  end;;
DELIMITER ;

CREATE TABLE `proc_spare_part_rqmt` (
  `spr_ID` int(10) unsigned NOT NULL AUTO_INCREMENT,
  `lie_ID` int(10) unsigned NOT NULL,
  `spr_name` varchar(255) NOT NULL,
  `spr_display_order` smallint(5) unsigned NOT NULL,
  `spr_total_byd_ID` int(10) unsigned NOT NULL,
  `spr_remarks` mediumtext,
  `created_by_user` varchar(255) DEFAULT NULL,
  `date_created` timestamp NOT NULL DEFAULT CURRENT_TIMESTAMP,
  `modified_by_user` varchar(255) DEFAULT NULL,
  `date_modified` timestamp NOT NULL DEFAULT CURRENT_TIMESTAMP ON UPDATE CURRENT_TIMESTAMP,
  PRIMARY KEY (`spr_ID`) USING BTREE,
  KEY `FK_spr_lie_ID` (`lie_ID`),
  KEY `FK_spr_tot_byd_ID` (`spr_total_byd_ID`),
  CONSTRAINT `FK_spr_lie_ID` FOREIGN KEY (`lie_ID`) REFERENCES `proc_li_exhibit` (`lie_ID`) ON DELETE CASCADE ON UPDATE CASCADE,
  CONSTRAINT `FK_spr_tot_byd_ID` FOREIGN KEY (`spr_total_byd_ID`) REFERENCES `proc_bdgt_yrs_data` (`byd_ID`)
) ENGINE=InnoDB DEFAULT CHARSET=utf8;

DELIMITER ;;
CREATE trigger insert_SPR_create_n_mod_data before insert on proc_spare_part_rqmt
  for each row begin
    set new.date_created = now();
    set new.created_by_user = user();
    set new.modified_by_user = user();
  end;;
DELIMITER ;

DELIMITER ;;
CREATE trigger update_SPR_mod_data before update on proc_spare_part_rqmt
  for each row begin
    set new.modified_by_user = user();
  end;;
DELIMITER ;

CREATE TABLE `role` (
  `role_id` int(10) unsigned NOT NULL AUTO_INCREMENT,
  `role_name` varchar(32) NOT NULL,
  `role_desc` varchar(1000) DEFAULT NULL,
  `CREATED_BY_USER` varchar(256) DEFAULT NULL,
  `DATE_CREATED` timestamp NOT NULL DEFAULT '2000-01-01 05:00:00',
  `MODIFIED_BY_USER` varchar(256) DEFAULT NULL,
  `DATE_MODIFIED` timestamp NOT NULL DEFAULT CURRENT_TIMESTAMP ON UPDATE CURRENT_TIMESTAMP,
  PRIMARY KEY (`role_id`)
) ENGINE=InnoDB DEFAULT CHARSET=utf8;

DELIMITER ;;
CREATE trigger insert_role_create_n_mod_data before insert on role
  for each row begin
    set new.date_created = now();
    set new.created_by_user = user();
    set new.modified_by_user = user();
  end;;
DELIMITER ;

DELIMITER ;;
CREATE trigger update_role_mod_data before update on role
  for each row begin
    set new.modified_by_user = user();
  end;;
DELIMITER ;

CREATE TABLE `role_permission` (
  `rp_id` int(10) unsigned NOT NULL AUTO_INCREMENT,
  `role_id` int(10) unsigned NOT NULL,
  `perm_id` int(10) unsigned NOT NULL,
  `CREATED_BY_USER` varchar(256) DEFAULT NULL,
  `DATE_CREATED` timestamp NOT NULL DEFAULT '2000-01-01 05:00:00',
  `MODIFIED_BY_USER` varchar(256) DEFAULT NULL,
  `DATE_MODIFIED` timestamp NOT NULL DEFAULT CURRENT_TIMESTAMP ON UPDATE CURRENT_TIMESTAMP,
  PRIMARY KEY (`rp_id`),
  KEY `FK_rp_role_ID` (`role_id`),
  KEY `FK_rp_perm_ID` (`perm_id`),
  CONSTRAINT `FK_rp_perm_ID` FOREIGN KEY (`perm_id`) REFERENCES `permission` (`perm_id`),
  CONSTRAINT `FK_rp_role_ID` FOREIGN KEY (`role_id`) REFERENCES `role` (`role_id`)
) ENGINE=InnoDB DEFAULT CHARSET=utf8;

DELIMITER ;;
CREATE trigger insert_rp_create_n_mod_data before insert on role_permission
  for each row begin
    set new.date_created = now();
    set new.created_by_user = user();
    set new.modified_by_user = user();
  end;;
DELIMITER ;

DELIMITER ;;
CREATE trigger update_rp_mod_data before update on role_permission
  for each row begin
    set new.modified_by_user = user();
  end;;
DELIMITER ;

CREATE TABLE `service_agency_acct` (
  `saa_ID` int(10) unsigned NOT NULL AUTO_INCREMENT,
  `aa_ID` int(10) unsigned NOT NULL,
  `sa_ID` int(10) unsigned NOT NULL,
  `saa_budget_tag` enum('R2','P40') NOT NULL DEFAULT 'P40',
  `saa_status_flag` enum('A','I') NOT NULL DEFAULT 'A',
  `created_by_user` varchar(255) DEFAULT NULL,
  `date_created` timestamp NOT NULL DEFAULT CURRENT_TIMESTAMP,
  `modified_by_user` varchar(255) DEFAULT NULL,
  `date_modified` timestamp NOT NULL DEFAULT CURRENT_TIMESTAMP ON UPDATE CURRENT_TIMESTAMP,
  PRIMARY KEY (`saa_ID`),
  UNIQUE KEY `UN_saa_aa_sa_IDs` (`aa_ID`,`sa_ID`),
  KEY `FK_saa_sa_ID` (`sa_ID`),
  CONSTRAINT `FK_saa_aa_ID` FOREIGN KEY (`aa_ID`) REFERENCES `APPROP_ACCOUNT` (`BUDGES_APPROP_ACCT_ID`),
  CONSTRAINT `FK_saa_sa_ID` FOREIGN KEY (`sa_ID`) REFERENCES `SERVICE_AGENCY` (`BUDGES_SERV_AGY_ID`)
) ENGINE=InnoDB DEFAULT CHARSET=utf8;

DELIMITER ;;
CREATE trigger insert_SAA_create_n_mod_data before insert ON `service_agency_acct` for each row begin
    set new.date_created = now();
    set new.created_by_user = user();
    set new.modified_by_user = user();
  end;;
DELIMITER ;

DELIMITER ;;
CREATE trigger update_SAA_mod_data before update ON `service_agency_acct` for each row begin
    set new.modified_by_user = user();
  end;;
DELIMITER ;

CREATE TABLE `user_line_item` (
  `uli_ID` int(10) unsigned NOT NULL AUTO_INCREMENT,
  `BUDGES_USER_ID` int(10) unsigned NOT NULL,
  `li_ID` int(10) unsigned NOT NULL,
  `view_priv` enum('N','Y') NOT NULL DEFAULT 'N',
  `edit_priv` enum('N','Y') NOT NULL DEFAULT 'N',
  `CREATED_BY_USER` varchar(256) DEFAULT NULL,
  `DATE_CREATED` timestamp NOT NULL DEFAULT CURRENT_TIMESTAMP,
  `MODIFIED_BY_USER` varchar(256) DEFAULT NULL,
  `DATE_MODIFIED` timestamp NOT NULL DEFAULT CURRENT_TIMESTAMP ON UPDATE CURRENT_TIMESTAMP,
  PRIMARY KEY (`uli_ID`) USING BTREE,
  UNIQUE KEY `UN_uli_USER_li_IDs` (`BUDGES_USER_ID`,`li_ID`) USING BTREE,
  KEY `FK_uli_li_ID` (`li_ID`),
  CONSTRAINT `FK_uli_BUDGES_USER_ID` FOREIGN KEY (`BUDGES_USER_ID`) REFERENCES `USER` (`BUDGES_USER_ID`) ON DELETE CASCADE ON UPDATE CASCADE,
  CONSTRAINT `FK_uli_li_ID` FOREIGN KEY (`li_ID`) REFERENCES `proc_line_item` (`li_ID`) ON DELETE CASCADE ON UPDATE CASCADE
) ENGINE=InnoDB DEFAULT CHARSET=utf8;

DELIMITER ;;
CREATE trigger insert_ULI_create_n_mod_data before insert on user_line_item
  for each row begin
    set new.date_created = now();
    set new.created_by_user = user();
--    set new.date_modified = now();
    set new.modified_by_user = user();
  end;;
DELIMITER ;

DELIMITER ;;
CREATE trigger update_ULI_mod_data before update on user_line_item
  for each row begin
--    set new.date_modified = now();
    set new.modified_by_user = user();
  end;;
DELIMITER ;

CREATE TABLE `user_role` (
  `ur_id` int(10) unsigned NOT NULL AUTO_INCREMENT,
  `user_id` int(10) unsigned NOT NULL,
  `role_id` int(10) unsigned NOT NULL,
  `CREATED_BY_USER` varchar(256) DEFAULT NULL,
  `DATE_CREATED` timestamp NOT NULL DEFAULT '2000-01-01 05:00:00',
  `MODIFIED_BY_USER` varchar(256) DEFAULT NULL,
  `DATE_MODIFIED` timestamp NOT NULL DEFAULT CURRENT_TIMESTAMP ON UPDATE CURRENT_TIMESTAMP,
  PRIMARY KEY (`ur_id`),
  UNIQUE KEY `UN_ur_user_role_IDs` (`user_id`,`role_id`),
  KEY `FK_ur_user_ID` (`user_id`),
  KEY `FK_ur_role_ID` (`role_id`),
  CONSTRAINT `FK_ur_role_ID` FOREIGN KEY (`role_id`) REFERENCES `role` (`role_id`) ON DELETE CASCADE ON UPDATE CASCADE,
  CONSTRAINT `FK_ur_user_ID` FOREIGN KEY (`user_id`) REFERENCES `USER` (`BUDGES_USER_ID`)
) ENGINE=InnoDB DEFAULT CHARSET=utf8;

DELIMITER ;;
CREATE trigger insert_ur_create_n_mod_data before insert on user_role
  for each row begin
    set new.date_created = now();
    set new.created_by_user = user();
    set new.modified_by_user = user();
  end;;
DELIMITER ;

DELIMITER ;;
CREATE trigger update_ur_mod_data before update on user_role
  for each row begin
    set new.modified_by_user = user();
  end;;
DELIMITER ;

CREATE ALGORITHM=UNDEFINED
VIEW `v_ce_cat_levels` AS select (select `i`.`ie_code` from `proc_item_exhibit` `i` where (`i`.`ie_ID` = `p`.`ie_ID`)) AS `Exhibit`,(select `c`.`cec_title` from `proc_cost_elem_cat` `c` where (`c`.`cec_ID` = `p`.`cec_ID_level1`)) AS `Item Cat 1`,(select `c`.`cec_title` from `proc_cost_elem_cat` `c` where (`c`.`cec_ID` = `p`.`cec_ID_level2`)) AS `Item Cat 2`,(select `c`.`cec_title` from `proc_cost_elem_cat` `c` where (`c`.`cec_ID` = `p`.`cec_ID_level3`)) AS `Item Cat 3`,(select `c`.`cec_title` from `proc_cost_elem_cat` `c` where (`c`.`cec_ID` = `p`.`cec_ID_level4`)) AS `Item Cat 4`,(select `c`.`cec_title` from `proc_cost_elem_cat` `c` where (`c`.`cec_ID` = `p`.`cec_ID_level5`)) AS `Item Cat 5` from `proc_cost_elem_cat_exhibit` `p` order by 1,2;

CREATE ALGORITHM=UNDEFINED
VIEW `v_contract_meth_type_fundveh` AS select ifnull((select `m`.`PCCI_CONTRACT_METHOD` from `PCCI_CONTRACT_METHOD` `m` where (`c`.`pcm_ID` = `m`.`BUDGES_PCCI_CONTRACT_METHOD_ID`)),'Vehicle Only') AS `Method`,ifnull((select `m`.`PCCI_CONTRACT_METHOD_DESC` from `PCCI_CONTRACT_METHOD` `m` where (`c`.`pcm_ID` = `m`.`BUDGES_PCCI_CONTRACT_METHOD_ID`)),'Vehicle Only') AS `Method Desc`,ifnull((select `t`.`PCCI_CONTRACT_TYPE` from `PCCI_CONTRACT_TYPE` `t` where (`c`.`pct_ID` = `t`.`BUDGES_PCCI_CONTRACT_TYPE_ID`)),'N/A') AS `Type`,ifnull((select `t`.`PCCI_CONTRACT_TYPE_DESC` from `PCCI_CONTRACT_TYPE` `t` where (`c`.`pct_ID` = `t`.`BUDGES_PCCI_CONTRACT_TYPE_ID`)),'N/A') AS `Type Desc`,ifnull((select `v`.`PCCI_FUND_VEHICLE` from `PCCI_FUND_VEHICLE` `v` where (`c`.`pfv_id` = `v`.`BUDGES_PCCI_FUND_VEHICLE_ID`)),'N/A') AS `Vehicle`,ifnull((select `v`.`PCCI_FUND_VEHICLE_DESC` from `PCCI_FUND_VEHICLE` `v` where (`c`.`pfv_id` = `v`.`BUDGES_PCCI_FUND_VEHICLE_ID`)),'N/A') AS `Vehicle Desc` from `contract_method_type_fundveh` `c` order by 1,2;

DELIMITER ;;
CREATE FUNCTION `fn_budget_act_number`(budget_act_ID INT) RETURNS tinyint(2)
    DETERMINISTIC
BEGIN
  DECLARE rt_budget_act_number TINYINT(2);
  SELECT BUDGES_BA_NUM INTO rt_budget_act_number
    FROM BUDGET_ACTIVITY WHERE BUDGES_BUDGET_ACTIVITY_ID = budget_act_ID;
  RETURN rt_budget_act_number;
END;;
DELIMITER ;

DELIMITER ;;
CREATE FUNCTION `fn_budget_act_title_proc`(budget_act_ID INT) RETURNS varchar(255) CHARSET utf8
    DETERMINISTIC
BEGIN
  DECLARE rt_budget_act_title VARCHAR(255);
DECLARE EXIT HANDLER FOR NOT FOUND RETURN "** Missing **";
  SELECT ba_title INTO rt_budget_act_title
    FROM proc_budget_activity WHERE ba_ID = budget_act_ID;
  RETURN rt_budget_act_title;
END;;
DELIMITER ;

DELIMITER ;;
CREATE FUNCTION `fn_budget_approp_acct`(budget_aa_ID INT) RETURNS varchar(10) CHARSET utf8
    DETERMINISTIC
BEGIN

  DECLARE rt_budget_approp_acct VARCHAR(10);

DECLARE EXIT HANDLER FOR NOT FOUND RETURN 'Missing';

  SELECT BUDGES_APPROP_ACCT_CODE INTO rt_budget_approp_acct

    FROM APPROP_ACCOUNT WHERE BUDGES_APPROP_ACCT_ID = budget_aa_ID;

  RETURN rt_budget_approp_acct;

END;;
DELIMITER ;

DELIMITER ;;
CREATE FUNCTION `fn_budget_approp_acct_title`(budget_aa_ID INT) RETURNS varchar(75) CHARSET utf8
    DETERMINISTIC
BEGIN

  DECLARE rt_budget_approp_acct_title VARCHAR(75);

DECLARE EXIT HANDLER FOR NOT FOUND RETURN '** Missing **';

  SELECT BUDGES_APPROP_ACCT_NAME INTO rt_budget_approp_acct_title

    FROM APPROP_ACCOUNT WHERE BUDGES_APPROP_ACCT_ID = budget_aa_ID;

  RETURN rt_budget_approp_acct_title;

END;;
DELIMITER ;

DELIMITER ;;
CREATE FUNCTION `fn_budget_sub_act_num`(budget_sub_act_ID INT) RETURNS tinyint(3)
    DETERMINISTIC
BEGIN
  DECLARE rt_budget_sub_act_num TINYINT(3);
DECLARE EXIT HANDLER FOR NOT FOUND RETURN 0;
  SELECT bsa_num INTO rt_budget_sub_act_num
    FROM proc_budget_sub_activity WHERE bsa_ID = budget_sub_act_ID;
  RETURN rt_budget_sub_act_num;
END;;
DELIMITER ;

DELIMITER ;;
CREATE FUNCTION `fn_budget_sub_act_title`(budget_sub_act_ID INT) RETURNS varchar(255) CHARSET utf8
    DETERMINISTIC
BEGIN
  DECLARE rt_budget_sub_act_title VARCHAR(255);
DECLARE EXIT HANDLER FOR NOT FOUND RETURN "** Missing **";
  SELECT bsa_title INTO rt_budget_sub_act_title
    FROM proc_budget_sub_activity WHERE bsa_ID = budget_sub_act_ID;
  RETURN rt_budget_sub_act_title;
END;;
DELIMITER ;

DELIMITER ;;
CREATE FUNCTION `fn_exhibit_code_proc`(item_exhibit_ID INT) RETURNS varchar(20) CHARSET utf8
    DETERMINISTIC
BEGIN
  DECLARE rt_exhibit_code VARCHAR(20);
DECLARE EXIT HANDLER FOR NOT FOUND RETURN 0;
  SELECT ie_code INTO rt_exhibit_code
    FROM proc_item_exhibit WHERE ie_ID = item_exhibit_ID;
  RETURN rt_exhibit_code;
END;;
DELIMITER ;

DELIMITER ;;
CREATE FUNCTION `fn_serv_agy_code_proc`(serv_agy_ID INT) RETURNS varchar(15) CHARSET utf8
    DETERMINISTIC
BEGIN
  DECLARE rt_serv_agy_code VARCHAR(15);
DECLARE EXIT HANDLER FOR NOT FOUND RETURN '** Missing **';
  SELECT sa_code INTO rt_serv_agy_code
    FROM proc_service_agency WHERE sa_ID = serv_agy_ID;
  RETURN rt_serv_agy_code;
END;;
DELIMITER ;

DELIMITER ;;
CREATE FUNCTION `fn_serv_agy_name`(serv_agy_ID INT) RETURNS varchar(75) CHARSET utf8
    DETERMINISTIC
BEGIN
  DECLARE rt_serv_agy_name VARCHAR(75);
  SELECT serv_agy_name INTO rt_serv_agy_name
    FROM SERVICE_AGENCY WHERE BUDGES_serv_agy_ID = serv_agy_ID;
  RETURN rt_serv_agy_name;
END;;
DELIMITER ;

DELIMITER ;;
CREATE FUNCTION `fn_serv_agy_name_proc`(serv_agy_ID INT) RETURNS varchar(75) CHARSET utf8
    DETERMINISTIC
BEGIN
  DECLARE rt_serv_agy_name VARCHAR(75);
DECLARE EXIT HANDLER FOR NOT FOUND RETURN 0;
  SELECT sa_name INTO rt_serv_agy_name
    FROM proc_service_agency WHERE sa_ID = serv_agy_ID;
  RETURN rt_serv_agy_name;
END;;
DELIMITER ;

DELIMITER ;;
CREATE FUNCTION `fn_state_code`(state_ID INT) RETURNS char(2) CHARSET utf8
    DETERMINISTIC
BEGIN
  DECLARE rt_state_code CHAR(2);
  SELECT state_code INTO rt_state_code
    FROM STATE WHERE BUDGES_state_ID = state_ID;
  RETURN rt_state_code;
END;;
DELIMITER ;

DELIMITER ;;
CREATE FUNCTION `fn_user_first_name`(user_id INT) RETURNS varchar(25) CHARSET utf8
    DETERMINISTIC
BEGIN
  DECLARE rt_first_name VARCHAR(25);
DECLARE EXIT HANDLER FOR NOT FOUND RETURN "** Missing **";
  SELECT first_name INTO rt_first_name
    FROM USER WHERE BUDGES_USER_ID = USER_ID;
  RETURN rt_first_name;
END;;
DELIMITER ;

DELIMITER ;;
CREATE FUNCTION `fn_user_fullname`(user_id INT) RETURNS varchar(64) CHARSET utf8
    DETERMINISTIC
BEGIN
  DECLARE rt_full_name VARCHAR(64);
DECLARE EXIT HANDLER FOR NOT FOUND RETURN "** Missing **";
  SELECT full_name INTO rt_full_name
    FROM USER WHERE BUDGES_USER_ID = USER_ID;
  RETURN rt_full_name;
END;;
DELIMITER ;

DELIMITER ;;
CREATE FUNCTION `fn_user_last_name`(user_id INT) RETURNS varchar(25) CHARSET utf8
    DETERMINISTIC
BEGIN
  DECLARE rt_last_name VARCHAR(25);
DECLARE EXIT HANDLER FOR NOT FOUND RETURN "** Missing **";
  SELECT LAST_NAME INTO rt_last_name
    FROM USER WHERE BUDGES_USER_ID = USER_ID;
  RETURN rt_last_name;
END;;
DELIMITER ;

DELIMITER ;;
CREATE FUNCTION `fn_user_LDAP_ID`(user_id INT) RETURNS varchar(58) CHARSET utf8
    DETERMINISTIC
BEGIN
     DECLARE rt_LDAP_ID VARCHAR(58);
DECLARE EXIT HANDLER FOR NOT FOUND RETURN "** Missing **";
      SELECT USER_LDAP_ID INTO rt_LDAP_ID
        FROM USER WHERE BUDGES_USER_ID = USER_ID;
      RETURN rt_LDAP_ID;
END;;
DELIMITER ;

DELIMITER ;;
CREATE FUNCTION `fn_user_mid_init`(user_id INT) RETURNS char(1) CHARSET utf8
    DETERMINISTIC
BEGIN
  DECLARE rt_mid_init CHAR(1);
DECLARE EXIT HANDLER FOR NOT FOUND RETURN "*";
  SELECT MIDDLE_INITIAL INTO rt_mid_init
    FROM USER WHERE BUDGES_USER_ID = USER_ID;
  RETURN rt_mid_init;
END;;
DELIMITER ;

CREATE ALGORITHM=UNDEFINED
VIEW `v_extract_p18_cat_bdgtdata` AS select `c`.`spc_ID` AS `spc_ID`,`y`.`byd_pyrs` AS `byd_pyrs`,`y`.`byd_py` AS `byd_py`,`y`.`byd_cy` AS `byd_cy`,`y`.`byd_by1` AS `byd_by1`,`y`.`byd_by1_base` AS `byd_by1_base`,`y`.`byd_by1_OCO` AS `byd_by1_OCO`,`y`.`byd_by2` AS `byd_by2`,`y`.`byd_by3` AS `byd_by3`,`y`.`byd_by4` AS `byd_by4`,`y`.`byd_by5` AS `byd_by5`,`y`.`byd_continuing` AS `byd_continuing`,`y`.`byd_to_complete` AS `byd_to_complete`,`y`.`byd_total_cost` AS `byd_total_cost` from (((`proc_spare_part_cat` `c` join `proc_spare_part_BA` `b`) join `proc_spare_part_end_item` `e`) join `proc_bdgt_yrs_data` `y`) where ((`c`.`spc_ID` = `b`.`spc_ID`) and (`b`.`spba_ID` = `e`.`spba_ID`) and ((`e`.`spei_VDR_byd_ID` = `y`.`byd_ID`) or (`e`.`spei_WCF_byd_ID` = `y`.`byd_ID`)));

CREATE ALGORITHM=UNDEFINED
VIEW `v_extract_p18_cat_bdgtdata_sum` AS select `v_extract_p18_cat_bdgtdata`.`spc_ID` AS `spc_id`,sum(ifnull(`v_extract_p18_cat_bdgtdata`.`byd_pyrs`,0)) AS `byd_pyrs`,sum(ifnull(`v_extract_p18_cat_bdgtdata`.`byd_py`,0)) AS `byd_py`,sum(ifnull(`v_extract_p18_cat_bdgtdata`.`byd_cy`,0)) AS `byd_cy`,sum(ifnull(`v_extract_p18_cat_bdgtdata`.`byd_by1`,0)) AS `byd_by1`,sum(ifnull(`v_extract_p18_cat_bdgtdata`.`byd_by1_base`,0)) AS `byd_by1_base`,sum(ifnull(`v_extract_p18_cat_bdgtdata`.`byd_by1_OCO`,0)) AS `byd_by1_OCO`,sum(ifnull(`v_extract_p18_cat_bdgtdata`.`byd_by2`,0)) AS `byd_by2`,sum(ifnull(`v_extract_p18_cat_bdgtdata`.`byd_by3`,0)) AS `byd_by3`,sum(ifnull(`v_extract_p18_cat_bdgtdata`.`byd_by4`,0)) AS `byd_by4`,sum(ifnull(`v_extract_p18_cat_bdgtdata`.`byd_by5`,0)) AS `byd_by5`,sum(ifnull(`v_extract_p18_cat_bdgtdata`.`byd_continuing`,0)) AS `byd_continuing`,sum(ifnull(`v_extract_p18_cat_bdgtdata`.`byd_to_complete`,0)) AS `byd_to_complete`,sum(ifnull(`v_extract_p18_cat_bdgtdata`.`byd_total_cost`,0)) AS `byd_total_cost` from `v_extract_p18_cat_bdgtdata` group by `v_extract_p18_cat_bdgtdata`.`spc_ID`;

CREATE ALGORITHM=UNDEFINED
VIEW `v_extract_p18_ei_bdgtdata` AS select `s`.`spei_ID` AS `spei_ID`,`b`.`byd_pyrs` AS `byd_pyrs`,`b`.`byd_py` AS `byd_py`,`b`.`byd_cy` AS `byd_cy`,`b`.`byd_by1` AS `byd_by1`,`b`.`byd_by1_base` AS `byd_by1_base`,`b`.`byd_by1_OCO` AS `byd_by1_OCO`,`b`.`byd_by2` AS `byd_by2`,`b`.`byd_by3` AS `byd_by3`,`b`.`byd_by4` AS `byd_by4`,`b`.`byd_by5` AS `byd_by5`,`b`.`byd_continuing` AS `byd_continuing`,`b`.`byd_to_complete` AS `byd_to_complete`,`b`.`byd_total_cost` AS `byd_total_cost` from (`proc_spare_part_end_item` `s` join `proc_bdgt_yrs_data` `b`) where ((`s`.`spei_VDR_byd_ID` = `b`.`byd_ID`) or (`s`.`spei_WCF_byd_ID` = `b`.`byd_ID`));

CREATE ALGORITHM=UNDEFINED
VIEW `v_extract_p18_ei_bdgtdata_sum` AS select `v_extract_p18_ei_bdgtdata`.`spei_ID` AS `spei_id`,sum(ifnull(`v_extract_p18_ei_bdgtdata`.`byd_pyrs`,0)) AS `byd_pyrs`,sum(ifnull(`v_extract_p18_ei_bdgtdata`.`byd_py`,0)) AS `byd_py`,sum(ifnull(`v_extract_p18_ei_bdgtdata`.`byd_cy`,0)) AS `byd_cy`,sum(ifnull(`v_extract_p18_ei_bdgtdata`.`byd_by1`,0)) AS `byd_by1`,sum(ifnull(`v_extract_p18_ei_bdgtdata`.`byd_by1_base`,0)) AS `byd_by1_base`,sum(ifnull(`v_extract_p18_ei_bdgtdata`.`byd_by1_OCO`,0)) AS `byd_by1_OCO`,sum(ifnull(`v_extract_p18_ei_bdgtdata`.`byd_by2`,0)) AS `byd_by2`,sum(ifnull(`v_extract_p18_ei_bdgtdata`.`byd_by3`,0)) AS `byd_by3`,sum(ifnull(`v_extract_p18_ei_bdgtdata`.`byd_by4`,0)) AS `byd_by4`,sum(ifnull(`v_extract_p18_ei_bdgtdata`.`byd_by5`,0)) AS `byd_by5`,sum(ifnull(`v_extract_p18_ei_bdgtdata`.`byd_continuing`,0)) AS `byd_continuing`,sum(ifnull(`v_extract_p18_ei_bdgtdata`.`byd_to_complete`,0)) AS `byd_to_complete`,sum(ifnull(`v_extract_p18_ei_bdgtdata`.`byd_total_cost`,0)) AS `byd_total_cost` from `v_extract_p18_ei_bdgtdata` group by `v_extract_p18_ei_bdgtdata`.`spei_ID`;

CREATE ALGORITHM=UNDEFINED
VIEW `v_fast` AS select `li`.`li_ID` AS `li_id`,`li`.`li_status_flag` AS `li_status_flag`,if((`li`.`edit_lock_id_li_only` is not null),1,0) AS `P40_Locked`,if((`li`.`edit_lock_id_all` is not null),1,0) AS `All_Exhibits_Locked`,if((count(`lie`.`edit_lock_user_ID`) > 0),count(`lie`.`edit_lock_user_ID`),0) AS `Sub_Exhibit_Locks`,`aa`.`BUDGES_APPROP_ACCT_CODE` AS `aa_num`,`aa`.`BUDGES_APPROP_ACCT_NAME` AS `aa_title`,`ba`.`ba_num` AS `ba_num`,`ba`.`ba_title` AS `ba_title`,`bsa`.`bsa_num` AS `bsa_num`,`bsa`.`bsa_title` AS `bsa_title`,`li`.`li_bdgt_yr` AS `li_bdgt_yr`,`li`.`li_bdgt_cycle` AS `li_bdgt_cycle`,`li`.`li_P1_seq` AS `li_P1_seq`,`li`.`li_P1_title` AS `li_P1_title`,`li`.`li_P1_item_num` AS `li_P1_item_num`,`li`.`li_submit_date` AS `li_item_submit_date`,`li`.`li_ID_code` AS `li_id_code`,`li`.`li_unit_cost_format` AS `li_unit_cost_format`,`li`.`li_qty_format` AS `li_qty_format`,`li`.`li_total_cost_format` AS `li_total_cost_format`,`li`.`li_remarks` AS `li_desc`,`li`.`li_tag` AS `li_tag`,`li`.`li_validity` AS `li_validity`,`li`.`li_P5_count` AS `li_P5_count`,`li`.`li_P40a_count` AS `li_P40a_count`,`li`.`li_P3a_count` AS `li_P3a_count`,`li`.`li_P18_count` AS `li_P18_count`,`li`.`li_P10_count` AS `li_P10_count`,`li`.`li_P5a_count` AS `li_P5a_count`,`li`.`li_P21_count` AS `li_P21_count`,`li`.`li_P20_count` AS `li_P20_count`,`li`.`li_P17_count` AS `li_P17_count`,`li`.`li_P23_count` AS `li_P23_count`,`li`.`li_P25_count` AS `li_P25_count`,`li`.`li_P26_count` AS `li_P26_count`,`li`.`li_init_src` AS `li_init_src`,`li`.`li_xml_validation` AS `li_xml_validation`,`li`.`li_W_count` AS `li_W_count`,`li`.`li_E_count` AS `li_E_count`,`li`.`li_test` AS `li_test`,`li`.`li_date_created` AS `date_created`,`li`.`li_date_modified` AS `date_modified`,`cuser`.`FULL_NAME` AS `FULL_NAME`,`cuser`.`MIDDLE_INITIAL` AS `MIDDLE_INITIAL`,`cuser`.`LAST_NAME` AS `LAST_NAME`,`cuser`.`USER_LDAP_ID` AS `USER_LDAP_ID`,`muser`.`FULL_NAME` AS `MOD_FULL_NAME`,`muser`.`MIDDLE_INITIAL` AS `MOD_MIDDLE_INITIAL`,`muser`.`LAST_NAME` AS `MOD_LAST_NAME`,`muser`.`USER_LDAP_ID` AS `MOD_USER_LDAP_ID`,`sa`.`BUDGES_SERV_AGY_CODE` AS `SERV_AGY_CODE`,`sa`.`SERV_AGY_NAME` AS `SERV_AGY_NAME`,(`li`.`li_P40a_count` + `li`.`li_P5_count`) AS `Item Group Count` from (((((((`proc_line_item` `li` left join `proc_li_exhibit` `lie` on((`lie`.`li_ID` = `li`.`li_ID`))) left join `SERVICE_AGENCY` `sa` on((`sa`.`BUDGES_SERV_AGY_ID` = `li`.`sa_ID`))) left join `proc_budget_sub_activity` `bsa` on((`bsa`.`bsa_ID` = `li`.`bsa_ID`))) left join `proc_budget_activity` `ba` on((`ba`.`ba_ID` = `bsa`.`ba_ID`))) left join `APPROP_ACCOUNT` `aa` on((`aa`.`BUDGES_APPROP_ACCT_ID` = `ba`.`aa_ID`))) left join `USER` `cuser` on((`cuser`.`BUDGES_USER_ID` = `li`.`li_created_by_user`))) left join `USER` `muser` on((`muser`.`BUDGES_USER_ID` = `li`.`li_modified_by_user`))) group by `li`.`li_ID`;

CREATE ALGORITHM=UNDEFINED
VIEW `v_fast2` AS select `li`.`li_ID` AS `li_id`,`li`.`li_status_flag` AS `li_status_flag`,if((`li`.`edit_lock_id_li_only` is not null),1,0) AS `P40_Locked`,if((`li`.`edit_lock_id_all` is not null),1,0) AS `All_Exhibits_Locked`,if((count(`lie`.`edit_lock_user_ID`) > 0),count(`lie`.`edit_lock_user_ID`),0) AS `Sub_Exhibit_Locks`,`aa`.`BUDGES_APPROP_ACCT_CODE` AS `aa_num`,`aa`.`BUDGES_APPROP_ACCT_NAME` AS `aa_title`,`ba`.`ba_num` AS `ba_num`,`ba`.`ba_title` AS `ba_title`,`bsa`.`bsa_num` AS `bsa_num`,`bsa`.`bsa_title` AS `bsa_title`,`li`.`li_bdgt_yr` AS `li_bdgt_yr`,`li`.`li_bdgt_cycle` AS `li_bdgt_cycle`,`li`.`li_P1_seq` AS `li_P1_seq`,`li`.`li_P1_title` AS `li_P1_title`,`li`.`li_P1_item_num` AS `li_P1_item_num`,`li`.`li_submit_date` AS `li_item_submit_date`,`li`.`li_ID_code` AS `li_id_code`,`li`.`li_unit_cost_format` AS `li_unit_cost_format`,`li`.`li_qty_format` AS `li_qty_format`,`li`.`li_total_cost_format` AS `li_total_cost_format`,`li`.`li_remarks` AS `li_desc`,`li`.`li_tag` AS `li_tag`,`li`.`li_validity` AS `li_validity`,`li`.`li_P5_count` AS `li_P5_count`,`li`.`li_P40a_count` AS `li_P40a_count`,`li`.`li_P3a_count` AS `li_P3a_count`,`li`.`li_P18_count` AS `li_P18_count`,`li`.`li_P10_count` AS `li_P10_count`,`li`.`li_P5a_count` AS `li_P5a_count`,`li`.`li_P21_count` AS `li_P21_count`,`li`.`li_P20_count` AS `li_P20_count`,`li`.`li_P17_count` AS `li_P17_count`,`li`.`li_P23_count` AS `li_P23_count`,`li`.`li_P25_count` AS `li_P25_count`,`li`.`li_P26_count` AS `li_P26_count`,`li`.`li_init_src` AS `li_init_src`,`li`.`li_xml_validation` AS `li_xml_validation`,`li`.`li_W_count` AS `li_W_count`,`li`.`li_E_count` AS `li_E_count`,`li`.`li_test` AS `li_test`,`li`.`li_date_created` AS `date_created`,`li`.`li_date_modified` AS `date_modified`,`cuser`.`FULL_NAME` AS `FULL_NAME`,`cuser`.`FIRST_NAME` AS `FIRST_NAME`,`cuser`.`MIDDLE_INITIAL` AS `MIDDLE_INITIAL`,`cuser`.`LAST_NAME` AS `LAST_NAME`,`cuser`.`USER_LDAP_ID` AS `USER_LDAP_ID`,`muser`.`FULL_NAME` AS `MOD_FULL_NAME`,`muser`.`FIRST_NAME` AS `MOD_FIRST_NAME`,`muser`.`MIDDLE_INITIAL` AS `MOD_MIDDLE_INITIAL`,`muser`.`LAST_NAME` AS `MOD_LAST_NAME`,`muser`.`USER_LDAP_ID` AS `MOD_USER_LDAP_ID`,`sa`.`BUDGES_SERV_AGY_CODE` AS `SERV_AGY_CODE`,`sa`.`SERV_AGY_NAME` AS `SERV_AGY_NAME`,(`li`.`li_P40a_count` + `li`.`li_P5_count`) AS `Item Group Count` from (((((((`proc_line_item` `li` left join `proc_li_exhibit` `lie` on((`lie`.`li_ID` = `li`.`li_ID`))) left join `SERVICE_AGENCY` `sa` on((`sa`.`BUDGES_SERV_AGY_ID` = `li`.`sa_ID`))) left join `proc_budget_sub_activity` `bsa` on((`bsa`.`bsa_ID` = `li`.`bsa_ID`))) left join `proc_budget_activity` `ba` on((`ba`.`ba_ID` = `bsa`.`ba_ID`))) left join `APPROP_ACCOUNT` `aa` on((`aa`.`BUDGES_APPROP_ACCT_ID` = `ba`.`aa_ID`))) left join `USER` `cuser` on((`cuser`.`BUDGES_USER_ID` = `li`.`li_created_by_user`))) left join `USER` `muser` on((`muser`.`BUDGES_USER_ID` = `li`.`li_modified_by_user`))) group by `li`.`li_ID`;

CREATE ALGORITHM=UNDEFINED
VIEW `v_fast42` AS select `li`.`li_ID` AS `li_id`,`li`.`li_status_flag` AS `li_status_flag`,if((`li`.`edit_lock_id_li_only` is not null),1,0) AS `P40_Locked`,if((`li`.`edit_lock_id_all` is not null),1,0) AS `All_Exhibits_Locked`,if((count(`lie`.`edit_lock_user_ID`) > 0),count(`lie`.`edit_lock_user_ID`),0) AS `Sub_Exhibit_Locks`,`aa`.`BUDGES_APPROP_ACCT_CODE` AS `aa_num`,`aa`.`BUDGES_APPROP_ACCT_NAME` AS `aa_title`,`ba`.`ba_num` AS `ba_num`,`ba`.`ba_title` AS `ba_title`,`bsa`.`bsa_num` AS `bsa_num`,`bsa`.`bsa_title` AS `bsa_title`,`li`.`li_bdgt_yr` AS `li_bdgt_yr`,`li`.`li_bdgt_cycle` AS `li_bdgt_cycle`,`li`.`li_P1_seq` AS `li_P1_seq`,`li`.`li_P1_title` AS `li_P1_title`,`li`.`li_P1_item_num` AS `li_P1_item_num`,`li`.`li_submit_date` AS `li_item_submit_date`,`li`.`li_ID_code` AS `li_id_code`,`li`.`li_unit_cost_format` AS `li_unit_cost_format`,`li`.`li_qty_format` AS `li_qty_format`,`li`.`li_total_cost_format` AS `li_total_cost_format`,`li`.`li_remarks` AS `li_desc`,`li`.`li_tag` AS `li_tag`,`li`.`li_validity` AS `li_validity`,`li`.`li_P5_count` AS `li_P5_count`,`li`.`li_P40a_count` AS `li_P40a_count`,`li`.`li_P3a_count` AS `li_P3a_count`,`li`.`li_P18_count` AS `li_P18_count`,`li`.`li_P10_count` AS `li_P10_count`,`li`.`li_P5a_count` AS `li_P5a_count`,`li`.`li_P21_count` AS `li_P21_count`,`li`.`li_P20_count` AS `li_P20_count`,`li`.`li_P17_count` AS `li_P17_count`,`li`.`li_P23_count` AS `li_P23_count`,`li`.`li_P25_count` AS `li_P25_count`,`li`.`li_P26_count` AS `li_P26_count`,`li`.`li_init_src` AS `li_init_src`,`li`.`li_xml_validation` AS `li_xml_validation`,`li`.`li_W_count` AS `li_W_count`,`li`.`li_E_count` AS `li_E_count`,`li`.`li_test` AS `li_test`,`li`.`li_date_created` AS `date_created`,`li`.`li_date_modified` AS `date_modified`,`cuser`.`FULL_NAME` AS `FULL_NAME`,`cuser`.`FIRST_NAME` AS `FIRST_NAME`,`cuser`.`MIDDLE_INITIAL` AS `MIDDLE_INITIAL`,`cuser`.`LAST_NAME` AS `LAST_NAME`,`cuser`.`USER_LDAP_ID` AS `USER_LDAP_ID`,`muser`.`FULL_NAME` AS `MOD_FULL_NAME`,`muser`.`FIRST_NAME` AS `MODFIRST_NAME`,`muser`.`MIDDLE_INITIAL` AS `MOD_MIDDLE_INITIAL`,`muser`.`LAST_NAME` AS `MOD_LAST_NAME`,`muser`.`USER_LDAP_ID` AS `MOD_USER_LDAP_ID`,`sa`.`BUDGES_SERV_AGY_CODE` AS `SERV_AGY_CODE`,`sa`.`SERV_AGY_NAME` AS `SERV_AGY_NAME`,(`li`.`li_P40a_count` + `li`.`li_P5_count`) AS `Item Group Count` from (((((((`proc_line_item` `li` left join `proc_li_exhibit` `lie` on((`lie`.`li_ID` = `li`.`li_ID`))) left join `SERVICE_AGENCY` `sa` on((`sa`.`BUDGES_SERV_AGY_ID` = `li`.`sa_ID`))) left join `proc_budget_sub_activity` `bsa` on((`bsa`.`bsa_ID` = `li`.`bsa_ID`))) left join `proc_budget_activity` `ba` on((`ba`.`ba_ID` = `bsa`.`ba_ID`))) left join `APPROP_ACCOUNT` `aa` on((`aa`.`BUDGES_APPROP_ACCT_ID` = `ba`.`aa_ID`))) left join `USER` `cuser` on((`cuser`.`BUDGES_USER_ID` = `li`.`li_created_by_user`))) left join `USER` `muser` on((`muser`.`BUDGES_USER_ID` = `li`.`li_modified_by_user`))) group by `li`.`li_ID`;

CREATE ALGORITHM=UNDEFINED
VIEW `v_proc_item_P40A` AS select `lie`.`li_ID` AS `li_ID`,count(distinct `ig`.`ig_ID`) AS `P-40A Groups`,sum(if((`pi`.`ic_ID` is not null),1,0)) AS `P-40A Items` from (((`proc_li_exhibit` `lie` left join `proc_item_group_40A` `ig` on((`lie`.`lie_ID` = `ig`.`lie_ID`))) left join `proc_item_cat_40A` `ic` on((`ig`.`ig_ID` = `ic`.`ig_ID`))) left join `proc_item` `pi` on((`ic`.`ic_ID` = `pi`.`ic_ID`))) group by `lie`.`li_ID`;

CREATE ALGORITHM=UNDEFINED
VIEW `v_proc_item_P5` AS select `lie`.`li_ID` AS `li_ID`,sum(if(((`pi`.`lie_ID` = `lie`.`lie_ID`) and isnull(`pi`.`ic_ID`)),1,0)) AS `P-5 Count` from (`proc_li_exhibit` `lie` left join `proc_item` `pi` on((`lie`.`lie_ID` = `pi`.`lie_ID`))) group by `lie`.`li_ID`;

CREATE ALGORITHM=UNDEFINED
VIEW `v_proc_line_item_list` AS select `li`.`li_ID` AS `li_id`,`li`.`li_status_flag` AS `li_status_flag`,if((`li`.`edit_lock_id_li_only` is not null),1,0) AS `P40_Locked`,if((`li`.`edit_lock_id_all` is not null),1,0) AS `All_Exhibits_Locked`,if((count(`lie`.`edit_lock_user_ID`) > 0),count(`lie`.`edit_lock_user_ID`),0) AS `Sub_Exhibit_Locks`,`aa`.`BUDGES_APPROP_ACCT_CODE` AS `aa_num`,`aa`.`BUDGES_APPROP_ACCT_NAME` AS `aa_title`,`ba`.`ba_num` AS `ba_num`,`ba`.`ba_title` AS `ba_title`,`bsa`.`bsa_num` AS `bsa_num`,`bsa`.`bsa_title` AS `bsa_title`,`li`.`li_bdgt_yr` AS `li_bdgt_yr`,`li`.`li_bdgt_cycle` AS `li_bdgt_cycle`,`li`.`li_P1_seq` AS `li_P1_seq`,`li`.`li_P1_title` AS `li_P1_title`,`li`.`li_P1_item_num` AS `li_P1_item_num`,`li`.`li_submit_date` AS `li_item_submit_date`,`li`.`li_ID_code` AS `li_id_code`,`li`.`li_unit_cost_format` AS `li_unit_cost_format`,`li`.`li_qty_format` AS `li_qty_format`,`li`.`li_total_cost_format` AS `li_total_cost_format`,`li`.`li_remarks` AS `li_desc`,`li`.`li_tag` AS `li_tag`,`li`.`li_validity` AS `li_validity`,`li`.`li_P5_count` AS `li_P5_count`,`li`.`li_P40a_count` AS `li_P40a_count`,`li`.`li_P3a_count` AS `li_P3a_count`,`li`.`li_P18_count` AS `li_P18_count`,`li`.`li_P10_count` AS `li_P10_count`,`li`.`li_P5a_count` AS `li_P5a_count`,`li`.`li_P21_count` AS `li_P21_count`,`li`.`li_P20_count` AS `li_P20_count`,`li`.`li_P17_count` AS `li_P17_count`,`li`.`li_P23_count` AS `li_P23_count`,`li`.`li_P25_count` AS `li_P25_count`,`li`.`li_P26_count` AS `li_P26_count`,`li`.`li_init_src` AS `li_init_src`,`li`.`li_xml_validation` AS `li_xml_validation`,`li`.`li_schema_error` AS `li_schema_error`,`li`.`li_W_count` AS `li_W_count`,`li`.`li_E_count` AS `li_E_count`,`li`.`li_test` AS `li_test`,`li`.`li_date_created` AS `date_created`,`li`.`li_date_modified` AS `date_modified`,`us`.`FULL_NAME` AS `FULL_NAME`,`us`.`FIRST_NAME` AS `FIRST_NAME`,`us`.`MIDDLE_INITIAL` AS `MIDDLE_INITIAL`,`us`.`LAST_NAME` AS `LAST_NAME`,`us`.`USER_LDAP_ID` AS `USER_LDAP_ID`,`us2`.`FULL_NAME` AS `MOD_FULL_NAME`,`us2`.`FIRST_NAME` AS `MOD_FIRST_NAME`,`us2`.`MIDDLE_INITIAL` AS `MOD_MIDDLE_INITIAL`,`us2`.`LAST_NAME` AS `MOD_LAST_NAME`,`us2`.`USER_LDAP_ID` AS `MOD_USER_LDAP_ID`,`sa`.`BUDGES_SERV_AGY_CODE` AS `SERV_AGY_CODE`,`sa`.`SERV_AGY_NAME` AS `SERV_AGY_NAME`,(`li`.`li_P40a_count` + `li`.`li_P5_count`) AS `Item Group Count` from (((((((`proc_line_item` `li` left join `SERVICE_AGENCY` `sa` on((`sa`.`BUDGES_SERV_AGY_ID` = `li`.`sa_ID`))) left join `USER` `us` on((`us`.`BUDGES_USER_ID` = `li`.`li_created_by_user`))) left join `USER` `us2` on((`us2`.`BUDGES_USER_ID` = `li`.`li_modified_by_user`))) left join `proc_li_exhibit` `lie` on((`lie`.`li_ID` = `li`.`li_ID`))) left join `proc_budget_sub_activity` `bsa` on((`bsa`.`bsa_ID` = `li`.`bsa_ID`))) left join `proc_budget_activity` `ba` on((`ba`.`ba_ID` = `bsa`.`ba_ID`))) left join `APPROP_ACCOUNT` `aa` on((`aa`.`BUDGES_APPROP_ACCT_ID` = `ba`.`aa_ID`))) group by `li`.`li_ID`;

CREATE ALGORITHM=UNDEFINED
VIEW `v_proc_sa_appn_ba_bsa` AS select `fn_serv_agy_code`(`s`.`sa_ID`) AS `S/A`,`fn_budget_approp_acct`(`s`.`aa_ID`) AS `APPN`,`b`.`ba_num` AS `BA No.`,`b`.`ba_title` AS `BA Title`,`bs`.`bsa_num` AS `BSA No.`,`bs`.`bsa_title` AS `BSA Title` from ((`service_agency_acct` `s` left join `proc_budget_activity` `b` on((`s`.`aa_ID` = `b`.`aa_ID`))) left join `proc_budget_sub_activity` `bs` on((`b`.`ba_ID` = `bs`.`ba_ID`))) order by 1,2,3,5;




INSERT INTO `APPROP_ACCOUNT`
(`BUDGES_APPROP_ACCT_ID`,`VERSION`,`BUDGES_APPROP_ACCT_CODE`,`BUDGES_APPROP_ACCT_NAME`,`aa_status_flag`)
VALUES
(1,0,'2040','Research, Development, Test & Evaluation, Army','A'),
(2,0,'1319','Research, Development, Test & Evaluation, Navy','A'),
(3,0,'3600','Research, Development, Test & Evaluation, Air Force','A'),
(4,0,'0400','Research, Development, Test & Evaluation, Defense-Wide','A'),
(18,0,'0460','Operational Test and Evaluation, Defense','A'),
(21,0,'0144D','Mine Resistant Ambush Prot Veh Fund','A'),
(23,0,'0300D','Procurement, Defense-Wide','A'),
(25,0,'0350D','National Guard & Reserve Equipment','A'),
(27,0,'0360D','Defense Production Act Purchases','A'),
(29,0,'0390D','Chem Agents & Munitions Destruction','A'),
(31,0,'1109N','Procurement, Marine Corps','A'),
(33,0,'1506N','Aircraft Procurement, Navy','A'),
(35,0,'1507N','Weapons Procurement, Navy','A'),
(37,0,'1508N','Procurement of Ammo, Navy & MC','A'),
(39,0,'1611N','Shipbuilding & Conversion, Navy','A'),
(41,0,'1810N','Other Procurement, Navy','A'),
(43,0,'2031A','Aircraft Procurement, Army','A'),
(45,0,'2032A','Missile Procurement, Army','A'),
(47,0,'2033A','Procurement of W&TCV, Army','A'),
(49,0,'2034A','Procurement of Ammunition, Army','A'),
(51,0,'2035A','Other Procurement, Army','A'),
(53,0,'2093A','Joint Impr Explosive Dev Defeat Fund','A'),
(55,0,'3010F','Aircraft Procurement, Air Force','A'),
(57,0,'3011F','Procurement of Ammunition, Air Force','A'),
(59,0,'3020F','Missile Procurement, Air Force','A'),
(61,0,'3080F','Other Procurement, Air Force','A'),
(75,0,'0303D','Joint Urgent Operational Needs Fund','A'),
(9999,0,'Non-RDTE','***','A'),
(10001,0,'0130','Defense Health Program','A'),
(10003,0,'4557N','National Defense Sealift Fund','A'),
(10005,0,'0117D','Transformation Savings','A'),
(10007,0,'0304D','Iraq Freedom Fund','A'),
(10009,0,'0370D','Procurement, NATO Cooperative Defense Pgms','A'),
(10011,0,'0380N','Coastal Defense Augmentation','A'),
(10013,0,'2036A','National Guard Equipment, Army','A'),
(10015,0,'2095D','Rapid Acquisition Fund OM','A'),
(10017,0,'2525A','Army Modularity','A'),
(10019,0,'3013F','National Defense Airlift Fund','A');

INSERT INTO `BUDGET_ACTIVITY`
(`BUDGES_BUDGET_ACTIVITY_ID`,`VERSION`,`BUDGES_BA_NUM`,`BUDGES_BA_TITLE`,`BA_STATUS_FLAG`)
VALUES
(1,0,1,'Basic Research','A'),
(2,0,2,'Applied Research','A'),
(3,0,3,'Advanced Technology Development (ATD)','A'),
(4,0,4,'Advanced Component Development & Prototypes (ACD&P)','A'),
(5,0,5,'System Development & Demonstration (SDD)','A'),
(6,0,6,'RDT&E Management Support','A'),
(7,0,7,'Operational Systems Development','A');

INSERT INTO `config`
(`cf_ID`,`cf_name`,`cf_value`,`cf_type`,`cf_desc`,`cf_env`,`cf_cycle`,`cf_year`,`cf_read_only`)
VALUES
(1,'email.Cc',NULL,'EMAIL','System email messages will be copied to this email address.','default','xxxxx',0,0),
(3,'email.From','R2Support@dtic.mil','STRING','System email messages will be sent from this email address.','default','xxxxx',0,1),
(5,'email.Host','131.84.1.19','HOST','Email host to use','default','xxxxx',0,1),
(7,'email.onStartupApps','true','BOOLEAN','Email R2Support on start or shutdown','default','xxxxx',0,1),
(9,'email.to','R2Support@dtic.mil','EMAIL','System email messages will be sent to this email address.','default','xxxxx',0,1),
(11,'env.name','LOCAL','STRING','Name of the application environment','default','xxxxx',0,1),
(19,'jm.emailEnabled','false','BOOLEAN','should job Manager send email when job is complete','default','xxxxx',0,1),
(21,'jm.emailFrom','R2Support@dtic.mil','EMAIL','From: on job manager completion emails.','default','xxxxx',0,1),
(23,'jm.emailTo','%CURRENT_USER_EMAIL%','STRING','To: for jobmanager emails','default','xxxxx',0,1),
(25,'jm.enable.autodeploy','false','BOOLEAN','meh','default','xxxxx',0,0),
(29,'jm.queryJobFetchLimit','2','NUM','each time the query job runs it limits the fetch of jobs to this size.','default','xxxxx',0,1),
(31,'jm.queueName','notdefault','STRING','used by Job manager name of default queue used by asynch job manager','default','xxxxx',0,1),
(35,'jm.restartRunningJobs','false','BOOLEAN','When Job Manager restarts should it restart jobs that were interrupted when last instance stopped.','default','xxxxx',0,1),
(37,'jm.run.databaseCleanUpJob','true','BOOLEAN','Determines if the database clean up job is enabled or disabled','default','xxxxx',0,0),
(39,'jm.run.fileSystemCleanJob','true','BOOLEAN','Set the FileSystemCleanJob to run when scheduled. Note this is not the same as the stop/start on the Job Manager Page','default','xxxxx',0,1),
(41,'jm.runWizardJobsImmediately','false','BOOLEAN','Determines whether we should execute JB Wizard jobs immediately (sync mode) or schedule them for the jobmanager to run (async mode).','default','xxxxx',0,1),
(45,'p40.limitationsHtml','<div>Yo!  There are no limitations!</div>','HTML','html limitation list shown on p40 home','default','xxxxx',0,0),
(47,'r2.adminUrl','http://localhost:8081/r2/AdminUsers.html','URL','The link sent in emails for admins to use for adding users','default','xxxxx',0,1),
(49,'r2.announcementsFilePath','/d2/webfiles/r2/announcements.html','PATH','File path containing the announcements bulletin board message contents.','default','xxxxx',0,1),
(53,'r2.friendlyExceptionsEnabled','false','BOOLEAN','If true, exceptions will be caugh and an appropriate error page is displayed. If false, the default tapestry exception is displayed with its rich content describing the state of the application at the time of the exception.','default','xxxxx',0,1),
(55,'r2.helpFilePath','/d2/webfiles/r2/help.html','PATH','File path containing the Help pages contents','default','xxxxx',0,1),
(57,'r2.jbPdfPassword','fhqwhgads','STRING','Password to unlock the JB PDFs','default','PB',2013,1),
(59,'r2.loginUrl','https://localhost:8081/r2/app','URL','The link sent in emails for users to use for logging in','default','xxxxx',0,1),
(61,'r2.logoImagesFolder','/d2/webfiles/r2/logos','PATH','Folder containing service/agency logo images.','default','xxxxx',0,1),
(63,'r2.maintenanceModeMsg','12:00 pm, April 11, 2013','STRING','message for maintenance mode','default','xxxxx',0,1),
(65,'r2.maintenanceModeValue','false','BOOLEAN','Display maintenance mode message. true display, false hidden','default','xxxxx',0,1),
(67,'r2.registrationEmailToAdmins','true','BOOLEAN','Also send registration emails to assigned admins in LDAP, on top of sending to emailTo','default','xxxxx',0,1),
(69,'r2.removeFileArtifacts','true','BOOLEAN','Flag to enable removal of files that get created as part of the R2 build process','default','xxxxx',0,1),
(71,'r2.trackingUrl','http://localhost:8081/r2/trackingpage','URL','The link used to retrieve async job results, sent to user by email & shown on site','default','xxxxx',0,1),
(73,'r2.uploadFileStoragePath','/d2/webfiles/r2/uploads','PATH','File path for all uploads to the R2 website.','default','xxxxx',0,1),
(75,'r2.whatsNewFilePath','/d2/webfiles/r2/whatsNew.html','PATH','File path containing the Whats New pages contents','default','xxxxx',0,1),
(77,'r2.workingFolder','/upload/r2','PATH','Working folder in file system for all file based operations.','default','xxxxx',0,1),
(79,'r2.userprofileupdateonlogindisabled','false','BOOLEAN','disable user visit db write','default','xxxxx',0,0),
(99,'vscan.commandPath','echo whats up doc','PATH','Virus scan command','default','xxxxx',0,1),
(101,'vscan.moveCommandPath','mv','PATH','Move Command','default','xxxxx',0,1),
(103,'vscan.sandboxFolder','/sandbox/r2','PATH','Virus scan sandbox folder','default','xxxxx',0,1),
(135,'jm.heartbeat','{\"default\":{\"papp-r2.dtic.mil\":1367244064669},\"exhibitsf\":{\"papp-r7.dtic.mil\":1367517760017},\"exhibitsprod\":{\"appr2.dtic.mil\":1367867740016}}','STRING','Heartbeat for jboss instance coordination','default','xxxxx',0,0),
(137,'p40.gettingstartedHtml','.','STRING','Procurement UI Getting Started guide','default','xxxxx',0,0),
(143,'r2.registrationEmailToAdmin','true','BOOLEAN','this is the misspelled version that should be removed soon','default','xxxxx',0,1),
(145,'p40.jbenableextravalidation','true','BOOLEAN','False disables extra P40 validation for JBs','default','xxxxx',0,0),
(147,'p40.concurrentWarningHTML','NOTE: In order to edit an exhibit, you must first lock it, which prevents others from editing it at the same time.  If an exhibit is available for editing, you can lock it by clicking on Edit in the exhibit page.','STRING','Appears on the P40 manage page.','default','xxxxx',0,0),
(149,'p40.enableextravalidicon','true','BOOLEAN','Extra \"j\" icons that indicate xml/jibx validity','default','xxxxx',0,0),
(153,'xslt.besLabel','BES','STRING',NULL,'default','PB',2013,1),
(155,'xslt.jb.besLabel','Program/Budget Review Submission','STRING',NULL,'default','PB',2013,1),
(157,'xslt.pbLabel','PB','STRING',NULL,'default','PB',2013,1),
(159,'xslt.jb.pbLabel','President\'s Budget Submission','STRING',NULL,'default','PB',2013,1),
(161,'p40.enableonlyverifiedbizrules','false','BOOLEAN','Show only verified rules to DTIC users as well, instead of doing it for nondtic users only.','default','xxxxx',0,0),
(163,'scm.build.url','https://support-stg.dtic.mil/jenkins/job/CBES/changes','STRING','URL for nightly build SCM system.','default','xxxxx',0,0),
(165,'r2.notregisteredurl','https://exhibits-stg.dtic.mil/r2/NotRegisteredPage.html','STRING',NULL,'default','xxxxx',0,0),
(171,'businessrules.touchfile.name','/upload/r2/touchfiles/refresh-business-rules','STRING','Trigger file for business rule refresh in all 4 apps','default','xxxxx',0,0),
(173,'config.touchfile.name','/upload/r2/touchfiles/refresh-config','STRING','Trigger file for config refresh in all 4 apps','default','xxxxx',0,0),
(177,'jm.job.QueryJob','{\n  \"jobBeanClass\" : \"mil.dtic.r2.jobmanager.tasks.jobs.QueryJob\",\n  \"jobGroup\" : \"R2QueryGroup\",\n  \"pdfJobLimit\" : \"6\",\n  \"enable\" : \"true\",\n  \"cronTrigger\" : \"0/10 * * ? * *\",\n  \"jobName\" : \"R2QueryJob\"\n}','JSONJOB','Polls db for PDF and System jobs','default','xxxxx',0,0),
(179,'jb.warningStamp.horizontalPageOffset','20','NUM','Horizontal offset from either page edge for placing the JB warning message.','default','xxxxx',0,0),
(181,'jb.warningStamp.verticalPageOffset','10','NUM','Vertical offset from either page edge for placing the JB warning message.','default','xxxxx',0,0),
(183,'jb.warningStamp','[Warning: Numeric data in this document may not be accurate!]','STRING','Warning message that is stamped on every JB page when there are one or more warnings in any R2/P40 contained in it.','default','xxxxx',0,0),
(185,'r2.triggerFileDir','/upload/r2/touchfiles','PATH','Default touchfile directory','default','xxxxx',0,0),
(193,'r2.disableUserProfileUpdateOnLogin','false','BOOLEAN','disable user visit db write','default','xxxxx',0,0),
(195,'user.fromLdapForLocalUser','false','BOOLEAN',NULL,'default','xxxxx',0,1),
(203,'xslt.useJavaForFootnoteNumbering','true','BOOLEAN','Controls whether Java code or XSLT logic should be used to create footnote numbers for the various texts (e.g., remarks, service/agency suffixes) that appear as footnotes in PDFs. The pros and cons are too long to describe here.','default','xxxxx',0,0),
(205,'unverified.rule.agencies','[\"DEMO\",\"DTIC\"]','STRING',NULL,'default','xxxxx',0,0),
(227,'r2.jbPdfPassword','rsrvbcnar','STRING','Password to unlock the JB PDFs','default','BES',2014,1),
(229,'r2.jbPdfPassword','jxxdcapjf','STRING','Password to unlock the JB PDFs','default','PB',2014,1),
(231,'r2.jbPdfPasswordEnable','true','BOOLEAN','Whether the PDF\'s generated are password protected or not','default','PB',2013,1),
(233,'r2.jbPdfPasswordEnable','true','BOOLEAN','Whether the PDF\'s generated are password protected or not','default','BES',2014,1),
(235,'r2.jbPdfPasswordEnable','true','BOOLEAN','Whether the PDF\'s generated are password protected or not','default','PB',2014,1),
(237,'xslt.besLabel','BES','STRING',NULL,'default','BES',2014,1),
(239,'xslt.besLabel','BES','STRING',NULL,'default','PB',2014,1),
(241,'xslt.pbLabel','PB','STRING',NULL,'default','BES',2014,1),
(243,'xslt.pbLabel','PB','STRING',NULL,'default','PB',2014,1),
(245,'xslt.jb.besLabel','Program/Budget Review Submission','STRING',NULL,'default','BES',2014,1),
(247,'xslt.jb.besLabel','Program/Budget Review Submission','STRING',NULL,'default','PB',2014,1),
(249,'xslt.jb.pbLabel','President\'s Budget Submission','STRING',NULL,'default','BES',2014,1),
(251,'xslt.jb.pbLabel','President\'s Budget Submission','STRING',NULL,'default','PB',2014,1),
(253,'r2.jbPdfPasswordEnable','true','BOOLEAN','Whether the PDF\'s generated are password protected or not','default','POM',2014,1),
(255,'xslt.jb.pbLabel','Program Objective Memorandum','STRING',NULL,'default','POM',2014,1),
(257,'xslt.pbLabel','POM','STRING',NULL,'default','POM',2014,1),
(259,'xslt.besLabel','POM','STRING',NULL,'default','POM',2014,1),
(261,'xslt.jb.besLabel','Program Objective Memorandum','STRING',NULL,'default','POM',2014,1),
(263,'r2.jbPdfPassword','jxxdcapjf','STRING','Password to unlock the JB PDFs','default','POM',2014,1),
(265,'xslt.pomLabel','POM','STRING','Short name for POM cycle','default','POM',2014,1),
(268,'user.r2Role','R2AppMgr','STRING','R2 role for local user','default','xxxxx',0,1),
(269,'user.r2group','R2AppMgr','STRING','R2 group for local user','default','xxxxx',0,1),
(270,'user.fullName','fullname','STRING','full name of the local user','default','xxxxx',0,1),
(271,'user.firstName','firstname','STRING','first name of the local user','default','xxxxx',0,1),
(272,'user.emailAddress','emailaddress@dtic.mil','STRING','email for the local user','default','xxxxx',0,1),
(273,'user.middleInitial','j','STRING','middle initial for the local user','default','xxxxx',0,1),
(274,'user.phoneNumber','phonenumber','STRING','phone number for the local user','default','xxxxx',0,1),
(275,'user.lastName','lastname','STRING','last name for the local user','default','xxxxx',0,1);

INSERT INTO `contract_method_type_fundveh`
(`cmtf_ID`,`pcm_ID`,`pct_ID`,`pfv_id`)
VALUES
(1,2,39,NULL),
(3,1,39,NULL),
(5,2,41,NULL),
(7,1,41,NULL),
(9,2,43,NULL),
(11,1,43,NULL),
(13,2,4,NULL),
(15,1,4,NULL),
(17,2,5,NULL),
(19,1,5,NULL),
(21,2,2,NULL),
(23,1,2,NULL),
(25,2,23,NULL),
(27,1,23,NULL),
(29,2,25,NULL),
(31,1,25,NULL),
(33,2,6,NULL),
(35,1,6,NULL),
(37,2,21,NULL),
(39,1,21,NULL),
(41,2,1,NULL),
(43,1,1,NULL),
(45,2,15,NULL),
(47,1,15,NULL),
(49,2,9,NULL),
(51,1,9,NULL),
(53,2,11,NULL),
(55,1,11,NULL),
(57,2,13,NULL),
(59,1,13,NULL),
(61,2,17,NULL),
(63,1,17,NULL),
(65,2,19,NULL),
(67,1,19,NULL),
(69,2,27,NULL),
(71,1,27,NULL),
(73,2,31,NULL),
(75,1,31,NULL),
(77,2,29,NULL),
(79,1,29,NULL),
(81,2,37,NULL),
(83,1,37,NULL),
(85,2,35,NULL),
(87,1,35,NULL),
(89,2,33,NULL),
(91,1,33,NULL),
(93,2,45,NULL),
(95,1,45,NULL),
(97,NULL,NULL,4),
(99,NULL,NULL,7),
(101,NULL,NULL,17),
(103,NULL,NULL,15),
(105,NULL,NULL,1),
(107,NULL,NULL,2),
(109,NULL,NULL,5),
(111,NULL,NULL,9),
(113,NULL,NULL,13),
(115,NULL,NULL,19),
(117,NULL,NULL,11),
(119,NULL,NULL,3),
(121,2,7,NULL),
(123,1,7,NULL),
(125,2,8,NULL),
(127,1,8,NULL),
(129,NULL,NULL,21),
(131,1,47,NULL),
(133,2,47,NULL),
(135,5,39,NULL),
(137,5,41,NULL),
(139,5,43,NULL),
(141,5,4,NULL),
(143,5,5,NULL),
(145,5,2,NULL),
(147,5,23,NULL),
(149,5,25,NULL),
(151,5,6,NULL),
(153,5,21,NULL),
(155,5,1,NULL),
(157,5,15,NULL),
(159,5,9,NULL),
(161,5,11,NULL),
(163,5,13,NULL),
(165,5,17,NULL),
(167,5,19,NULL),
(169,5,27,NULL),
(171,5,31,NULL),
(173,5,29,NULL),
(175,5,37,NULL),
(177,5,35,NULL),
(179,5,33,NULL),
(181,5,8,NULL),
(183,5,47,NULL),
(185,5,45,NULL),
(187,5,7,NULL);

INSERT INTO `PCCI_CONTRACT_METHOD`
(`BUDGES_PCCI_CONTRACT_METHOD_ID`,`PCCI_CONTRACT_METHOD`,`PCCI_CONTRACT_METHOD_DESC`,`PCM_STATUS_FLAG`)
VALUES
(1,'SS','Sole Source','A'),
(2,'C','Competitive','A'),
(3,'TBD','To Be Determined','I'),
(4,'Various','More than One Source','I'),
(5,'Option','Option Year of Existing Contract','A');

INSERT INTO `PCCI_CONTRACT_TYPE`
(`BUDGES_PCCI_CONTRACT_TYPE_ID`,`PCCI_CONTRACT_TYPE`,`PCCI_CONTRACT_TYPE_DESC`,`PCT_STATUS_FLAG`)
VALUES
(1,'FP','Fixed Price','A'),
(2,'CPIF','Cost-Plus Incentive-Fee','A'),
(3,'FPI','Fixed-Price Incentive','I'),
(4,'CPAF','Cost-Plus Award-Fee','A'),
(5,'CPFF','Cost-Plus Fixed-Fee','A'),
(6,'FFP','Firm Fixed Price','A'),
(7,'Various','More than One Source','A'),
(8,'TBD','To Be Determined','A'),
(9,'FPEPA','Fixed-Price Economic Price Adjustment','A'),
(11,'FPIF','Fixed-Price Incentive Firm','A'),
(13,'FPIS','Fixed-Price Incentive Successive Targets','A'),
(15,'FPAF','Fixed-Price Award-Fee','A'),
(17,'FPRP','Fixed-Price with Prospective Price Redetermination','A'),
(19,'FPRR','Fixed Ceiling Price with Retroactive Price Redetermination','A'),
(21,'FFPLOE','Firm Fixed Price, Level of Effort','A'),
(23,'CR','Cost','A'),
(25,'CS','Cost Sharing','A'),
(27,'IDDQ','Indefinite Delivery, Definite Quantity','A'),
(29,'IDRT','Indefinite Delivery, Requirements','A'),
(31,'IDIQ','Indefinite Delivery, Indefinite Quantity','A'),
(33,'T&M','Time and Materials','A'),
(35,'LH','Labor-hour','A'),
(37,'Letter','Letter','A'),
(39,'BA','Basic Agreement','A'),
(41,'BOA','Basic Ordering Agreement','A'),
(43,'BPA','Blanket Purchasing Agreement','A'),
(45,'UCA','Undefinitized Contract Action','A'),
(47,'TIA','Technology Investment Agreement','A');

INSERT INTO `PCCI_FUND_VEHICLE`
(`BUDGES_PCCI_FUND_VEHICLE_ID`,`PCCI_FUND_VEHICLE`,`PCCI_FUND_VEHICLE_DESC`,`PFV_STATUS_FLAG`)
VALUES
(1,'MIPR','Military Interdepartmental Purchase Request','A'),
(2,'PO','Project Order','A'),
(3,'WR','Work Request','A'),
(4,'Allot','Allotment','A'),
(5,'Reqn','Requisition','A'),
(6,'T&M','Time and Materials','I'),
(7,'FFRDC','Federally Funded Research Development Center','A'),
(8,'BPA','Blanket Purchasing Agreement','I'),
(9,'RO','Reimbursable Order','A'),
(11,'Various','More than One or Other Vehicle','A'),
(13,'Sub Allot','Sub Allotment','A'),
(15,'IA','Interagency Agreement','A'),
(17,'Grant','Grant','A'),
(19,'TBD','To Be Determined','A'),
(21,'GFM','Government-furnished Material','A');

INSERT INTO `PE_SUFFIX`
(`PS_SERV_AGY_ID`,`PS_SUFFIX`,`PS_DATE_ACTIVE`,`PS_DATE_INACTIVE`,`HIBERNATE_LIST_INDEX`)
VALUES
(1,'A','2000-01-01 00:00:00',NULL,1),
(2,'N','2000-01-01 00:00:00',NULL,2),
(2,'M','2009-11-19 10:35:28',NULL,24),
(3,'F','2000-01-01 00:00:00',NULL,3),
(4,'BTA','2000-01-01 00:00:00',NULL,4),
(5,'BP','2000-01-01 00:00:00',NULL,5),
(7,'E','2000-01-01 00:00:00',NULL,7),
(8,'BL','2000-01-01 00:00:00',NULL,8),
(9,'SE','2000-01-01 00:00:00',NULL,9),
(10,'K','2000-01-01 00:00:00',NULL,10),
(11,'S','2000-01-01 00:00:00',NULL,11),
(12,'T','2000-01-01 00:00:00',NULL,12),
(13,'V','2000-01-01 00:00:00',NULL,13),
(14,'KA','2000-01-01 00:00:00',NULL,14),
(15,'BR','2000-01-01 00:00:00',NULL,15),
(16,'C','2000-01-01 00:00:00',NULL,16),
(18,'D8Z','2000-01-01 00:00:00',NULL,18),
(19,'BB','2000-01-01 00:00:00',NULL,19),
(20,'J','2000-01-01 00:00:00',NULL,20),
(21,'D8W','2000-01-01 00:00:00',NULL,21),
(22,'OTE','2000-01-01 00:00:00',NULL,22),
(23,'D','2000-01-01 00:00:00',NULL,23),
(61,'HP','2012-02-09 15:56:20',NULL,27);

INSERT INTO `permission`
(`perm_id`,`perm_name`,`perm_desc`)
VALUES
(1,'ROLE_P40_ALL_AGENCIES','pretend user is a member of all agencies'),
(2,'ROLE_P40_ADMIN_TOOLS','low level admin stuff'),
(3,'ROLE_P40_MANAGE_COPY','Enable P40 copy'),
(4,'ROLE_P40_MANAGE_DELETE','Enable entire P40 delete'),
(5,'ROLE_P40_BLOCK_WRITE','Disable P40 save'),
(6,'ROLE_P40_MAINT_MODE','Access UI even during maintenance mode'),
(7,'ROLE_P40_TEST','See and create line items marked as test'),
(8,'ROLE_P40_JBLOGOCHNG','Change agency default JB Logo'),
(9,'ROLE_P40_UNLOCK_ANY','Always show unlock button for all exhibits, and allow overriding of others locks'),
(10,'ROLE_P40_FREEZE','Prevent others from editing an entire P-40 on a long term basis.'),
(11,'ROLE_P40_UNFREEZE_ANY','Normally only the freezer can unfreeze - this permission lets you override other users freezes.');

INSERT INTO `proc_budget_activity`
(`ba_ID`,`aa_ID`,`ba_num`,`ba_title`,`ba_status_flag`,`ba_RDTE_flag`,`ba_PROC_flag`)
VALUES
(1,21,1,'Mine Resistant Ambush Prot Veh Fund','A',0,1),
(3,21,20,'Mine Resistant Ambush Prot Veh Fund','A',0,1),
(5,23,1,'Major Equipment','A',0,1),
(7,23,2,'Special Operations Command','A',0,1),
(9,23,3,'Chemical/Biological Defense','A',0,1),
(11,23,20,'Undistributed','A',0,1),
(13,75,1,'Joint Urgent Operational Needs Fund','A',0,1),
(15,25,1,'Reserve Equipment','A',0,1),
(17,25,2,'National Guard Equipment','A',0,1),
(19,25,20,'Undistributed','A',0,1),
(21,27,1,'Defense Production Act Purchases','A',0,1),
(23,27,20,'Undistributed','A',0,1),
(25,29,1,'Operation & Maintenance','A',0,0),
(27,29,2,'RDT&E','A',1,0),
(29,29,3,'Procurement','A',0,1),
(31,29,20,'Undistributed','A',0,1),
(33,31,2,'Weapons and combat vehicles','A',0,1),
(35,31,3,'Guided missiles and equipment','A',0,1),
(37,31,4,'Communications & electronics equipment','A',0,1),
(39,31,5,'Support Vehicles','A',0,1),
(41,31,6,'Engineer and Other Equipment','A',0,1),
(43,31,7,'Spares and Repair Parts','A',0,1),
(45,31,20,'Undistributed','A',0,1),
(47,33,1,'Combat Aircraft','A',0,1),
(49,33,2,'Airlift Aircraft','A',0,1),
(51,33,3,'Trainer Aircraft','A',0,1),
(53,33,4,'Other Aircraft','A',0,1),
(55,33,5,'Modification of Aircraft','A',0,1),
(57,33,6,'Aircraft Spares and Repair Parts','A',0,1),
(59,33,7,'Aircraft Support Equip & Facilities','A',0,1),
(61,33,20,'Undistributed','A',0,1),
(63,35,1,'Ballistic Missiles','A',0,1),
(65,35,2,'Other Missiles','A',0,1),
(67,35,3,'Torpedoes and Related Equipment','A',0,1),
(69,35,4,'Other Weapons','A',0,1),
(71,35,6,'Spares and Repair Parts','A',0,1),
(73,35,20,'Undistributed','A',0,1),
(75,37,1,'Proc Ammo, Navy','A',0,1),
(77,37,2,'Proc Ammo, MC','A',0,1),
(79,37,20,'Undistributed','A',0,1),
(81,39,2,'Other Warships','A',0,1),
(83,39,3,'Amphibious Ships','A',0,1),
(85,39,5,'Auxiliaries, Craft, and Prior-Year Program Costs','A',0,1),
(87,39,20,'Undistributed','A',0,1),
(89,41,1,'Ships Support Equipment','A',0,1),
(91,41,2,'Communications & Electronics Equip','A',0,1),
(93,41,3,'Aviation Support Equipment','A',0,1),
(95,41,4,'Ordnance Support Equipment','A',0,1),
(97,41,5,'Civil Engineering Support Equip','A',0,1),
(99,41,6,'Supply Support Equipment','A',0,1),
(101,41,7,'Personnel & Command Support Equip','A',0,1),
(103,41,8,'Spares and Repair Parts','A',0,1),
(105,41,20,'Undistributed','A',0,1),
(107,43,1,'Aircraft','A',0,1),
(109,43,2,'Modification of Aircraft','A',0,1),
(111,43,3,'Spares and Repair Parts','A',0,1),
(113,43,4,'Support Equipment and Facilities','A',0,1),
(115,43,20,'Undistributed','A',0,1),
(117,45,2,'Other Missiles','A',0,1),
(119,45,3,'Modification of Missiles','A',0,1),
(121,45,4,'Spares and Repair Parts','A',0,1),
(123,45,5,'Support Equipment and Facilities','A',0,1),
(125,45,20,'Undistributed','A',0,1),
(127,47,1,'Tracked Combat Vehicles','A',0,1),
(129,47,2,'Weapons and Other Combat Vehicles','A',0,1),
(131,47,3,'Spare and Repair Parts','A',0,1),
(133,47,20,'Undistributed','A',0,1),
(135,49,1,'Ammunition','A',0,1),
(137,49,2,'Ammunition Production Base Support','A',0,1),
(139,49,20,'Undistributed','A',0,1),
(141,51,1,'Tactical and Support Vehicles','A',0,1),
(143,51,2,'Communications and Electronics Equipment','A',0,1),
(145,51,3,'Other Support Equipment','A',0,1),
(147,51,4,'Spare and Repair Parts','A',0,1),
(149,51,20,'Undistributed','A',0,1),
(151,53,1,'Network Attack','A',0,1),
(153,53,2,'JIEDDO Device Defeat','A',0,1),
(155,53,3,'Force Training','A',0,1),
(157,53,4,'Staff and Infrastructure','A',0,1),
(159,53,20,'Undistributed','A',0,1),
(161,55,1,'Combat Aircraft','A',0,1),
(163,55,2,'Airlift Aircraft','A',0,1),
(165,55,3,'Trainer Aircraft','A',0,1),
(167,55,4,'Other Aircraft','A',0,1),
(169,55,5,'Modification of Inservice Aircraft','A',0,1),
(171,55,6,'Aircraft Spares and Repair Parts','A',0,1),
(173,55,7,'Aircraft Supt Equipment & Facilities','A',0,1),
(175,55,20,'Undistributed','A',0,1),
(177,57,1,'Procurement of Ammo, Air Force','A',0,1),
(179,57,2,'Weapons','A',0,1),
(181,57,20,'Undistributed','A',0,1),
(183,59,1,'Ballistic Missiles','A',0,1),
(185,59,2,'Other Missiles','A',0,1),
(187,59,3,'Modification of Inservice Missiles','A',0,1),
(189,59,4,'Spares and Repair Parts','A',0,1),
(191,59,5,'Other Support','A',0,1),
(193,59,20,'Undistributed','A',0,1),
(195,61,2,'Vehicular Equipment','A',0,1),
(197,61,3,'Electronics and Telecommunications Equip','A',0,1),
(199,61,4,'Other Base Maintenance and Support Equip','A',0,1),
(201,61,5,'Spares and Repair Parts','A',0,1),
(203,61,20,'Undistributed','A',0,1),
(205,10001,3,'Procurement','A',0,1),
(207,10001,1,'Operation & Maintenance','A',0,0),
(209,10001,2,'RDT&E','A',1,0),
(211,10003,1,'Strategic Sealift Acquisition','A',0,1),
(213,10003,2,'DoD Mobilization Assets','A',0,1),
(215,10003,4,'Research and Development','A',1,0),
(217,10003,5,'Ready Reserve Force','A',0,1),
(219,1,1,'Basic Research','A',1,0),
(221,1,2,'Applied Research','A',1,0),
(223,1,3,'Advanced Technology Development (ATD)','A',1,0),
(225,1,4,'Advanced Component Development & Prototypes (ACD&P)','A',1,0),
(227,1,5,'System Development & Demonstration (SDD)','A',1,0),
(229,1,6,'RDT&E Management Support','A',1,0),
(231,1,7,'Operational Systems Development','A',1,0),
(233,2,1,'Basic Research','A',1,0),
(235,2,2,'Applied Research','A',1,0),
(237,2,3,'Advanced Technology Development (ATD)','A',1,0),
(239,2,4,'Advanced Component Development & Prototypes (ACD&P)','A',1,0),
(241,2,5,'System Development & Demonstration (SDD)','A',1,0),
(243,2,6,'RDT&E Management Support','A',1,0),
(245,2,7,'Operational Systems Development','A',1,0),
(247,3,1,'Basic Research','A',1,0),
(249,3,2,'Applied Research','A',1,0),
(251,3,3,'Advanced Technology Development (ATD)','A',1,0),
(253,3,4,'Advanced Component Development & Prototypes (ACD&P)','A',1,0),
(255,3,5,'System Development & Demonstration (SDD)','A',1,0),
(257,3,6,'RDT&E Management Support','A',1,0),
(259,3,7,'Operational Systems Development','A',1,0),
(261,4,1,'Basic Research','A',1,0),
(263,4,2,'Applied Research','A',1,0),
(265,4,3,'Advanced Technology Development (ATD)','A',1,0),
(267,4,4,'Advanced Component Development & Prototypes (ACD&P)','A',1,0),
(269,4,5,'System Development & Demonstration (SDD)','A',1,0),
(271,4,6,'RDT&E Management Support','A',1,0),
(273,4,7,'Operational Systems Development','A',1,0),
(275,18,6,'RDT&E Management Support','A',1,0),
(333,10005,1,'Transformation Savings','A',0,1),
(335,10005,20,'Undistributed','A',0,1),
(337,23,4,'Acquisition Reform','A',0,1),
(339,23,6,'Acquisition Efficiencies','A',0,1),
(341,75,20,'Joint Urgent Operational Needs Fund','A',0,1),
(343,10007,1,'Iraq Freedom Fund','A',0,1),
(345,10007,20,'Iraq Freedom Fund','A',0,1),
(347,10009,1,'NATO Cooperative Defense Programs','A',0,1),
(349,10009,20,'Undistributed','A',0,1),
(351,10011,1,'Coast Guard Support','A',0,1),
(353,10011,20,'Undistributed','A',0,1),
(355,29,4,'Retrograde','A',0,1),
(357,31,1,'Ammunition','A',0,1),
(359,35,5,'Other Ordnance','A',0,1),
(361,39,1,'Fleet Ballistic Missile Ships','A',0,1),
(363,39,4,'Mine Warfare and Patrol Ships','A',0,1),
(365,49,7,'Re-Estimate of Guaranteed Loan','A',0,1),
(367,49,8,'Interest on Re-Estimate','A',0,1),
(369,51,29,'DHP Wedge Placeholder','A',0,1),
(371,10013,1,'National Guard Equipment, Army','A',0,1),
(373,10013,20,'Undistributed','A',0,1),
(375,10015,1,'Rapid Acquisition Fund','A',0,1),
(377,10015,20,'Undistributed','A',0,1),
(379,10017,1,'Army Modularity','A',0,1),
(381,10017,20,'Undistributed','A',0,1),
(383,10019,1,'Airlift Aircraft','A',0,1),
(385,10019,20,'Undistributed','A',0,1),
(387,59,6,'Munitions & Related Equipment','A',0,1),
(389,61,1,'Munitions and Associated Equipment','A',0,1),
(391,29,1,'Chem Agents & Munitions Destruct-O&M','I',0,0),
(393,29,2,'Chem Agents & Munitions Destruct-RDT&E','I',1,0),
(395,29,3,'Chem Agents & Munitions Destruct-Proc','I',0,1);

INSERT INTO `proc_budget_sub_activity`
(`bsa_ID`,`ba_ID`,`bsa_num`,`bsa_title`,`bsa_status_flag`)
VALUES
(1,1,1,'Mine Resistant Ambush Prot Veh Fund','A'),
(3,1,2,'Mine Resistant Ambush Prot Veh Fund','A'),
(5,3,99,'Undistributed','A'),
(7,5,1,'Major Equipment, OSD','A'),
(9,5,2,'Major Equipment, NSA','A'),
(11,5,4,'Major Equipment, WHS','A'),
(13,5,5,'Major Equipment, DISA','A'),
(15,5,7,'Major Equipment, DLA','A'),
(17,5,9,'Major Equipment, DSS','A'),
(19,5,11,'Major Equipment, DCAA','A'),
(21,5,15,'Major Equipment, TJS','A'),
(23,5,17,'Major Equipment, Missile Defense Agency','A'),
(25,5,20,'Major Equipment, DHRA','A'),
(27,5,23,'Major Equipment, Defense Threat Reduction Agency','A'),
(29,5,24,'Major Equipment, Defense Security Cooperation Agency','A'),
(31,5,26,'Major Equipment, DODEA','A'),
(33,5,27,'Major Equipment, DCMA','A'),
(35,5,30,'Major Equipment, DTSA','A'),
(37,5,41,'Major Equipment, BTA','A'),
(39,5,55,'Major Equipment, DMACT','A'),
(41,5,99,'Classified Programs','I'),
(43,7,1,'Aviation Programs','A'),
(45,7,2,'Shipbuilding','A'),
(47,7,3,'Ammunition Programs','A'),
(49,7,4,'Other Procurement Programs','A'),
(51,7,99,'Classified Programs','I'),
(53,9,1,'CBDP','A'),
(55,11,99,'Undistributed','A'),
(57,13,10,'Joint Urgent Operational Needs Fund','A'),
(59,15,30,'Army Reserve','A'),
(61,15,40,'Navy Reserve','A'),
(63,15,50,'Marine Corps Reserve','A'),
(65,15,60,'Air Force Reserve','A'),
(67,17,10,'Army National Guard','A'),
(69,17,20,'Air National Guard','A'),
(71,19,99,'Undistributed','A'),
(73,21,10,'Defense Production Act Purchases','A'),
(75,23,99,'Undistributed','A'),
(77,25,1,'Operation & Maintenance','I'),
(79,27,1,'RDT&E','I'),
(81,29,1,'Procurement','A'),
(83,31,99,'Undistributed','A'),
(85,33,1,'Tracked Combat Vehicles','A'),
(87,33,2,'Artillery And Other Weapons','A'),
(89,33,4,'Other Support','A'),
(91,35,1,'Guided Missiles','A'),
(93,35,3,'Other Support','A'),
(95,37,4,'Command And Control Systems','A'),
(97,37,7,'Repair And Test Equipment','A'),
(99,37,9,'Other Support (Tel)','A'),
(101,37,14,'Command And Control System (Non-Tel)','A'),
(103,37,15,'Radar + Equipment (Non-Tel)','A'),
(105,37,16,'Intell/Comm Equipment (Non-Tel)','A'),
(107,37,18,'Other Comm/Elec Equipment (Non-Tel)','A'),
(109,37,19,'Other Support (Non-Tel)','A'),
(111,37,99,'Classified Programs','I'),
(113,39,1,'Administrative Vehicles','A'),
(115,39,2,'Tactical Vehicles','A'),
(117,39,3,'Other Support','A'),
(119,41,1,'Engineer And Other Equipment','A'),
(121,41,2,'Materials Handling Equipment','A'),
(123,41,3,'General Property','A'),
(125,41,4,'Other Support','A'),
(127,43,1,'Spares And Repair Parts','A'),
(129,45,99,'Undistributed','A'),
(131,47,1,'Combat Aircraft','A'),
(133,49,1,'Airlift Aircraft','A'),
(135,51,1,'Trainer Aircraft','A'),
(137,53,1,'Other Aircraft','A'),
(139,55,1,'Modification Of Aircraft','A'),
(141,57,1,'Aircraft Spares And Repair Parts','A'),
(143,59,1,'Aircraft Support Equip & Facilities','A'),
(145,61,99,'Undistributed','A'),
(147,63,2,'Modification Of Missiles','A'),
(149,63,3,'Support Equipment & Facilities','A'),
(151,65,1,'Strategic Missiles','A'),
(153,65,2,'Tactical Missiles','A'),
(155,65,3,'Modification Of Missiles','A'),
(157,65,4,'Support Equipment & Facilities','A'),
(159,65,5,'Ordnance Support Equipment','A'),
(161,67,1,'Torpedoes And Related Equip','A'),
(163,67,2,'Mod Of Torpedoes And Related Equip','A'),
(165,67,3,'Support Equipment','A'),
(167,67,4,'Destination Transportation','A'),
(169,69,1,'Guns And Gun Mounts','A'),
(171,69,2,'Modification Of Guns And Gun Mounts','A'),
(173,69,4,'Other','A'),
(175,71,1,'Spares And Repair Parts','A'),
(177,73,99,'Undistributed','A'),
(179,75,1,'Navy Ammunition','A'),
(181,77,1,'Marine Corps Ammunition','A'),
(183,79,99,'Undistributed','A'),
(185,81,1,'Other Warships','A'),
(187,83,1,'Amphibious Ships','A'),
(189,85,1,'Auxiliaries, Craft And Prior Yr Program Cost','A'),
(191,87,99,'Undistributed','A'),
(193,89,1,'Ship Propulsion Equipment','A'),
(195,89,6,'Navigation Equipment','A'),
(197,89,8,'Periscopes','A'),
(199,89,9,'Other Shipboard Equipment','A'),
(201,89,10,'Reactor Plant Equipment','A'),
(203,89,11,'Ocean Engineering','A'),
(205,89,12,'Small Boats','A'),
(207,89,13,'Training Equipment','A'),
(209,89,14,'Production Facilities Equipment','A'),
(211,89,15,'Other Ship Support','A'),
(213,89,16,'Logistic Support','A'),
(215,91,1,'Ship Radars','A'),
(217,91,2,'Ship Sonars','A'),
(219,91,3,'Asw Electronic Equipment','A'),
(221,91,4,'Electronic Warfare Equipment','A'),
(223,91,5,'Reconnaissance Equipment','A'),
(225,91,6,'Submarine Surveillance Equipment','A'),
(227,91,7,'Other Ship Electronic Equipment','A'),
(229,91,8,'Training Equipment','A'),
(231,91,9,'Aviation Electronic Equipment','A'),
(233,91,10,'Other Shore Electronic Equipment','A'),
(235,91,11,'Shipboard Communications','A'),
(237,91,12,'Submarine Communications','A'),
(239,91,13,'Satellite Communications','A'),
(241,91,14,'Shore Communications','A'),
(243,91,15,'Cryptographic Equipment','A'),
(245,91,16,'Cryptologic Equipment','A'),
(247,91,17,'Other Electronic Support','A'),
(249,91,19,'Drug Interdiction Support','A'),
(251,93,1,'Sonobuoys','A'),
(253,93,3,'Aircraft Support Equipment','A'),
(255,95,2,'Ship Gun System Equipment','A'),
(257,95,3,'Ship Missile Systems Equipment','A'),
(259,95,4,'Fbm Support Equipment','A'),
(261,95,5,'Asw Support Equipment','A'),
(263,95,6,'Other Ordnance Support Equipment','A'),
(265,95,7,'Other Expendable Ordnance','A'),
(267,97,1,'Civil Engineering Support Equipment','A'),
(269,99,1,'Supply Support Equipment','A'),
(271,101,1,'Training Devices','A'),
(273,101,2,'Command Support Equipment','A'),
(275,101,4,'Productivity Programs','A'),
(277,101,5,'Other','A'),
(279,101,99,'Classified Programs','I'),
(281,103,1,'Spares And Repair Parts','A'),
(283,105,99,'Undistributed','A'),
(285,107,10,'Fixed Wing','A'),
(287,107,20,'Rotary','A'),
(289,109,10,'Modification Of Aircraft','A'),
(291,111,10,'Spares And Repair Parts','A'),
(293,113,10,'Ground Support Avionics','A'),
(295,113,30,'Other Support','A'),
(297,115,99,'Undistributed','A'),
(299,117,10,'Surface-To-Air Missile System','A'),
(301,117,20,'Air-To-Surface Missile System','A'),
(303,117,30,'Anti-Tank/Assault Missile Sys','A'),
(305,119,10,'Modifications','A'),
(307,121,10,'Spares And Repair Parts','A'),
(309,123,10,'Support Equipment & Facilities','A'),
(311,125,99,'Undistributed','A'),
(313,127,10,'Tracked Combat Vehicles','A'),
(315,127,20,'Modification Of Tracked Combat Vehicles','A'),
(317,127,30,'Support Equipment & Facilities','A'),
(319,129,10,'Weapons & Other Combat Vehicles','A'),
(321,129,20,'Mod Of Weapons And Other Combat Veh','A'),
(323,129,30,'Support Equipment & Facilities','A'),
(325,131,10,'Spares','A'),
(327,133,99,'Undistributed','A'),
(329,135,30,'Small/Medium Cal Ammunition','A'),
(331,135,33,'Mortar Ammunition','A'),
(333,135,35,'Tank Ammunition','A'),
(335,135,37,'Artillery Ammunition','A'),
(337,135,40,'Artillery Fuzes','A'),
(339,135,43,'Mines','A'),
(341,135,44,'Networked Munitions','A'),
(343,135,45,'Rockets','A'),
(345,135,47,'Other Ammunition','A'),
(347,135,50,'Miscellaneous','A'),
(349,137,10,'Production Base Support','A'),
(351,139,99,'Undistributed','A'),
(353,141,10,'Tactical Vehicles','A'),
(355,141,20,'Non-Tactical Vehicles','A'),
(357,143,12,'Comm - Joint Communications','A'),
(359,143,18,'Comm - Satellite Communications','A'),
(361,143,20,'Comm - Combat Support Comm','A'),
(363,143,24,'Comm - C3 System','A'),
(365,143,32,'Comm - Combat Communications','A'),
(367,143,36,'Comm - Intelligence Comm','A'),
(369,143,64,'Information Security','A'),
(371,143,72,'Comm - Long Haul Communications','A'),
(373,143,73,'Comm - Base Communications','A'),
(375,143,80,'Elect Equip - Tact Int Rel Act (TIARA)','A'),
(377,143,83,'Elect Equip - Electronic Warfare (EW)','A'),
(379,143,86,'Elect Equip - Tactical Surv. (Tac Surv)','A'),
(381,143,89,'Elect Equip - Tactical C2 Systems','A'),
(383,143,92,'Elect Equip - Automation','A'),
(385,143,95,'Elect Equip - Audio Visual Sys (A/V)','A'),
(387,143,98,'Elect Equip - Support','A'),
(389,143,99,'Classified Programs','I'),
(391,145,10,'Chemical Defensive Equipment','A'),
(393,145,15,'Bridging Equipment','A'),
(395,145,20,'Engineer (Non-Construction) Equipment','A'),
(397,145,25,'Combat Service Support Equipment','A'),
(399,145,30,'Petroleum Equipment','A'),
(401,145,35,'Water Equipment','A'),
(403,145,40,'Medical Equipment','A'),
(405,145,45,'Maintenance Equipment','A'),
(407,145,50,'Construction Equipment','A'),
(409,145,55,'Rail Float Containerization Equipment','A'),
(411,145,60,'Generators','A'),
(413,145,65,'Material Handling Equipment','A'),
(415,145,70,'Training Equipment','A'),
(417,145,80,'Test Measure And Dig Equipment (TMD)','A'),
(419,145,90,'Other Support Equipment','A'),
(421,147,20,'OPA2','A'),
(423,149,99,'Undistributed','A'),
(425,151,1,'Network Attack','A'),
(427,153,1,'JIEDDO Device Defeat','A'),
(429,155,1,'Force Training','A'),
(431,157,1,'Staff And Infrastructure','A'),
(433,159,99,'Undistributed','A'),
(435,161,3,'Tactical Forces','A'),
(437,163,2,'Tactical Airlift','A'),
(439,163,3,'Other Airlift','A'),
(441,165,1,'UPT Trainers','A'),
(443,165,3,'Operational Trainers','A'),
(445,167,1,'Helicopters','A'),
(447,167,4,'Mission Support Aircraft','A'),
(449,167,5,'Other Aircraft','A'),
(451,169,1,'Strategic Aircraft','A'),
(453,169,2,'Tactical Aircraft','A'),
(455,169,3,'Airlift Aircraft','A'),
(457,169,4,'Trainer Aircraft','A'),
(459,169,5,'Other Aircraft','A'),
(461,171,10,'Aircraft Spares + Repair Parts','I'),
(463,173,1,'Common Support Equipment','A'),
(465,173,2,'Post Production Support','A'),
(467,173,3,'Industrial Preparedness','A'),
(469,173,4,'War Consumables','A'),
(471,173,5,'Other Production Charges','A'),
(473,173,11,'DARP','A'),
(475,173,99,'Classified Programs','I'),
(477,175,99,'Undistributed','A'),
(479,177,11,'Rockets','A'),
(481,177,12,'Cartridges','A'),
(483,177,13,'Bombs','A'),
(485,177,15,'Flare, IR MJU-7B','A'),
(487,177,16,'Fuzes','A'),
(489,179,1,'Small Arms','A'),
(491,181,99,'Undistributed','A'),
(493,183,3,'Missile Replacement Equipment - Ballistic','A'),
(495,185,2,'Tactical','A'),
(497,185,5,'Industrial Facilities','A'),
(499,187,1,'Class IV','A'),
(501,189,10,'Missile Spares + Repair Parts','I'),
(503,191,1,'Space Programs','A'),
(505,191,4,'Special Programs','A'),
(507,191,99,'Classified Programs','I'),
(509,193,99,'Undistributed','A'),
(511,195,1,'Passenger Carrying Vehicles','A'),
(513,195,2,'Cargo + Utility Vehicles','I'),
(515,195,3,'Special Purpose Vehicles','A'),
(517,195,4,'Fire Fighting Equipment','A'),
(519,195,5,'Materials Handling Equipment','A'),
(521,195,6,'Base Maintenance Support','A'),
(523,197,1,'Comm Security Equipment(Comsec)','A'),
(525,197,2,'Intelligence Programs','A'),
(527,197,3,'Electronics Programs','A'),
(529,197,4,'Spcl Comm-Electronics Projects','A'),
(531,197,5,'Air Force Communications','A'),
(533,197,6,'DISA Programs','I'),
(535,197,7,'Organization And Base','A'),
(537,197,8,'Modifications','A'),
(539,199,2,'Personal Safety & Rescue Equip','A'),
(541,199,3,'Depot Plant+Mtrls Handling Eq','A'),
(543,199,5,'Base Support Equipment','A'),
(545,199,6,'Special Support Projects','A'),
(547,199,99,'Classified Programs','I'),
(549,201,1,'Spares And Repair Parts','A'),
(551,203,99,'Undistributed','A'),
(553,5,25,'MAJOR EQUIPMENT, AFIS','A'),
(557,205,1,'Procurement','A'),
(559,211,120,'T-AKE','A'),
(561,211,401,'MPF MLP','A'),
(563,211,5000,'Post Delivery and Outfitting','A'),
(565,213,200,'National Def Sealift Vessel','A'),
(567,213,220,'LG Med Spd Ro/Ro Maintenance','A'),
(569,213,230,'DoD Mobilization Alterations','A'),
(571,213,250,'TAH Maintenance','A'),
(573,215,900,'Research And Development','A'),
(575,217,500,'Ready Reserve Force','A'),
(577,217,510,'MARAD Ship Financing Guarantee Program','A'),
(579,333,99,'Undistributed','A'),
(583,335,20,'CTR_SCVS_FTE','A'),
(585,335,99,'Undistributed','A'),
(587,3,20,'CTR_SCVS_FTE','A'),
(589,5,6,'Major Equipment, DIA','A'),
(591,5,21,'Major Equipment, National Geospatial Intel Agency','A'),
(593,5,38,'**Untitled**','A'),
(595,5,39,'Major Equipment, CIFA','A'),
(597,5,40,'Major Equipment, NDU','A'),
(599,9,99,'Undistributed','A'),
(601,337,99,'**Untitled**','A'),
(603,339,1,'Acquisition Efficiencies','A'),
(605,11,1,'Defense-Wide','A'),
(607,11,20,'CTR_SCVS_FTE','A'),
(609,13,99,'Undistributed','A'),
(611,341,20,'CTR_SCVS_FTE','A'),
(613,341,99,'Undistributed','A'),
(615,343,10,'Iraq Freedom Fund','A'),
(617,343,99,'Undistributed','A'),
(619,345,20,'CTR_SCVS_FTE','A'),
(621,345,99,'Undistributed','A'),
(625,15,70,'Reserve Aircraft','A'),
(627,15,80,'Undd','A'),
(629,15,99,'Undistributed','A'),
(631,17,40,'DoD','A'),
(633,17,99,'Undistributed','A'),
(635,19,20,'CTR_SCVS_FTE','A'),
(637,21,11,'Defense Production Act Purchases','A'),
(639,21,99,'Undistributed','A'),
(641,23,20,'CTR_SCVS_FTE','A'),
(643,347,99,'Undistributed','A'),
(645,349,20,'CTR_SCVS_FTE','A'),
(647,349,99,'Undistributed','A'),
(649,351,99,'Undistributed','A'),
(651,353,20,'CTR_SCVS_FTE','A'),
(653,353,99,'Undistributed','A'),
(655,355,1,'Retrograde','A'),
(657,355,99,'Undistributed','A'),
(659,31,20,'CTR_SCVS_FTE','A'),
(661,357,1,'Ammunition','A'),
(663,357,2,'Other Support','A'),
(665,357,99,'Undistributed','A'),
(667,33,3,'Weapons','A'),
(669,33,5,'Command and Control Sys (Non-Tel)','A'),
(671,33,99,'Undistributed','A'),
(673,35,2,'Special Devices','A'),
(675,35,99,'Undistributed','A'),
(677,37,1,'Manpack Radios','A'),
(679,37,2,'Vehicle Mounted Radios and Equipment','A'),
(681,37,3,'Telephone and Teletype Equipment','A'),
(683,37,6,'Intell/Comm Equipment','A'),
(685,37,8,'Other Comm/Elec Equipment','A'),
(687,37,17,'Repair and Test Equipment (Non-Tel)','A'),
(689,39,7,'Other Support','A'),
(691,39,16,'Other Support','A'),
(693,39,17,'Other Support','A'),
(695,39,19,'Other Support','A'),
(697,39,99,'Undistributed','A'),
(699,41,99,'Undistributed','A'),
(701,43,19,'Spares and Repair Parts','A'),
(703,43,99,'Undistributed','A'),
(705,45,1,'Undistributed','A'),
(707,45,20,'CTR_SCVS_FTE','A'),
(709,47,99,'Undistributed','A'),
(711,49,2,'Airlift Aircraft','A'),
(713,49,99,'Undistributed','A'),
(715,51,99,'Undistributed','A'),
(717,53,99,'Other Aircraft','A'),
(719,55,99,'Undistributed','A'),
(721,57,99,'Undistributed','A'),
(723,59,99,'Undistributed','A'),
(725,61,10,'Undistributed','A'),
(727,61,20,'CTR_SCVS_FTE','A'),
(729,63,1,'Ballistic Missiles','A'),
(731,63,4,'Theater Ballistic Missile Defense','A'),
(733,63,99,'Peacekeeper','A'),
(735,65,99,'Peacekeeper','A'),
(737,67,99,'Peacekeeper','A'),
(739,69,3,'Support Equipment','A'),
(741,69,99,'Undistributed','A'),
(743,359,1,'Air Launched Ordnance','A'),
(745,359,2,'Ship Ordnance','A'),
(747,359,3,'Other Ordnance','A'),
(749,359,99,'Undistributed','A'),
(751,71,99,'Undistributed','A'),
(753,73,20,'CTR_SCVS_FTE','A'),
(755,75,2,'Navy Ammunition','A'),
(757,75,3,'Navy Ammunition','A'),
(759,75,99,'Undistributed','A'),
(761,77,2,'Marine Corps Ammunition','A'),
(763,77,99,'Undistributed','A'),
(765,79,20,'CTR_SCVS_FTE','A'),
(767,361,1,'Fleet Ballistic Missile Ships','A'),
(769,361,99,'Peacekeeper','A'),
(771,81,99,'Peacekeeper','A'),
(773,83,99,'Peacekeeper','A'),
(775,363,1,'Mine Warfare and Patrol Ships','A'),
(777,363,99,'Peacekeeper','A'),
(779,85,99,'Peacekeeper','A'),
(781,87,20,'CTR_SCVS_FTE','A'),
(783,89,2,'Generators','A'),
(785,89,3,'Pumps','A'),
(787,89,4,'Air Compressors','A'),
(789,89,5,'Propellers','A'),
(791,89,7,'Underway Replenishment Equip','A'),
(793,89,17,'Spares and Repair Parts','A'),
(795,89,19,'Drug Interdiction Support','A'),
(797,89,99,'Peacekeeper','A'),
(799,91,18,'Spares and Repair Parts','A'),
(801,91,99,'Peacekeeper','A'),
(803,93,2,'Air Launched Ordnance','A'),
(805,93,4,'Spares and Repair Parts','A'),
(807,93,99,'Peacekeeper','A'),
(809,95,1,'Ship Gun Ammunition','A'),
(811,95,8,'Spares and Repair Parts','A'),
(813,95,99,'Peacekeeper','A'),
(815,97,99,'Undistributed','A'),
(817,99,99,'Peacekeeper','A'),
(819,101,3,'Computer Acquisition Program','A'),
(821,103,99,'Undistributed','A'),
(823,105,10,'Undistributed NFIP Adjustments','A'),
(825,105,20,'CTR_SCVS_FTE','A'),
(827,107,99,'Undistributed','A'),
(829,109,99,'Undistributed','A'),
(831,111,99,'Undistributed','A'),
(833,113,99,'Undistributed','A'),
(835,115,20,'CTR_SCVS_FTE','A'),
(837,117,99,'Undistributed','A'),
(839,119,99,'Undistributed','A'),
(841,121,99,'Undistributed','A'),
(843,123,99,'Undistributed','A'),
(845,125,20,'CTR_SCVS_FTE','A'),
(847,127,99,'Undistributed','A'),
(849,129,99,'Undistributed','A'),
(851,131,99,'Undistributed','A'),
(853,133,20,'CTR_SCVS_FTE','A'),
(855,135,10,'Special Ammunition','A'),
(857,135,99,'Undistributed','A'),
(859,137,99,'Undistributed','A'),
(861,365,10,'Re-Estimate Of Guaranteed Loan','A'),
(863,365,99,'Undistributed','A'),
(865,367,10,'Interest On Re-Estimate','A'),
(867,367,99,'Undistributed','A'),
(869,139,20,'CTR_SCVS_FTE','A'),
(871,141,30,'Modification of Vehicles','A'),
(873,141,40,'Support Equipment & Facilities','A'),
(875,141,99,'Undistributed','A'),
(877,143,4,'Comm - Air Defense Communications','A'),
(879,143,8,'Comm - Safeguard Communications','A'),
(881,143,40,'Comm - Alt Nat Military Comd Ctr','A'),
(883,143,44,'Comm - Nmcs Wide Support Comm','A'),
(885,143,48,'Comm - Starcom Non-Dcs','A'),
(887,143,52,'Comm - Long-Haul Comm (DCS)','A'),
(889,143,56,'Comm - Min Essent Emerg Comm Net','A'),
(891,143,60,'Comm - Satcom-Gnd Environ','A'),
(893,143,62,'Comm - Eucom C3 System','A'),
(895,143,78,'Elect Equip - Nat Intel Prog (NIP)','A'),
(897,143,96,'Elect Equip - Mods Tactical Sys/Eq','A'),
(899,143,97,'Elect Equip-Test Meas&Diag Equip (TMDE)','A'),
(901,145,69,'Generators','A'),
(903,145,99,'Undistributed','A'),
(905,147,10,'OPA1','A'),
(907,147,30,'OPA3','A'),
(909,147,99,'Undistributed','A'),
(911,149,10,'Undistributed NFIP Adjustments','A'),
(913,149,20,'CTR_SCVS_FTE','A'),
(915,369,99,'DHP Wedge Placeholder','A'),
(917,371,10,'National Guard Equipment','A'),
(919,371,99,'Undistributed','A'),
(921,373,20,'CTR_SCVS_FTE','A'),
(923,373,99,'Undistributed','A'),
(925,151,99,'Undistributed','A'),
(927,153,99,'Undistributed','A'),
(929,155,99,'Undistributed','A'),
(931,157,99,'Undistributed','A'),
(933,159,20,'CTR_SCVS_FTE','A'),
(935,375,10,'Rapid Acquisition Fund','A'),
(937,375,99,'Undistributed','A'),
(939,377,10,'Rapid Acquisition Fund','A'),
(941,377,20,'CTR_SCVS_FTE','A'),
(943,377,99,'Undistributed','A'),
(945,379,10,'Army Modularity','A'),
(947,379,99,'Undistributed','A'),
(949,381,20,'CTR_SCVS_FTE','A'),
(951,161,1,'Strategic Offensive','A'),
(953,161,4,'Other Combat Aircraft','A'),
(955,161,5,'Multi-Year Offset','A'),
(957,161,99,'Undistributed','A'),
(959,163,1,'Strategic Airlift','A'),
(961,163,4,'Strategic Airlift','A'),
(963,163,5,'Non Development Airlift','A'),
(965,163,99,'Undistributed','A'),
(967,165,2,'NAV Trainers','A'),
(969,165,4,'JDITS','A'),
(971,165,99,'Undistributed','A'),
(973,167,2,'Observation','A'),
(975,167,99,'Undistributed','A'),
(977,169,6,'Other Modifications','A'),
(979,169,7,'Civil Reserve Airlift Fleet (CRAF)','A'),
(981,169,99,'Undistributed','A'),
(983,171,99,'Undistributed','A'),
(985,173,6,'Classified Programs','A'),
(987,173,7,'Common Ecm Equipment','A'),
(989,173,8,'Common Support - SOF','A'),
(991,175,10,'Undistributed NFIP Adjustments','A'),
(993,175,20,'CTR_SCVS_FTE','A'),
(995,177,1,'Rockets','A'),
(997,177,2,'Cartridge','A'),
(999,177,3,'Bombs','A'),
(1001,177,4,'Targets','A'),
(1003,177,5,'Other Items','A'),
(1005,177,6,'Fuzes','A'),
(1007,177,7,'Munitions Undistributed','A'),
(1009,177,14,'Items Less Than $2,000,000','A'),
(1011,177,17,'Munitions Undistributed','A'),
(1013,177,99,'Undistributed','A'),
(1015,179,99,'Undistributed','A'),
(1017,181,20,'CTR_SCVS_FTE','A'),
(1019,383,2,'Tactical Airlift','A'),
(1021,383,99,'Undistributed','A'),
(1023,385,20,'CTR_SCVS_FTE','A'),
(1025,183,1,'Strategic','A'),
(1027,183,2,'Force Modernization','A'),
(1029,183,99,'Undistributed','A'),
(1031,185,1,'Strategic','A'),
(1033,185,3,'Target Drones','A'),
(1035,185,4,'Tactical Drones','A'),
(1037,185,6,'Missile Replacement Equipment - Other','A'),
(1039,185,99,'Undistributed','A'),
(1041,187,2,'Class V','A'),
(1043,187,3,'Update','A'),
(1045,187,99,'Undistributed','A'),
(1047,189,5,'Other Aircraft','A'),
(1049,189,99,'Undistributed','A'),
(1051,191,3,'Classified Drones','A'),
(1053,387,1,'Rockets and Launchers','A'),
(1055,387,2,'Cartridges','A'),
(1057,387,3,'Bombs','A'),
(1059,387,4,'Targets','A'),
(1061,387,5,'Other Items','A'),
(1063,387,6,'Fuzes','A'),
(1065,387,7,'Other Weapons','A'),
(1067,387,99,'All Other','A'),
(1069,193,10,'Undistributed NFIP Adjustments','A'),
(1071,193,20,'CTR_SCVS_FTE','A'),
(1073,389,1,'Rockets and Launchers','A'),
(1075,389,2,'Cartridges (Thousands)','A'),
(1077,389,3,'Bombs','A'),
(1079,389,4,'Targets','A'),
(1081,389,5,'Other Items','A'),
(1083,389,6,'Fuzes','A'),
(1085,389,7,'Other Weapons','A'),
(1087,389,99,'Undistributed','A'),
(1089,195,9,'Cancelled Account Adjustm','A'),
(1091,195,99,'Undistributed','A'),
(1093,197,99,'Undistributed','A'),
(1095,199,1,'Test Equipment','A'),
(1097,199,4,'Electrical Equipment','A'),
(1099,199,8,'Non-Centrally Managed Items','A'),
(1101,201,99,'Undistributed','A'),
(1103,203,10,'NFIP','A'),
(1105,203,20,'CTR_SCVS_FTE','A'),
(1107,173,9,'Other Production Charges - SOF','A'),
(1109,173,10,'Other Production Charges-SOF','A'),
(1111,25,1,'Operation and Maintenance','A'),
(1113,27,1,'Research and Development','A'),
(1115,171,10,'Aircraft Spares and Repair Parts','A'),
(1117,189,10,'Missile Spares and Repair Parts','A'),
(1119,195,2,'Cargo and Utility Vehicles','A'),
(1121,197,6,'Space Programs','A'),
(1123,5,99,'Undistributed','A'),
(1125,7,99,'Undistributed','A'),
(1127,37,99,'Undistributed','A'),
(1129,101,99,'Undistributed','A'),
(1131,173,99,'Cancelled Account Adjustments','A'),
(1133,143,99,'Undistributed','A'),
(1135,191,99,'Undistributed','A'),
(1137,199,99,'Undistributed','A');

INSERT INTO `proc_class`
(`pc_ID`,`pc_title`,`pc_desc`)
VALUES
(1,'General',' '),
(2,'Modifications',' '),
(3,'Ship Procurement Accounts',' '),
(4,'Ammunition Accounts',' '),
(5,'Chemical Agents and Munitions Destruction',' ');

INSERT INTO `proc_class_item_exhibit`
(`cie_ID`,`vc_ID`,`ie_ID`,`cie_status_flag`)
VALUES
(1361,3,21,'A'),
(1363,4,24,'A'),
(1365,5,24,'A'),
(1367,6,10,'A'),
(1369,7,23,'A'),
(1371,8,22,'A'),
(1373,9,22,'A'),
(1375,10,22,'A'),
(1377,11,21,'A'),
(1379,11,23,'A'),
(1381,11,20,'A'),
(1383,12,22,'A'),
(1385,13,21,'A'),
(1387,14,21,'A'),
(1389,15,23,'A'),
(1391,16,23,'A'),
(1393,17,23,'A'),
(1395,17,20,'A'),
(1397,18,21,'A'),
(1399,18,23,'A'),
(1401,18,20,'A'),
(1403,19,4,'A'),
(1405,19,11,'A'),
(1407,19,20,'A'),
(1409,19,21,'A'),
(1411,19,22,'A'),
(1413,19,23,'A'),
(1415,20,4,'A'),
(1417,20,11,'A'),
(1419,20,20,'A'),
(1421,20,21,'A'),
(1423,20,22,'A'),
(1425,20,23,'A'),
(1427,21,4,'A'),
(1429,21,11,'A'),
(1431,21,20,'A'),
(1433,21,21,'A'),
(1435,21,22,'A'),
(1437,21,23,'A'),
(1439,22,4,'A'),
(1441,22,11,'A'),
(1443,22,20,'A'),
(1445,22,21,'A'),
(1447,22,22,'A'),
(1449,22,23,'A'),
(1451,23,20,'A'),
(1453,24,20,'A'),
(1455,25,4,'A'),
(1457,27,4,'A'),
(1459,28,6,'A'),
(1461,29,4,'A'),
(1463,29,11,'A'),
(1465,29,20,'A'),
(1467,29,21,'A'),
(1469,29,22,'A'),
(1471,29,23,'A'),
(1473,30,4,'A'),
(1475,30,11,'A'),
(1477,30,20,'A'),
(1479,30,21,'A'),
(1481,30,22,'A'),
(1483,30,23,'A'),
(1485,31,4,'A'),
(1487,31,11,'A'),
(1489,31,20,'A'),
(1491,31,21,'A'),
(1493,31,22,'A'),
(1495,31,23,'A'),
(1497,31,6,'A'),
(1499,31,10,'A'),
(1501,31,12,'A'),
(1503,31,24,'A'),
(1505,32,21,'A'),
(1507,32,23,'A'),
(1509,32,20,'A'),
(1511,33,4,'A'),
(1513,33,11,'A'),
(1515,33,20,'A'),
(1517,33,21,'A'),
(1519,33,22,'A'),
(1521,33,23,'A'),
(1523,34,4,'A'),
(1525,34,11,'A'),
(1527,34,20,'A'),
(1529,34,21,'A'),
(1531,34,22,'A'),
(1533,34,23,'A'),
(1535,35,4,'A'),
(1537,35,11,'A'),
(1539,35,20,'A'),
(1541,35,21,'A'),
(1543,35,22,'A'),
(1545,35,23,'A'),
(1547,36,4,'A'),
(1549,36,11,'A'),
(1551,36,20,'A'),
(1553,36,21,'A'),
(1555,36,22,'A'),
(1557,36,23,'A'),
(1559,37,6,'A'),
(1561,38,6,'A'),
(1563,39,6,'A'),
(1565,40,4,'A'),
(1567,40,11,'A'),
(1569,40,20,'A'),
(1571,40,21,'A'),
(1573,40,22,'A'),
(1575,40,23,'A'),
(1577,41,4,'A'),
(1579,41,11,'A'),
(1581,41,20,'A'),
(1583,41,21,'A'),
(1585,41,22,'A'),
(1587,41,23,'A'),
(1589,42,4,'A'),
(1591,42,11,'A'),
(1593,42,20,'A'),
(1595,42,21,'A'),
(1597,42,22,'A'),
(1599,42,23,'A'),
(1601,43,20,'A'),
(1603,44,21,'A'),
(1605,45,4,'A'),
(1607,46,4,'A'),
(1609,47,20,'A'),
(1611,48,4,'A'),
(1613,48,11,'A'),
(1615,48,20,'A'),
(1617,48,21,'A'),
(1619,48,22,'A'),
(1621,48,23,'A'),
(1623,49,4,'A'),
(1625,50,4,'A'),
(1627,51,20,'A'),
(1629,52,20,'A'),
(1631,53,20,'A'),
(1633,54,20,'A'),
(1635,55,9,'A'),
(1637,56,9,'A'),
(1639,57,9,'A'),
(1641,58,9,'A'),
(1643,59,9,'A'),
(1645,60,9,'A'),
(1647,61,20,'A'),
(1649,62,4,'A'),
(1651,63,11,'A'),
(1653,64,9,'A'),
(1655,66,10,'A'),
(1657,67,5,'A'),
(1659,67,14,'A'),
(1661,67,13,'A'),
(1663,68,13,'A'),
(1665,69,5,'A'),
(1667,70,14,'A'),
(1669,71,4,'A'),
(1671,71,11,'A'),
(1673,71,20,'A'),
(1675,71,21,'A'),
(1677,71,22,'A'),
(1679,71,23,'A'),
(1681,72,4,'A'),
(1683,72,11,'A'),
(1685,72,20,'A'),
(1687,72,21,'A'),
(1689,72,22,'A'),
(1691,72,23,'A'),
(1693,74,9,'A'),
(1695,75,9,'A'),
(1697,76,9,'A'),
(1699,77,9,'A'),
(1701,78,4,'A');

INSERT INTO `proc_cost_elem_cat`
(`cec_ID`,`cec_title`,`cec_desc`,`cec_status_flag`)
VALUES
(1,'Flyaway',NULL,'A'),
(3,'Launch',NULL,'A'),
(5,'Stage',NULL,'A'),
(7,'Space Vehicle',NULL,'A'),
(9,'Software',NULL,'A'),
(11,'Hardware',NULL,'A'),
(13,'Logistics',NULL,'A'),
(15,'Package Fielding',NULL,'A'),
(17,'Command and Launch',NULL,'A'),
(19,'Checkout and Launch',NULL,'A'),
(21,'Support',NULL,'A'),
(23,'RDT&E',NULL,'A'),
(25,'A-Kit',NULL,'A'),
(27,'B-Kit',NULL,'A'),
(29,'Recurring',NULL,'A'),
(31,'Non-Recurring',NULL,'A'),
(33,'Other',NULL,'A'),
(35,'CFE',NULL,'A'),
(37,'GFE',NULL,'A'),
(39,'EOQ',NULL,'A'),
(41,'Requirements',NULL,'A'),
(43,'Active Force Inventory',NULL,'A'),
(45,'Schools',NULL,'A'),
(47,'Other Training',NULL,'A'),
(49,'Total Requirements',NULL,'A'),
(51,'Beginning Asset Position',NULL,'A'),
(53,'Total Assets On Hand',NULL,'A'),
(55,'Qty Over (+) or Short (-)',NULL,'A'),
(57,'INITIAL',NULL,'A'),
(59,'REPLENISHMENT',NULL,'A'),
(61,'Vendor Direct Spares',NULL,'A'),
(63,'Working Capital Fund Spares',NULL,'A'),
(65,'Costs',NULL,'A'),
(67,'Asset Dynamics',NULL,'A'),
(69,'Other Gains',NULL,'A'),
(71,'Usage/Losses',NULL,'A'),
(73,'Inventory Objective or Current Authorized Allowance',NULL,'A'),
(75,'Inventory Objective (IO)',NULL,'A'),
(77,'Actual Ammunition Expenditures/Usage',NULL,'A'),
(79,'Training Expenditures',NULL,'A'),
(81,'Non-Training Expenditures',NULL,'A'),
(83,'Vehicles',NULL,'A'),
(85,'Eligible for Replacement',NULL,'A'),
(127,'Ancillary Equipment',NULL,'A'),
(129,'OUTFITTING',NULL,'A');

INSERT INTO `proc_cost_elem_cat_exhibit`
(`cece_ID`,`cec_ID_level1`,`cec_ID_level2`,`cec_ID_level3`,`cec_ID_level4`,`cec_ID_level5`,`cece_display_order`,`ie_ID`,`cece_section_num`)
VALUES
(1,1,29,NULL,NULL,NULL,1,23,1),
(3,1,31,NULL,NULL,NULL,1,23,1),
(5,3,29,NULL,NULL,NULL,6,23,1),
(7,3,31,NULL,NULL,NULL,6,23,1),
(9,5,29,NULL,NULL,NULL,7,23,1),
(11,5,31,NULL,NULL,NULL,7,23,1),
(13,7,29,NULL,NULL,NULL,8,23,1),
(15,7,31,NULL,NULL,NULL,8,23,1),
(17,11,29,NULL,NULL,NULL,2,23,1),
(19,11,31,NULL,NULL,NULL,2,23,1),
(21,9,29,NULL,NULL,NULL,3,23,1),
(23,9,31,NULL,NULL,NULL,3,23,1),
(25,13,29,NULL,NULL,NULL,5,23,1),
(27,13,31,NULL,NULL,NULL,5,23,1),
(29,15,29,NULL,NULL,NULL,4,23,1),
(31,15,31,NULL,NULL,NULL,4,23,1),
(33,17,NULL,NULL,NULL,NULL,9,23,1),
(35,19,NULL,NULL,NULL,NULL,10,23,1),
(37,21,NULL,NULL,NULL,NULL,11,23,1),
(39,33,NULL,NULL,NULL,NULL,0,4,1),
(41,25,29,NULL,NULL,NULL,0,20,1),
(43,25,31,NULL,NULL,NULL,0,20,1),
(45,27,29,NULL,NULL,NULL,0,20,1),
(47,27,31,NULL,NULL,NULL,0,20,1),
(49,23,NULL,NULL,NULL,NULL,0,20,1),
(51,21,NULL,NULL,NULL,NULL,11,20,1),
(53,35,NULL,NULL,NULL,NULL,0,4,1),
(55,37,NULL,NULL,NULL,NULL,0,4,1),
(57,39,NULL,NULL,NULL,NULL,0,4,1),
(59,41,43,NULL,NULL,NULL,0,11,1),
(61,41,45,NULL,NULL,NULL,0,11,1),
(63,41,47,NULL,NULL,NULL,0,11,1),
(65,41,33,NULL,NULL,NULL,0,11,1),
(67,49,NULL,NULL,NULL,NULL,0,11,1),
(69,51,NULL,NULL,NULL,NULL,0,11,1),
(71,53,NULL,NULL,NULL,NULL,0,11,1),
(73,55,NULL,NULL,NULL,NULL,0,11,1),
(75,57,NULL,NULL,NULL,NULL,0,6,1),
(77,59,NULL,NULL,NULL,NULL,0,6,1),
(79,57,61,NULL,NULL,NULL,0,6,1),
(81,57,63,NULL,NULL,NULL,0,6,1),
(83,59,61,NULL,NULL,NULL,0,6,1),
(85,59,63,NULL,NULL,NULL,0,6,1),
(87,67,51,NULL,NULL,NULL,0,9,1),
(89,67,69,NULL,NULL,NULL,0,9,1),
(91,67,71,NULL,NULL,NULL,0,9,1),
(93,67,53,NULL,NULL,NULL,0,9,1),
(95,67,73,NULL,NULL,NULL,0,9,1),
(97,75,NULL,NULL,NULL,NULL,0,9,2),
(99,77,NULL,NULL,NULL,NULL,0,9,2),
(101,77,NULL,NULL,NULL,NULL,0,9,2),
(103,83,85,NULL,NULL,NULL,0,9,2),
(105,83,29,NULL,NULL,NULL,0,23,1),
(107,83,31,NULL,NULL,NULL,0,23,1),
(109,127,29,NULL,NULL,NULL,0,23,1),
(111,127,31,NULL,NULL,NULL,0,23,1),
(113,127,29,NULL,NULL,NULL,0,23,1),
(115,127,31,NULL,NULL,NULL,0,23,1),
(117,129,NULL,NULL,NULL,NULL,0,6,1);

INSERT INTO `proc_ifp_funding_cat`
(`iiffc_ID`,`iiffc_title`,`iiffc_desc`)
VALUES
(1,'MAINTENANCE',NULL),
(2,'RECURRING',NULL),
(3,'ENVIRONMENTAL',NULL),
(4,'OTHER',NULL);

INSERT INTO `proc_item_exhibit`
(`ie_ID`,`ie_code`,`ie_title`,`ie_desc`,`ie_status_flag`)
VALUES
(1,'MYP 1-4','Multiyear Procurement Analysis',' ','A'),
(2,'P-1','Procurement Program',' ','A'),
(4,'P-10','Advance Procurement Analysis',' ','A'),
(5,'P-17','Layaway and/or Distribution',' ','A'),
(6,'P-18','Initial and Replenishment Spares Requirements',' ','A'),
(7,'P-1C','Procurement Program - Comparison Report',' ','A'),
(8,'P-1M','Modification Summary',' ','A'),
(9,'P-20','Requirements Study',' ','A'),
(10,'P-21','Production Schedule',' ','A'),
(11,'P-23','Time Phased Requirements Schedule',' ','A'),
(12,'P-23A','Installations Data',' ','A'),
(13,'P-25','Production Support and Industrial Facilities Cost Analysis',' ','A'),
(14,'P-26','Maintenance of Inactive Facilities',' ','A'),
(15,'P-27','Ship Production Schedule',' ','A'),
(16,'P-29','Outfitting Costs',' ','A'),
(17,'P-30','Post Delivery Estimates',' ','A'),
(18,'P-35','Major Ship Component Fact Sheet',' ','A'),
(19,'P-36','Depot Level Ship Maintenance Schedule (OPN only)',' ','A'),
(20,'P-3A','Individual Modification Program',' ','A'),
(21,'P-40','Budget Item Justification',' ','A'),
(22,'P-40A','Budget Item Just for Aggregated Items',' ','A'),
(23,'P-5','Cost Analysis',' ','A'),
(24,'P-5A','Procurement History and Planning',' ','A'),
(25,'P-5B','Analysis of Cost Estimate-Basic/Escalation',' ','A'),
(26,'P-8A','Analysis of Ship Cost Estimates - Major Equipment',' ','A');

INSERT INTO `proc_pfp_cost_elem_entry`
(`pfpcee_ID`,`pfpcee_title`,`pfpcee_desc`)
VALUES
(1,'Construction Cost',''),
(2,'Equipment Cost','(Individual equipment cost should be specified for all equipment costing more than $0.5 Million)'),
(3,'Equipment Installation Cost',''),
(4,'Contractor Support Cost',''),
(5,'Corps of Engineers Support Cost',''),
(6,'Other In-House Support Cost',''),
(7,'Total Facility Project Cost',''),
(8,'Other Costs','');

INSERT INTO `proc_pfp_milestone_entry`
(`pfpme_ID`,`pfpme_title`,`pfpme_desc`)
VALUES
(2,'Concept Design Complete',NULL),
(4,'Final Design Complete',NULL),
(6,'Initial Project Award',NULL),
(8,'Final Project Award',NULL),
(10,'Construction Complete',NULL),
(12,'Equipment Installation Complete',NULL),
(14,'Prove Out Begins',NULL),
(16,'Prove Out Complete',NULL);

INSERT INTO `proc_resource_summ_entry_lkup`
(`rsel_ID`,`rsel_title`,`rsel_desc`,`rsel_type`,`rsel_status_flag`)
VALUES (1,'Quantity','Quantity','Q','A'),
(3,'Gross Cost','Gross/Weapon System Cost','C','A'),
(5,'Less PY AP','Less PY Advanced Procurement','C','A'),
(7,'Plus CY AP','Plus CY Advanced Procurement','C','A'),
(9,'Net Cost','Net Procurement P-1','C','A'),
(11,'TOA','Total Obligation Authority','C','A'),
(13,'Initial Spares','Initial Spares','C','A'),
(15,'Flyaway UC','Flyaway Unit Cost','U','A'),
(17,'Gross UC','Gross/Weapon System Unit Cost','U','A'),
(19,'User-defined','User-defined','C','A');

INSERT INTO `proc_service_component`
(`sc_ID`,`BUDGES_SERV_AGY_ID`,`sc_title`,`sc_code`,`sc_desc`,`sc_status_flag`)
VALUES
(2,1,'Army Reserve','AR',NULL,'A'),
(3,2,'Navy Reserve','NR',NULL,'A'),
(4,2,'Marine Corps Reserve','MCR',NULL,'A'),
(5,3,'Air Force Reserve','AFR',NULL,'A'),
(6,1,'Army National Guard','ANG',NULL,'A'),
(7,3,'Air National Guard','AFNG',NULL,'A'),
(9,1,'Army Active','Army',NULL,'A'),
(11,2,'Navy Active','Navy',NULL,'A'),
(13,2,'Marine Corps Active','MC',NULL,'A'),
(15,3,'Air Force Active','AF',NULL,'A'),
(23,47,'DEMO Active','DEMO',NULL,'A'),
(25,47,'DEMO Reserve','DMR',NULL,'A'),
(27,47,'DEMO National Guard','DMNG',NULL,'A');

INSERT INTO `PROJECT_COST_CATEGORY_GRP_NAME`
(`BUDGES_PJ_COST_CAT_GRP_NAME_ID`,`PCCG_NAME`,`PCCG_DESC`)
VALUES
(9,'Product Development',NULL),
(10,'Support',NULL),
(11,'Test and Evaluation',NULL),
(12,'Management Services',NULL);

INSERT INTO `role`
(`role_id`,`role_name`,`role_desc`)
VALUES
(1,'App Manager','Has access to entire app, with various low level admin functions'),
(2,'User','Can access list of P40s in their agency and edit them'),
(3,'Read Only User','Saving a P40 is blocked for these users'),
(4,'Site Admin','Saving a P40 is blocked for these users');

INSERT INTO `role_permission`
(`rp_id`,`role_id`,`perm_id`)
VALUES
(1,1,1),
(2,1,2),
(3,1,3),
(5,1,4),
(7,3,5),
(9,1,6),
(11,1,7),
(15,1,8),
(17,2,8),
(21,2,3),
(23,1,9),
(25,1,10),
(27,1,11),
(29,4,10);

INSERT INTO `SERVICE_AGENCY`
(`BUDGES_SERV_AGY_ID`,`VERSION`,`BUDGES_SERV_AGY_CODE`,`SERV_AGY_NAME`,`BUDGES_APPROP_ACCT_ID`,`sa_status_flag`,`sa_SMCA_tag`,`LOGO_FILE_NAME`,`NO_WARNING`)
VALUES 
(1,0,'ARMY','Army',1,'A',1,'ARMY.png','N'),
(2,0,'NAVY','Navy',2,'A',1,'NAVY.png','N'),
(3,0,'AF','Air Force',3,'A',1,'AF.png','N'),
(4,0,'BTA','Defense Business Transformation Agency',4,'A',0,'BTA.png','N'),
(5,0,'CBDP','Chemical and Biological Defense Program',4,'A',0,'CBDP.png','N'),
(7,0,'DARPA','Defense Advanced Research Projects Agency',4,'A',0,'DARPA.png','N'),
(8,0,'DCMA','Defense Contract Management Agency',4,'A',0,'DCMA.png','N'),
(9,0,'DHRA','DoD Human Resources Activity',4,'A',0,'DHRA.png','N'),
(10,0,'DISA','Defense Information Systems Agency',4,'A',0,'DISA.png','N'),
(11,0,'DLA','Defense Logistics Agency',4,'A',0,'DLA.png','N'),
(12,0,'DSCA','Defense Security Cooperation Agency',4,'A',0,'DSCA.png','N'),
(13,0,'DSS','Defense Security Service',4,'A',0,'DSS.png','N'),
(14,0,'DTIC','Defense Technical Information Center',4,'A',0,'DTIC.png','N'),
(15,0,'DTRA','Defense Threat Reduction Agency',4,'A',0,'DTRA.png','N'),
(16,0,'MDA','Missile Defense Agency',4,'A',0,'MDA.png','N'),
(18,0,'OSD','Office of Secretary Of Defense',4,'A',0,'OSD.png','N'),
(19,0,'SOCOM','United States Special Operations Command',4,'A',1,'SOCOM.png','N'),
(20,0,'TJS','The Joint Staff',4,'A',0,'TJS.png','N'),
(21,0,'WHS','Washington Headquarters Service',4,'A',0,'WHS.png','N'),
(22,0,'OTE','Operational Test and Evaluation, Defense',18,'A',0,'OTE.png','N'),
(23,0,'CDP','Chemical Demilitarization Program',29,'A',0,'CDP.png','N'),
(24,0,'DW','Defense-Wide',4,'A',0,'DW.png','N'),
(27,0,'DEMO','zzz DEMO AGENCY zzz',4,'A',0,'DEMO.png','N'),
(31,0,'AFIS','American Forces Information Services',9999,'A',0,'AFIS.png','N'),
(33,0,'DCAA','Defense Contract Audit Agency',9999,'A',0,'DCAA.png','N'),
(35,0,'DMACT','Defense Media Activity',9999,'A',0,'DMACT.png','N'),
(37,0,'DODEA','Department of Defense Education Activity',9999,'A',0,'DODEA.png','N'),
(39,0,'DTSA','Defense Technology Security Administration',9999,'A',0,'DTSA.png','N'),
(41,0,'NSA','National Security Agency',9999,'A',0,'NSA.png','N'),
(43,0,'UNDD','Undistributed',9999,'I',0,'UNDD.png','N'),
(45,0,'DIA','Defense Intelligence Agency',9999,'A',0,'DIA.png','N'),
(47,0,'PROCDEMO','zzz PROCUREMENT DEMO AGENCY ',9999,'A',0,'PROCDEMO.png','N'),
(49,0,'MC','Marine Corps',9999,'A',1,'MC.png','N'),
(51,0,'CG','Coast Guard',9999,'A',1,'CG.png','N'),
(53,0,'FMS','Foreign Military Sales',9999,'A',1,'FMS.png','N'),
(57,0,'OTH','Other',9999,'A',1,'TEST.png','N'),
(59,0,'JUON','Joint Urgent Operational Needs Fund',9999,'A',0,'DW.png','N'),
(61,0,'DHP','Defense Health Program',10001,'A',0,'DW.png','N'),
(63,0,'AFSO','Air Force Special Operations',9999,'A',1,'TEST.png','N'),
(65,0,'ARSO','Army Special Operations',9999,'A',1,'TEST.png','N'),
(67,0,'NSOF','Navy Special Operations',9999,'A',1,'TEST.png','N'),
(69,0,'NAVSEA','Naval Sea Systems Command',9999,'A',1,'TEST.png','N'),
(71,0,'NAVAIR','Naval Air Systems Command',9999,'A',1,'TEST.png','N'),
(73,0,'NAVORD','Naval Ordnance Systems Command',9999,'A',1,'TEST.png','N'),
(75,0,'DCS','Direct Commercial Sales',9999,'A',0,NULL,'N'),
(77,0,'HC/MC','HC/MC',9999,'A',0,NULL,'N'),
(83,0,'DASD','Dept. of Defense (OSD and OASD)',9999,'A',0,NULL,'N');

INSERT INTO `service_agency_acct`
(`saa_ID`,`aa_ID`,`sa_ID`,`saa_budget_tag`,`saa_status_flag`)
VALUES
(1,21,18,'P40','A'),
(3,21,43,'P40','A'),
(5,23,4,'P40','A'),
(7,23,5,'P40','A'),
(9,23,33,'P40','A'),
(11,23,8,'P40','A'),
(13,23,9,'P40','A'),
(15,23,45,'P40','A'),
(17,23,10,'P40','A'),
(19,23,11,'P40','A'),
(21,23,35,'P40','A'),
(23,23,37,'P40','A'),
(25,23,15,'P40','A'),
(27,23,39,'P40','A'),
(29,23,16,'P40','A'),
(31,23,41,'P40','A'),
(33,23,18,'P40','A'),
(35,23,19,'P40','A'),
(37,23,20,'P40','A'),
(39,23,21,'P40','A'),
(41,25,18,'P40','A'),
(43,27,18,'P40','A'),
(47,31,2,'P40','A'),
(49,33,2,'P40','A'),
(51,35,2,'P40','A'),
(53,37,2,'P40','A'),
(55,39,2,'P40','A'),
(57,41,2,'P40','A'),
(59,43,1,'P40','A'),
(61,45,1,'P40','A'),
(63,47,1,'P40','A'),
(65,49,1,'P40','A'),
(67,51,1,'P40','A'),
(69,53,1,'P40','A'),
(71,55,3,'P40','A'),
(73,57,3,'P40','A'),
(75,59,3,'P40','A'),
(77,61,3,'P40','A'),
(79,21,47,'P40','A'),
(81,23,47,'P40','A'),
(83,25,47,'P40','A'),
(85,27,47,'P40','A'),
(87,29,47,'P40','A'),
(89,31,47,'P40','A'),
(91,33,47,'P40','A'),
(93,35,47,'P40','A'),
(95,37,47,'P40','A'),
(97,39,47,'P40','A'),
(99,41,47,'P40','A'),
(101,43,47,'P40','A'),
(103,45,47,'P40','A'),
(105,47,47,'P40','A'),
(107,49,47,'P40','A'),
(109,51,47,'P40','A'),
(111,53,47,'P40','A'),
(113,55,47,'P40','A'),
(115,57,47,'P40','A'),
(117,59,47,'P40','A'),
(119,61,47,'P40','A'),
(121,75,47,'P40','A'),
(123,23,31,'P40','A'),
(125,23,12,'P40','A'),
(127,23,13,'P40','A'),
(129,75,59,'P40','A'),
(133,23,24,'P40','A'),
(135,10003,2,'P40','A'),
(137,1,1,'R2','A'),
(139,2,2,'R2','A'),
(141,3,3,'R2','A'),
(143,4,4,'R2','A'),
(145,4,5,'R2','A'),
(147,4,7,'R2','A'),
(149,4,8,'R2','A'),
(151,4,9,'R2','A'),
(153,4,10,'R2','A'),
(155,4,11,'R2','A'),
(157,4,12,'R2','A'),
(159,4,13,'R2','A'),
(161,4,14,'R2','A'),
(163,4,15,'R2','A'),
(165,4,16,'R2','A'),
(167,4,18,'R2','A'),
(169,4,19,'R2','A'),
(171,4,20,'R2','A'),
(173,4,21,'R2','A'),
(175,18,22,'R2','A'),
(177,29,23,'R2','A'),
(179,4,24,'R2','A'),
(181,4,27,'R2','A'),
(183,10001,61,'R2','A'),
(203,10005,43,'P40','A'),
(205,10007,43,'P40','A'),
(211,10009,43,'P40','A'),
(213,10009,18,'P40','A'),
(215,10011,2,'P40','A'),
(217,10013,1,'P40','A'),
(219,10015,18,'P40','A'),
(221,10017,1,'P40','A'),
(223,10019,3,'P40','A'),
(225,10007,83,'P40','A');
