-- use budges2;
-- SET SQL_SAFE_UPDATES=0;

delete from `proc_class_item_exhibit`;
delete from `ValidationClassValidationRule`;
delete from `ValidationClass`;
delete from `ValidationRule`;
delete from `ValidationClassification`; 


INSERT INTO `ValidationClass` (Id, name, locationMessage, alternateKey) VALUES 
(1,'mil.dtic.cbes.submissions.validation.backend.SpringRulesValidator',NULL,NULL),
(3,'mil.dtic.cbes.p40.validation.LineItemValidator','[{0} Line Item #\"{1}\"]',NULL),
(4,'mil.dtic.cbes.p40.validation.ManufacturerValidator','[{0} Manufacturer \"{1}\"]',NULL),
(5,'mil.dtic.cbes.p40.validation.HistoryPlanningValidator','[{0} History Planning - Fiscal Year:{1}, OCO:{2}, Item Name Suffix:{3}]',NULL),
(6,'mil.dtic.cbes.p40.validation.DeliveryScheduleValidator','[{0} Delivery Schedule \"{1}\"]',NULL),
(7,'mil.dtic.cbes.p40.validation.P5Validator','[{0} P5 Item \"{1}\"]',NULL),
(8,'mil.dtic.cbes.p40.validation.P40AValidator','[{0} P40A \"{1}\"]',NULL),
(9,'mil.dtic.cbes.p40.validation.P40ACategoryValidator','[\"{1}\" Category]',NULL),
(10,'mil.dtic.cbes.p40.validation.P40AItemValidator','[{0} Item \"{1}\"]',NULL),
(11,'mil.dtic.cbes.p40.validation.ResourceSummaryValidator',NULL,NULL),
(13,'mil.dtic.cbes.p40.validation.ComponentSplitValidator','[{0} Component Split \"{1}\"]',NULL),
(14,'mil.dtic.cbes.p40.validation.ComponentSplitParentValidator',NULL,NULL),
(15,'mil.dtic.cbes.p40.validation.FixedCostElementValidator','[{1} Category]',NULL),
(16,'mil.dtic.cbes.p40.validation.RecurringNonRecurringCostElementValidator','[{2} Cost Elements]',NULL),
(17,'mil.dtic.cbes.p40.validation.CostElementValidator','[{0} Cost Element \"{1}\"]',NULL),
(18,'mil.dtic.cbes.p40.validation.RollupValidator',NULL,'no-range'),
(19,'mil.dtic.cbes.p40.validation.TotalCostsValidator','[Total Cost Row]',NULL),
(20,'mil.dtic.cbes.p40.validation.UnitCostValidator','[Unit Cost Row]',NULL),
(21,'mil.dtic.cbes.p40.validation.TotalCostValidator',NULL,NULL),
(22,'mil.dtic.cbes.p40.validation.RollupValidator',NULL,NULL),
(23,'mil.dtic.cbes.p40.validation.P3AValidator','[{0} Modification Group \"{1}\"]',NULL),
(24,'mil.dtic.cbes.p40.validation.P3AItemValidator','[{0} Modification Item \"{1}\"]',NULL),
(25,'mil.dtic.cbes.p40.validation.P10Validator','[{0} Advance Procurement \"{1}\"]',NULL),
(26,'mil.dtic.cbes.p40.validation.RollupValidator',NULL,'p3a-procurement'),
(27,'mil.dtic.cbes.p40.validation.P10CostElementValidator','[{2} {0} Cost Element \"{1}\"]',NULL),
(28,'mil.dtic.cbes.p40.validation.SparesRequirementValidator','[{0} P18 \"{1}\"]',NULL),
(29,'mil.dtic.cbes.p40.validation.TripletValidator', NULL,NULL),
(30,'mil.dtic.cbes.p40.validation.BaseTripletValidator', NULL,NULL),
(31,'mil.dtic.cbes.p40.validation.QuantityValidator', NULL,NULL),
(32,'mil.dtic.cbes.p40.validation.TripletValidator',NULL,'resource-summary'),
(33,'mil.dtic.cbes.p40.validation.ComponentSplitCostsValidator', NULL,NULL),
(34,'mil.dtic.cbes.p40.validation.TotalCostsValidator', NULL,'resource-summary'),
(35,'mil.dtic.cbes.p40.validation.UnitCostsValidator',NULL,NULL),
(36,'mil.dtic.cbes.p40.validation.QuantitiesCostsValidator','[Quantities Row]',NULL),
(37,'mil.dtic.cbes.p40.validation.SparesListValidator','[{1} Category]',NULL),
(38,'mil.dtic.cbes.p40.validation.SparesBudgetActivityValidator','[Budget Activity #{1} - \"{2}\"]',NULL),
(39,'mil.dtic.cbes.p40.validation.SparesItemValidator','[{0} Item \"{1}\"]',NULL),
(40,'mil.dtic.cbes.p40.validation.ResourceSummaryQuantitiesCostsValidator',NULL,NULL),
(41,'mil.dtic.cbes.p40.validation.TotalCostsValidator','[Total Cost Row]','skip-alo'),
(42,'mil.dtic.cbes.p40.validation.TotalCostsValidator','[Total Cost Row]','compo-split'),
(43,'mil.dtic.cbes.p40.validation.ModsImplementationMethodValidator','[{0} Mods Implementation Method \"{1}\"]',NULL),
(44,'mil.dtic.cbes.p40.validation.LineItemRollupValidator',NULL,NULL),
(45,'mil.dtic.cbes.p40.validation.TotalCostsValidator','[Total Cost Row]','p10-advance-cost-element'),
(46,'mil.dtic.cbes.p40.validation.QuantitiesCostsValidator','[Quantities Row]','p10-advance-cost-element'),
(48,'mil.dtic.cbes.p40.validation.QuantitiesCostsValidator','[Quantity Row]','compo-split'),
(49,'mil.dtic.cbes.p40.validation.TotalCostsValidator','[Total Cost Row]','p10-advance'),
(50,'mil.dtic.cbes.p40.validation.QuantitiesCostsValidator','[Quantity Row]','p10-advance'),
(51,'mil.dtic.cbes.p40.validation.P3AProcurementValidator','[{1}]',NULL),
(52,'mil.dtic.cbes.p40.validation.P3ARDTEValidator','[{1}]',NULL),
(53,'mil.dtic.cbes.p40.validation.P3AInstallationCostValidator','[{1}]',NULL),
(55,'mil.dtic.cbes.p40.validation.P20Validator','[P20 Requirements Study]',NULL),
(56,'mil.dtic.cbes.p40.validation.CostElementValidator','[{0} Usages Losses Cost Element \"{1}\"]','p20UsageLosses'),
(57,'mil.dtic.cbes.p40.validation.CostElementValidator','[{0} Cost Element \"{1}\"]','p20OtherGains'),
(61,'mil.dtic.cbes.p40.validation.QuantitiesCostsValidator','[Quantities Row]','skip-alo'),
(62,'mil.dtic.cbes.p40.validation.P10TerminationLiabilityValidator','[{0}]',null),
(66,'mil.dtic.cbes.p40.validation.DeliveryScheduleComponentValidator','[{0} Component Split \"{1}\"]',NULL),
(67,'mil.dtic.cbes.p40.validation.FacilityValidator','[{0} Facility \"{1}\"]',NULL),
(68,'mil.dtic.cbes.p40.validation.ProductionSupportFacilityProjectValidator','[{0} Project \"{1}\"]',NULL),
(69,'mil.dtic.cbes.p40.validation.LayawayFacilityProjectValidator','[{0} Project \"{1}\"]',NULL),
(70,'mil.dtic.cbes.p40.validation.InactiveIndustrialFacilityProjectValidator','[{0} Project \"{1}\"]',NULL),
(71,'mil.dtic.cbes.p40.validation.QuantitiesCostsValidator','[Quantity Row]','resource-summary'),
(72,'mil.dtic.cbes.p40.validation.UnitCostsValidator',NULL,'resource-summary'),
(73,'mil.dtic.cbes.p40.validation.ComponentSplitParentValidator',NULL,'no-rollup'),
(78,'mil.dtic.cbes.p40.validation.BaseTripletValidator', NULL,'p10-advance'),
(79,'mil.dtic.cbes.p40.validation.QuantitiesCostsValidator',NULL,'p3a-installation'),
(80,'mil.dtic.cbes.p40.validation.TotalCostsValidator',NULL,'p3a-installation'),
(81,'mil.dtic.cbes.p40.validation.QuantitiesCostsValidator',NULL,'p3a-skip-alo'),
(82,'mil.dtic.cbes.p40.validation.TotalCostsValidator',NULL,'p3a-skip-alo'),
(85,'mil.dtic.cbes.p40.validation.MonthlyDeliveryValidator',NULL,NULL),
(88,'mil.dtic.cbes.p40.validation.TripletValidator',NULL,'resource-summary-no-triplet-requirements'),
(89,'mil.dtic.cbes.p40.validation.QuantityWithoutCostValidator',NULL,NULL),
(90,'mil.dtic.cbes.p40.validation.FixedCostElementValidator',NULL,'p3a-procurement'),
(91,'mil.dtic.cbes.p40.validation.RecurringNonRecurringCostElementValidator','[{1}: {2} Cost Elements]','p3a-procurement'),
(92,'mil.dtic.cbes.p40.validation.RollupValidator',NULL,'gwsc-cost-element-rollup'),
(93,'mil.dtic.cbes.p40.validation.TotalCostsValidator','[Total Cost Row]','other-rs-row'),
(94,'mil.dtic.cbes.p40.validation.HorizontalCostsValidator',NULL,NULL),
(95,'mil.dtic.cbes.p40.validation.TotalCostsValidator','[Total Cost Row]','no-ranges'),
(96,'mil.dtic.cbes.p40.validation.ResourceSummaryValidator',NULL,'p40a-procurement'),
(97,'mil.dtic.cbes.p40.validation.LineItemListValidator',NULL,NULL),
(98,'mil.dtic.cbes.p40.validation.PRCPRowValidator','[Resource Summary] [{1}]',NULL),
(99,'mil.dtic.cbes.p40.validation.P8aValidator','[{0} P8a Category \"{1}\"]',NULL),
(100,'mil.dtic.cbes.p40.validation.P35Validator','[{0} P35 Item \"{1}\"]',NULL),
(101,'mil.dtic.cbes.p40.validation.P29P30CombinedValidator',NULL,NULL),
(102,'mil.dtic.cbes.p40.validation.ShipsOutFittingDeliveryCostElementValidator','[{0} Ship Outfitting/Delivery Cost Element \"{1}\"]',NULL),
(103,'mil.dtic.cbes.p40.validation.LineItemValidator','[{0} Line Item #\"{1}\"]','SCN'),
(104,'mil.dtic.cbes.p40.validation.P5cValidator','[P5c Ship Cost Analysis]',NULL)
;



INSERT INTO `proc_class_item_exhibit` (vc_ID, ie_ID, cie_status_flag) VALUES
(3,21,'A'),
(4,24,'A'),
(5,24,'A'),
(6,10,'A'),
(7,23,'A'),
(8,22,'A'),
(9,22,'A'),
(10,22,'A'),
(11,21,'A'),
(11,23,'A'),
(11,20,'A'),
(13,21,'A'),
(14,21,'A'),
(15,23,'A'),
(16,23,'A'),
(17,23,'A'),
(17,20,'A'),
(19,4,'A'),
(19,20,'A'),
(19,21,'A'),
(19,22,'A'),
(19,23,'A'),
(20,4,'A'),
(20,20,'A'),
(20,21,'A'),
(20,22,'A'),
(20,23,'A'),
(21,4,'A'),
(21,20,'A'),
(21,21,'A'),
(21,22,'A'),
(21,23,'A'),
(22,4,'A'),
(22,20,'A'),
(22,21,'A'),
(22,22,'A'),
(22,23,'A'),
(23,20,'A'),
(24,20,'A'),
(25,4,'A'),
(27,4,'A'),
(28,6,'A'),
(29,4,'A'),
(29,20,'A'),
(29,21,'A'),
(29,22,'A'),
(29,23,'A'),
(30,4,'A'),
(30,20,'A'),
(30,21,'A'),
(30,22,'A'),
(30,23,'A'),
(31,4,'A'),
(31,20,'A'),
(31,21,'A'),
(31,22,'A'),
(31,23,'A'),
(31,6,'A'),
(31,10,'A'),
(31,12,'A'),
(31,24,'A'),
(32,21,'A'),
(32,23,'A'),
(32,20,'A'),
(33,4,'A'),
(33,20,'A'),
(33,21,'A'),
(33,22,'A'),
(33,23,'A'),
(34,4,'A'),
(34,20,'A'),
(34,21,'A'),
(34,22,'A'),
(34,23,'A'),
(35,4,'A'),
(35,20,'A'),
(35,21,'A'),
(35,22,'A'),
(35,23,'A'),
(36,4,'A'),
(36,20,'A'),
(36,21,'A'),
(36,22,'A'),
(36,23,'A'),
(37,6,'A'),
(38,6,'A'),
(39,6,'A'),
(40,4,'A'),
(40,20,'A'),
(40,21,'A'),
(40,22,'A'),
(40,23,'A'),
(41,4,'A'),
(41,20,'A'),
(41,21,'A'),
(41,22,'A'),
(41,23,'A'),
(42,4,'A'),
(42,20,'A'),
(42,21,'A'),
(42,22,'A'),
(42,23,'A'),
(43,20,'A'),
(44,21,'A'),
(45,4,'A'),
(48,4,'A'),
(48,20,'A'),
(48,21,'A'),
(48,22,'A'),
(48,23,'A'),
(49,4,'A'),
(50,4,'A'),
(51,20,'A'),
(52,20,'A'),
(53,20,'A'),
(55,9,'A'),
(56,9,'A'),
(57,9,'A'),
(61,20,'A'),
(62,4,'A'),
(66,10,'A'),
(67,5,'A'),
(67,14,'A'),
(67,13,'A'),
(68,13,'A'),
(69,5,'A'),
(70,14,'A'),
(71,4,'A'),
(71,20,'A'),
(71,21,'A'),
(71,22,'A'),
(71,23,'A'),
(72,4,'A'),
(72,20,'A'),
(72,21,'A'),
(72,22,'A'),
(72,23,'A'),
(78,4,'A'),
(85,10,'A'),
(88,21,'A'),
(88,23,'A'),
(88,20,'A'),
(98,21,'A')
;

INSERT INTO `ValidationClassification` (Id, `type`, description) VALUES 
(1,1,'Structural already in XML Schema'),
(2,2,'Structural not in XML Schema'),
(3,3,'Data Integrity/Dependency'),
(4,4,'Uniqueness Constraint'),
(5,5,'Math'),
(6,6,'Other');



INSERT INTO `ValidationRule` (Id, `key`, message, `type`, active, verify, number, description, typeId) VALUES 
(1,'system-error','Could not run all business rules due to a system error','WARNING',1,1,NULL,NULL,6),
(2,'w-cs-no-specific-p5','If a component breakdown component ({0}) was specified at the Line Item level, then all P-5 items need to also specify that component.','WARNING',1,1,'[PROC#P5-200]',NULL,6),
(3,'w-cs-qtys-dont-add','For component \"{0}\", the sum of P-5 component breakdown quantities do not equal the quantities in the Line Item component breakdown.','WARNING',1,1,'[PROC#P5-200]',NULL,5),
(4,'w-cs-totals-dont-add','For component \"{0}\", the sum of P-5 component breakdown costs do not equal the costs in the Line Item component breakdown.','WARNING',1,1,'[PROC#P5-200]',NULL,5),
(5,'compo-split-name-unique','Each Secondary Distribution Component must be unique with respect to Service Agency, Component Name, and Component Suffix; [{0}] is listed more than once.','WARNING',1,1,'[PROC#CB-110]',NULL,4),
(6,'alo-history-planning','There must be at least one history and planning element within a manufacturer.','WARNING',1,1,'[PROC#CB-260]',NULL,1),
(7,'dupe-hp','The following History Planning is a duplicate [Year: {0}, OCO: {1}, Suffix: {2}].','WARNING',1,1,'[PROC#P5a-100]',NULL,4),
(8,'msr-lessthan-r185','Minimum Sustaining Rate [{0}] should be less than or equal to the Rate 1-8-5 [{1}].','WARNING',1,1,'[PROC#CB-290]',NULL,5),
(9,'r185-lessthan-max','Rate 1-8-5 [{0}] should be less than or equal to the Maximum Production Rate [{1}].','WARNING',1,1,'[PROC#CB-290]',NULL,5),
(10,'msr-lessthan-max','Minimum Sustaining Rate [{0}] should be less than or equal to the Maximum Production Rate [{1}].','WARNING',1,1,'[PROC#CB-290]',NULL,5),
(11,'min-rate-required','Minimum Sustaining Rate is required when Delivery Schedule is provided.','WARNING',1,1,'[PROC#P21-200]',NULL,2),
(12,'optimal-rate-required','Rate 1-8-5 is required when Delivery Schedule is provided.','WARNING',1,1,'[PROC#P21-200]',NULL,2),
(13,'max-rate-required','Maximum Rate is required when Delivery Schedule is provided.','WARNING',1,1,'[PROC#P21-200]',NULL,2),
(14,'initial-or-reorder-required','For FY BY only - At least one Total Initial Leadtime or Total Reorder Leadtime must be provided when Delivery Schedule is provided.','WARNING',1,1,'[PROC#P21-210]',NULL,2),
(22,'initial-lead-time-check','If Initial Procurement Admin and/or Production Leadtimes are provided, Manufacturer Total Procurement Leadtime [{0}] for Initial Quantity must equal Admin Leadtime after Oct 1 + Production Leadtime after Oct 1 [{1}].','WARNING',1,1,'[PROC#CB-220]',NULL,5),
(23,'reorder-lead-time-check','If Reorder Procurement Admin and/or Production Leadtimes are provided, Manufacturer Total Procurement Leadtime [{0}] for Reorder Quantity must equal Admin Leadtime after Oct 1 + Production Leadtime after Oct 1 [{1}].','WARNING',1,1,'[PROC#CB-230]',NULL,5),
(24,'alo-item-category','There must be at least one Category within a P-40a.','WARNING',1,1,'[PROC#P40a-130]',NULL,1),
(25,'alo-item','There must be at least one Item within a P-40a Category.','WARNING',1,1,'[PROC#P40a-140]',NULL,1),
(30,'cost-type-c','If the Cost Type is ''C'' {0} cannot have values.','WARNING',1,1,'[PROC#P40-200]',NULL,1),
(34,'at-least-one-compo-if-remarks-present','At least one Secondary Distribution must be indicated if remarks are indicated.','WARNING',1,1,'[PROC#CB-119]',NULL,3),
(35,'quantities-add-up-to-sum-of-compo-splits','Sum of quantities in the component breakdown [{0}] must be equal to the quantities indicated in the containing item [{1}].','WARNING',1,1,'[PROC#CB-112]',NULL,5),
(38,'check-two-decimal-places','Unit cost [{0}] can have no more than two decimal places.','WARNING',1,1,'[PROC#CB-105]',NULL,2),
(39,'check-two-decimal-places','Total cost [{0}] can have no more than two decimal places.','WARNING',1,1,'[PROC#CB-105]',NULL,2),
(42,'duplicate-delivery-schedule','There are duplicate Delivery Schedule entries for the following Service Agency: {0}.','WARNING',1,1,'[PROC#P21-100]',NULL,4),
(43,'pys-cost-rollup','The sum [min] - [max] range of child Costs for Prior Years, plus the Prior Years Delta, [{0}] - [{1}] (in dollars: [{3}]-[{4}]) does not equal the total Prior Years [{2}].','WARNING',1,1,'[PROC#CB-134]',NULL,5),
(44,'py-cost-rollup','The sum [min] - [max] range of child Costs for Prior Year [{0}] - [{1}] (in dollars: [{3}]-[{4}]) does not equal the total Prior Year [{2}].','WARNING',1,1,'[PROC#CB-134]',NULL,5),
(45,'cy-cost-rollup','The sum [min] - [max] range of child Costs for Current Year [{0}] - [{1}] (in dollars: [{3}]-[{4}]) does not equal the total Current Year [{2}].','WARNING',1,1,'[PROC#CB-134]',NULL,5),
(46,'by1base-cost-rollup','The sum [min] - [max] range of child Costs for Budget Year One Base [{0}] - [{1}] (in dollars: [{3}]-[{4}]) does not equal the total Budget Year One Base [{2}].','WARNING',1,1,'[PROC#CB-134]',NULL,5),
(47,'by1oco-cost-rollup','The sum [min] - [max] range of child Costs for Budget Year One OCO [{0}] - [{1}] (in dollars: [{3}]-[{4}]) does not equal the total Budget Year One OCO [{2}].','WARNING',1,1,'[PROC#CB-134]',NULL,5),
(48,'by1-cost-rollup','The sum [min] - [max] range of child Costs for Budget Year One [{0}] - [{1}] (in dollars: [{3}]-[{4}]) does not equal the total Budget Year One [{2}].','WARNING',1,1,'[PROC#CB-134]',NULL,5),
(49,'by2-cost-rollup','The sum [min] - [max] range of child Costs for Budget Year Two [{0}] - [{1}] (in dollars: [{3}]-[{4}]) does not equal the total Budget Year Two [{2}].','WARNING',1,1,'[PROC#CB-134]',NULL,5),
(50,'by3-cost-rollup','The sum [min] - [max] range of child Costs for Budget Year Three [{0}] - [{1}] (in dollars: [{3}]-[{4}]) does not equal the total Budget Year Three [{2}].','WARNING',1,1,'[PROC#CB-134]',NULL,5),
(51,'by4-cost-rollup','The sum [min] - [max] range of child Costs for Budget Year Four [{0}] - [{1}] (in dollars: [{3}]-[{4}]) does not equal the total Budget Year Four [{2}].','WARNING',1,1,'[PROC#CB-134]',NULL,5),
(52,'by5-cost-rollup','The sum [min] - [max] range of child Costs for Budget Year Five [{0}] - [{1}] (in dollars: [{3}]-[{4}]) does not equal the total Budget Year Five [{2}].','WARNING',1,1,'[PROC#CB-134]',NULL,5),
(53,'tocomplete-cost-rollup','The sum [min] - [max] range of child Costs for To Complete [{0}] - [{1}] (in dollars: [{3}]-[{4}]) does not equal the total To Complete [{2}].','WARNING',1,1,'[PROC#CB-134]',NULL,5),
(54,'total-cost-rollup','The sum [min] - [max] range of child Costs for Total [{0}] - [{1}] (in dollars: [{3}]-[{4}]), plus the Prior Years Delta, does not equal the total Total [{2}].','WARNING',1,1,'[PROC#CB-134]',NULL,5),
(56,'py-cost-rollup','The sum [min] - [max] range of Secondary Distributions for Prior Year [{0,number,#.####}] - [{1,number,#.####}] (in dollars: [{3}]-[{4}]) does not equal the total Prior Year [{2}].','WARNING',1,1,'[PROC#CB-111]',NULL,5),
(57,'cy-cost-rollup','The sum [min] - [max] range of Secondary Distributions for Current Year [{0,number,#.####}] - [{1,number,#.####}] (in dollars: [{3}]-[{4}]) does not equal the total Current Year [{2}].','WARNING',1,1,'[PROC#CB-111]',NULL,5),
(58,'by1base-cost-rollup','The sum [min] - [max] range of Secondary Distributions for Budget Year One Base [{0,number,#.####}] - [{1,number,#.####}] (in dollars: [{3}]-[{4}]) does not equal the total Budget Year One Base [{2}].','WARNING',1,1,'[PROC#CB-111]',NULL,5),
(59,'by1oco-cost-rollup','The sum [min] - [max] range of Secondary Distributions for Budget Year One OCO [{0,number,#.####}] - [{1,number,#.####}] (in dollars: [{3}]-[{4}]) does not equal the total Budget Year One OCO [{2}].','WARNING',1,1,'[PROC#CB-111]',NULL,5),
(60,'by1-cost-rollup','The sum [min] - [max] range of Secondary Distributions for Budget Year One [{0,number,#.####}] - [{1,number,#.####}] (in dollars: [{3}]-[{4}]) does not equal the total Budget Year One [{2}].','WARNING',1,1,'[PROC#CB-111]',NULL,5),
(61,'by2-cost-rollup','The sum [min] - [max] range of Secondary Distributions for Budget Year Two [{0,number,#.####}] - [{1,number,#.####}] (in dollars: [{3}]-[{4}]) does not equal the total Budget Year Two [{2}].','WARNING',1,1,'[PROC#CB-111]',NULL,5),
(62,'by3-cost-rollup','The sum [min] - [max] range of Secondary Distributions for Budget Year Three [{0,number,#.####}] - [{1,number,#.####}] (in dollars: [{3}]-[{4}]) does not equal the total Budget Year Three [{2}].','WARNING',1,1,'[PROC#CB-111]',NULL,5),
(63,'by4-cost-rollup','The sum [min] - [max] range of Secondary Distributions for Budget Year Four [{0,number,#.####}] - [{1,number,#.####}] (in dollars: [{3}]-[{4}]) does not equal the total Budget Year Four [{2}].','WARNING',1,1,'[PROC#CB-111]',NULL,5),
(64,'by5-cost-rollup','The sum [min] - [max] range of Secondary Distributions for Budget Year Five [{0,number,#.####}] - [{1,number,#.####}] (in dollars: [{3}]-[{4}]) does not equal the total Budget Year Five [{2}].','WARNING',1,1,'[PROC#CB-111]',NULL,5),
(67,'pys-procurement-cost-rollup','The sum [min] - [max] range of child Procurement Cost Elements for Prior Years [{0}] - [{1}] (in dollars: [{3}]-[{4}]) does not equal the total Prior Years Procurement Cost [{2}].','WARNING',1,1,'[PROC#CB-134]',NULL,5),
(68,'py-procurement-cost-rollup','The sum [min] - [max] range of child Procurement Cost Elements for Prior Year [{0}] - [{1}] (in dollars: [{3}]-[{4}]) does not equal the total Prior Year Procurement Cost [{2}].','WARNING',1,1,'[PROC#CB-134]',NULL,5),
(69,'cy-procurement-cost-rollup','The sum [min] - [max] range of child Procurement Cost Elements for Current Year [{0}] - [{1}] (in dollars: [{3}]-[{4}]) does not equal the total Current Year Procurement Cost [{2}].','WARNING',1,1,'[PROC#CB-134]',NULL,5),
(70,'by1base-procurement-cost-rollup','The sum [min] - [max] range of child Procurement Cost Elements for Budget Year One Base [{0}] - [{1}] (in dollars: [{3}]-[{4}]) does not equal the total Budget Year One Base Procurement Cost [{2}].','WARNING',1,1,'[PROC#CB-134]',NULL,5),
(71,'by1oco-procurement-cost-rollup','The sum [min] - [max] range of child Procurement Cost Elements for Budget Year One OCO [{0}] - [{1}] (in dollars: [{3}]-[{4}]) does not equal the total Budget Year One OCO Procurement Cost [{1}].','WARNING',1,1,'[PROC#CB-134]',NULL,5),
(72,'by1-procurement-cost-rollup','The sum [min] - [max] range of child Procurement Cost Elements for Budget Year One [{0}] - [{1}] (in dollars: [{3}]-[{4}]) does not equal the total Budget Year One Procurement Cost [{2}].','WARNING',1,1,'[PROC#CB-134]',NULL,5),
(73,'by2-procurement-cost-rollup','The sum [min] - [max] range of child Procurement Cost Elements for Budget Year Two [{0}] - [{1}] (in dollars: [{3}]-[{4}]) does not equal the total Budget Year Two Procurement Cost [{2}].','WARNING',1,1,'[PROC#CB-134]',NULL,5),
(74,'by3-procurement-cost-rollup','The sum [min] - [max] range of child Procurement Cost Elements for Budget Year Three [{0}] - [{1}] (in dollars: [{3}]-[{4}]) does not equal the total Budget Year Three Procurement Cost [{2}].','WARNING',1,1,'[PROC#CB-134]',NULL,5),
(75,'by4-procurement-cost-rollup','The sum [min] - [max] range of child Procurement Cost Elements for Budget Year Four [{0}] - [{1}] (in dollars: [{3}]-[{4}]) does not equal the total Budget Year Four Procurement Cost [{2}].','WARNING',1,1,'[PROC#CB-134]',NULL,5),
(76,'by5-procurement-cost-rollup','The sum [min] - [max] range of child Procurement Cost Elements for Budget Year Five [{0}] - [{1}] (in dollars: [{3}]-[{4}]) does not equal the total Budget Year Five Procurement Cost [{2}].','WARNING',1,1,'[PROC#CB-134]',NULL,5),
(77,'tocomplete-procurement-cost-rollup','The sum [min] - [max] range of child Procurement Cost Elements for To Complete [{0}] - [{1}] (in dollars: [{3}]-[{4}]) does not equal the total To Complete Procurement Cost [{2}].','WARNING',1,1,'[PROC#CB-134]',NULL,5),
(78,'total-procurement-cost-rollup','The sum [min] - [max] range of child Procurement Cost Elements for Total [{0}] - [{1}] (in dollars: [{3}]-[{4}]) does not equal the total Total Procurement Cost [{2}].','WARNING',1,1,'[PROC#CB-134]',NULL,5),
(79,'pys-installation-cost-rollup','The sum of all funding years and To Complete [{0}] for Prior Years, does not equal the given Prior Years Total [{1}].','WARNING',1,1,'[PROC#P3a-370]',NULL,5),
(80,'py-installation-cost-rollup','The sum of all funding years and To Complete [{0}] for Prior Year, does not equal the given Prior Year Total [{1}].','WARNING',1,1,'[PROC#P3a-370]',NULL,5),
(81,'cy-installation-cost-rollup','The sum of all funding years and To Complete [{0}] for Current Year, does not equal the given Current Year Total [{1}].','WARNING',1,1,'[PROC#P3a-370]',NULL,5),
(82,'by1base-installation-cost-rollup','The sum of all funding years and To Complete [{0}] for Budget Year One Base, does not equal the given Budget Year One Base Total [{1}].','WARNING',1,1,'[PROC#P3a-370]',NULL,5),
(83,'by1oco-installation-cost-rollup','The sum of all funding years and To Complete [{0}] for Budget Year One OCO, does not equal the given Budget Year One OCO Total [{1}].','WARNING',1,1,'[PROC#P3a-370]',NULL,5),
(84,'by1-installation-cost-rollup','The sum of all funding years and To Complete [{0}] for Budget Year One, does not equal the given Budget Year One Total [{1}].','WARNING',1,1,'[PROC#P3a-370]',NULL,5),
(85,'by2-installation-cost-rollup','The sum of all funding years and To Complete [{0}] for Budget Year Two, does not equal the given Budget Year Two Total [{1}].','WARNING',1,1,'[PROC#P3a-370]',NULL,5),
(86,'by3-installation-cost-rollup','The sum of all funding years and To Complete [{0}] for Budget Year Three, does not equal the given Budget Year Three Total [{1}].','WARNING',1,1,'[PROC#P3a-370]',NULL,5),
(87,'by4-installation-cost-rollup','The sum of all funding years and To Complete [{0}] for Budget Year Four, does not equal the given Budget Year Four Total [{1}].','WARNING',1,1,'[PROC#P3a-370]',NULL,5),
(88,'by5-installation-cost-rollup','The sum of all funding years and To Complete [{0}] for Budget Year Five, does not equal the given Budget Year Five Total [{1}].','WARNING',1,1,'[PROC#P3a-370]',NULL,5),
(89,'tocomplete-installation-cost-rollup','The sum of all funding years and To Complete [{0}] for To Complete, does not equal the given To Complete Total [{1}].','WARNING',1,1,'[PROC#P3a-370]',NULL,5),
(92,'p10-cost-element-category-required', '[{0}] must have at least one Category with at least one Cost Element.','WARNING',1,1,'[PROC#P10-150]',NULL,3),
(96,'at-least-one-years-required', 'Cost Elements must have Cost data for at least one FY (PYS-BY5) or To Complete.','WARNING',1,1,'[PROC#CB-250]',NULL,3),
(97,'base-plus-oco','BY1 Base plus BY1 OCO [{0}] must equal BY1 [{1}].','WARNING',1,1,'[PROC#CB-120]',NULL,5),
(98,'cy-triplet','Triplet check failure for the Current Year where Total Cost (in millions) = [{0}], Unit Cost (in {8}) = [{1}] and Quantity ({9}) = [{2}]. The Total Cost (in millions) [{5}] must fall within the product [min] - [max] range of Quantity and Unit Cost, which is [{3}]-[{4}] ([{6}-{7} in dollars]).','WARNING',1,1,'[PROC#CB-140]',NULL,5),
(99,'pys-triplet','Triplet check failure for Prior Years where Total Cost (in millions) = [{0}], Unit Cost (in {8}) = [{1}] and Quantity ({9}) = [{2}]. The Total Cost (in millions) [{5}] must fall within the product [min] - [max] range of Quantity and Unit Cost, which is [{3}]-[{4}] ([{6}-{7} in dollars]).','WARNING',1,1,'[PROC#CB-140]',NULL,5),
(100,'py-triplet','Triplet check failure for the Prior Year where Total Cost (in millions) = [{0}], Unit Cost (in {8}) = [{1}] and Quantity ({9}) = [{2}]. The Total Cost (in millions) [{5}] must fall within the product [min] - [max] range of Quantity and Unit Cost, which is [{3}]-[{4}] ([{6}-{7} in dollars]).','WARNING',1,1,'[PROC#CB-140]',NULL,5),
(101,'by1base-triplet','Triplet check failure for Budget Year One Base where Total Cost (in millions) = [{0}], Unit Cost (in {8}) = [{1}] and Quantity ({9}) = [{2}]. The Total Cost (in millions) [{5}] must fall within the product [min] - [max] range of Quantity and Unit Cost, which is [{3}]-[{4}] ([{6}-{7} in dollars]).','WARNING',1,1,'[PROC#CB-140]',NULL,5),
(102,'by1oco-triplet','Triplet check failure for Budget Year One OCO where Total Cost (in millions) = [{0}], Unit Cost (in {8}) = [{1}] and Quantity ({9}) = [{2}]. The Total Cost (in millions) [{5}] must fall within the product [min] - [max] range of Quantity and Unit Cost, which is [{3}]-[{4}] ([{6}-{7} in dollars]).','WARNING',1,1,'[PROC#CB-140]',NULL,5),
(103,'by2-triplet','Triplet check failure for Budget Year Two where Total Cost (in millions) = [{0}], Unit Cost (in {8}) = [{1}] and Quantity ({9}) = [{2}]. The Total Cost (in millions) [{5}] must fall within the product [min] - [max] range of Quantity and Unit Cost, which is [{3}]-[{4}] ([{6}-{7} in dollars]).','WARNING',1,1,'[PROC#CB-140]',NULL,5),
(104,'by3-triplet','Triplet check failure for Budget Year Three where Total Cost (in millions) = [{0}], Unit Cost (in {8}) = [{1}] and Quantity ({9}) = [{2}]. The Total Cost (in millions) [{5}] must fall within the product [min] - [max] range of Quantity and Unit Cost, which is [{3}]-[{4}] ([{6}-{7} in dollars]).','WARNING',1,1,'[PROC#CB-140]',NULL,5),
(105,'by4-triplet','Triplet check failure for Budget Year Four where Total Cost (in millions) = [{0}], Unit Cost (in {8}) = [{1}] and Quantity ({9}) = [{2}]. The Total Cost (in millions) [{5}] must fall within the product [min] - [max] range of Quantity and Unit Cost, which is [{3}]-[{4}] ([{6}-{7} in dollars]).','WARNING',1,1,'[PROC#CB-140]',NULL,5),
(106,'by5-triplet','Triplet check failure for Budget Year Five where Total Cost (in millions) = [{0}], Unit Cost (in {8}) = [{1}] and Quantity ({9}) = [{2}]. The Total Cost (in millions) [{5}] must fall within the product [min] - [max] range of Quantity and Unit Cost, which is [{3}]-[{4}] ([{6}-{7} in dollars]).','WARNING',1,1,'[PROC#CB-140]',NULL,5),
(107,'by1-triplet','Triplet check failure for Budget Year One where Total Cost (in millions) = [{0}], Unit Cost (in {8}) = [{1}] and Quantity ({9}) = [{2}]. The Total Cost (in millions) [{5}] must fall within the product [min] - [max] range of Quantity and Unit Cost, which is [{3}]-[{4}] ([{6}-{7} in dollars]).','WARNING',1,1,'[PROC#CB-140]',NULL,5),
(110,'check-no-decimal-places','The Quantity [{0}] must be a whole number when Quantity Units is Each/Lots.','WARNING',1,1,'[PROC#CB-103]',NULL,5),
(112,'cy-gross-minus-less','Current Year Gross Cost minus Less Prior Year Advance Procurement [{0}] must equal Net Procurement [{1}].','WARNING',1,1,'[PROC#GRS-100]',NULL,5),
(113,'horizontal-rollup','The sum of all funding years and To Complete, [{0}], does not equal the given Total, [{1}].','WARNING',1,1,'[PROC#CB-130]',NULL,5),
(114,'pys-gross-minus-less','Prior Years Gross Cost minus Less Prior Year Advance Procurement [{0}] must equal Net Procurement [{1}].','WARNING',1,1,'[PROC#GRS-100]',NULL,5),
(115,'py-gross-minus-less','Prior Year Gross Cost minus Less Prior Year Advance Procurement [{0}] must equal Net Procurement [{1}].','WARNING',1,1,'[PROC#GRS-100]',NULL,5),
(116,'by1base-gross-minus-less','Budget Year One Base Gross Cost minus Less Prior Year Advance Procurement [{0}] must equal Net Procurement [{1}].','WARNING',1,1,'[PROC#GRS-100]',NULL,5),
(117,'by1oco-gross-minus-less','Budget Year One OCO Gross Cost minus Less Prior Year Advance Procurement [{0}] must equal Net Procurement [{1}].','WARNING',1,1,'[PROC#GRS-100]',NULL,5),
(118,'by2-gross-minus-less','Budget Year Two Gross Cost minus Less Prior Year Advance Procurement [{0}] must equal Net Procurement [{1}].','WARNING',1,1,'[PROC#GRS-100]',NULL,5),
(119,'by3-gross-minus-less','Budget Year Three Gross Cost minus Less Prior Year Advance Procurement [{0}] must equal Net Procurement [{1}].','WARNING',1,1,'[PROC#GRS-100]',NULL,5),
(120,'by4-gross-minus-less','Budget Year Four Gross Cost minus Less Prior Year Advance Procurement [{0}] must equal Net Procurement [{1}].','WARNING',1,1,'[PROC#GRS-100]',NULL,5),
(121,'by5-gross-minus-less','Budget Year Five Gross Cost minus Less Prior Year Advance Procurement [{0}] must equal Net Procurement [{1}].','WARNING',1,1,'[PROC#GRS-100]',NULL,5),
(122,'by1-gross-minus-less','Budget Year One Gross Cost minus Less Prior Year Advance Procurement [{0}] must equal Net Procurement [{1}].','WARNING',1,1,'[PROC#GRS-100]',NULL,5),
(123,'total-gross-minus-less','Total Gross Cost minus Less Prior Year Advance Procurement [{0}] must equal Net Procurement [{1}].','WARNING',1,1,'[PROC#GRS-100]',NULL,5),
(124,'tocomplete-gross-minus-less','To Complete Gross Cost minus Less Prior Year Advance Procurement [{0}] must equal Net Procurement [{1}].','WARNING',1,1,'[PROC#GRS-100]',NULL,5),
(125,'cy-net-pluscy','Current Year Net Procurement plus Plus Current Year Advance Procurement [{0}] must equal Total Obligation Authority [{1}].','WARNING',1,1,'[PROC#GRS-100]',NULL,5),
(126,'pys-net-pluscy','Prior Years Net Procurement plus Plus Current Year Advance Procurement [{0}] must equal Total Obligation Authority [{1}].','WARNING',1,1,'[PROC#GRS-100]',NULL,5),
(127,'py-net-pluscy','Prior Year Net Procurement plus Plus Current Year Advance Procurement [{0}] must equal Total Obligation Authority [{1}].','WARNING',1,1,'[PROC#GRS-100]',NULL,5),
(128,'by1base-net-pluscy','Budget Year One Base Net Procurement plus Plus Current Year Advance Procurement [{0}] must equal Total Obligation Authority [{1}].','WARNING',1,1,'[PROC#GRS-100]',NULL,5),
(129,'by1oco-net-pluscy','Budget Year One OCO Net Procurement plus Plus Current Year Advance Procurement [{0}] must equal Total Obligation Authority [{1}].','WARNING',1,1,'[PROC#GRS-100]',NULL,5),
(130,'by2-net-pluscy','Budget Year Two Net Procurement plus Plus Current Year Advance Procurement [{0}] must equal Total Obligation Authority [{1}].','WARNING',1,1,'[PROC#GRS-100]',NULL,5),
(131,'by3-net-pluscy','Budget Year Three Net Procurement plus Plus Current Year Advance Procurement [{0}] must equal Total Obligation Authority [{1}].','WARNING',1,1,'[PROC#GRS-100]',NULL,5),
(132,'by4-net-pluscy','Budget Year Four Net Procurement plus Plus Current Year Advance Procurement [{0}] must equal Total Obligation Authority [{1}].','WARNING',1,1,'[PROC#GRS-100]',NULL,5),
(133,'by5-net-pluscy','Budget Year Five Net Procurement plus Plus Current Year Advance Procurement [{0}] must equal Total Obligation Authority [{1}].','WARNING',1,1,'[PROC#GRS-100]',NULL,5),
(134,'by1-net-pluscy','Budget Year One Net Procurement plus Plus Current Year Advance Procurement [{0}] must equal Total Obligation Authority [{1}].','WARNING',1,1,'[PROC#GRS-100]',NULL,5),
(135,'total-net-pluscy','Total Net Procurement plus Plus Current Year Advance Procurement [{0}] must equal Total Obligation Authority [{1}].','WARNING',1,1,'[PROC#GRS-100]',NULL,5),
(136,'tocomplete-net-pluscy','To Complete Net Procurement plus Plus Current Year Advance Procurement [{0}] must equal Total Obligation Authority [{1}].','WARNING',1,1,'[PROC#GRS-100]',NULL,5),
(137,'continuing-rollup-total','When Net Procurement or Plus CY Advance Procurement is Continuing, Total Obligation Authority Cost must also be Continuing.','WARNING',1,1,'[PROC#GRS-100]',NULL,3),
(138,'continuing-rollup-net','When Gross/Weapon System Cost or Less PY Advance Procurement is continuing, Net Procurement must also be continuing.','WARNING',1,1,'[PROC#GRS-100]',NULL,3),
(152,'budget-activity-valid','The Budget Activity selected is not valid for your Service or Agency.','WARNING',1,1,'[PROC#P18-120]',NULL,3),
(153,'continuing-cost-rollup','An enclosing Parents To Complete and Total Costs CANNOT be set to Continuing without Continuing Children and MUST be set to Continuing if any Continuing Children exist.','WARNING',1,1,'[PROC#CONT-400]',NULL,5),
(154,'alo-cost-element-category','At least one Cost Element Category must be provided.','WARNING',1,1,'[PROC#P5-150]',NULL,3),
(156,'at-least-one-spares-item-required', 'A P18 must have at least one End Item (Initial or Replenishment).','WARNING',1,1,'[PROC#P18-130]',NULL,3),
(158,'delivery-schedule-quantity','The History and Planning quantity [{1}] must equal the sum of all deliveries for the submitting service [{0}].', 'WARNING',1,1,'[PROC#P5a-170]',NULL,5),
(159,'hp-quantity-year-required','{0} {1} must have a quantity in at least one year in order to have a History Planning Element.', 'WARNING',1,1,'[PROC#P5a-140]',NULL,5),
(160,'py-history-planning-rollup','The total quantity for all Prior Year History Planning entries [{0}] must equal the quantity [{1}] from the associated {2}.', 'WARNING',1,1,'[PROC#P5a-150]',NULL,5),
(161,'cy-history-planning-rollup','The total quantity for all Current Year History Planning entries [{0}] must equal the quantity [{1}] from the associated {2}.', 'WARNING',1,1,'[PROC#P5a-150]',NULL,5),
(162,'by1base-history-planning-rollup','The total quantity for all Budget Year One Base History Planning entries [{0}] must equal the quantity [{1}] from the associated {2}.', 'WARNING',1,1,'[PROC#P5a-150]',NULL,5),
(163,'by1oco-history-planning-rollup','The total quantity for all Budget Year One OCO History Planning entries [{0}] must equal the quantity [{1}] from the associated {2}.', 'WARNING',0,1,'[PROC#P5a-150]',NULL,5),
(164,'by2-history-planning-rollup','The total quantity for all Budget Year Two History Planning entries [{0}] must equal the quantity [{1}] from the associated {2}.', 'WARNING',1,1,'[PROC#P5a-150]',NULL,5),
(165,'by3-history-planning-rollup','The total quantity for all Budget Year Three History Planning entries [{0}] must equal the quantity [{1}] from the associated {2}.', 'WARNING',1,1,'[PROC#P5a-150]',NULL,5),
(166,'by4-history-planning-rollup','The total quantity for all Budget Year Four History Planning entries [{0}] must equal the quantity [{1}] from the associated {2}.', 'WARNING',1,1,'[PROC#P5a-150]',NULL,5),
(167,'by5-history-planning-rollup','The total quantity for all Budget Year Five History Planning entries [{0}] must equal the quantity [{1}] from the associated {2}.', 'WARNING',1,1,'[PROC#P5a-150]',NULL,5),
(168,'excess-monthly-delivery','The sum of the Monthly Deliveries [{0}] cannot be greater than the Delivery Schedule Quantity [{1}].', 'WARNING',1,1,'[PROC#P21-140]',NULL,5),
(170,'p3a-one-item-required','A P-3a must have at least one Mod Item.', 'WARNING',1,1,'[PROC#P3a-170]',NULL,2),
(171,'p3a-one-manufacturer-required','A Mod Item must have at least one Manufacturer.', 'WARNING',1,1,'[PROC#P3a-400]',NULL,2),
(172,'p3a-one-implementation-method-required','A Mod Item must have at least one Implementation Method.', 'WARNING',1,1,'[PROC#P3a-430]',NULL,2),
(177,'non-organic-cost-quantity-pair-required','For Non-Organic installations, at least one FY installation cost and quantity pair is required in any FY row and in the Total Installation Cost row.', 'WARNING',1,1,'[PROC#P3a-440]',NULL,2),
(178,'spares-item-cost-required','Cost data for at least one FY (PYS-BY5) or To Complete are required each End Item.', 'WARNING',1,1,'[PROC#P18-150]',NULL,2),
(179,'py-quantity-rollup','The sum of Secondary Distribution quantities for Prior Year [{0}] does not equal the total Prior Year quantity [{1}].','WARNING',1,1,'[PROC#CB-112]',NULL,5),
(180,'cy-quantity-rollup','The sum of Secondary Distribution quantities for Current Year [{0}] does not equal the total Current Year quantity [{1}].','WARNING',1,1,'[PROC#CB-112]',NULL,5),
(181,'by1base-quantity-rollup','The sum of Secondary Distribution quantities for Budget Year One Base [{0}] does not equal the total Budget Year One Base quantity [{1}].','WARNING',1,1,'[PROC#CB-112]',NULL,5),
(182,'by1oco-quantity-rollup','The sum of Secondary Distribution quantities for Budget Year One OCO [{0}] does not equal the total Budget Year One OCO quantity [{1}].','WARNING',1,1,'[PROC#CB-112]',NULL,5),
(183,'by1-quantity-rollup','The sum of Secondary Distribution quantities for Budget Year One [{0}] does not equal the total Budget Year One quantity [{1}].','WARNING',1,1,'[PROC#CB-112]',NULL,5),
(184,'by2-quantity-rollup','The sum of Secondary Distribution quantities for Budget Year Two [{0}] does not equal the total Budget Year Two quantity [{1}].','WARNING',1,1,'[PROC#CB-112]',NULL,5),
(185,'by3-quantity-rollup','The sum of Secondary Distribution quantities for Budget Year Three [{0}] does not equal the total Budget Year Three quantity [{1}].','WARNING',1,1,'[PROC#CB-112]',NULL,5),
(186,'by4-quantity-rollup','The sum of Secondary Distribution quantities for Budget Year Four [{0}] does not equal the total Budget Year Four quantity [{1}].','WARNING',1,1,'[PROC#CB-112]',NULL,5),
(187,'by5-quantity-rollup','The sum of Secondary Distribution quantities for Budget Year Five [{0}] does not equal the total Budget Year Five quantity [{1}].','WARNING',1,1,'[PROC#CB-112]',NULL,5),
(188,'pys-triplet-requirements','If Prior Years Unit Cost or Quantity is supplied, Unit Cost, Quantity, and Total are required.', 'WARNING',1,1,'[PROC#CB-160]',NULL,2),
(189,'py-triplet-requirements','If Prior Year Unit Cost or Quantity is supplied, Unit Cost, Quantity, and Total are required.', 'WARNING',1,1,'[PROC#CB-160]',NULL,2),
(190,'cy-triplet-requirements','If Current Year Unit Cost or Quantity is supplied, Unit Cost, Quantity, and Total are required.', 'WARNING',1,1,'[PROC#CB-160]',NULL,2),
(191,'by1-triplet-requirements','If Budget Year One Unit Cost or Quantity is supplied, Unit Cost, Quantity, and Total are required.', 'WARNING',1,1,'[PROC#CB-160]',NULL,2),
(192,'by1base-triplet-requirements','If Budget Year One Base Unit Cost or Quantity is supplied, Unit Cost, Quantity, and Total are required.', 'WARNING',1,1,'[PROC#CB-160]',NULL,2),
(193,'by1oco-triplet-requirements','If Budget Year One OCO Unit Cost or Quantity is supplied, Unit Cost, Quantity, and Total are required.', 'WARNING',1,1,'[PROC#CB-160]',NULL,2),
(194,'by2-triplet-requirements','If Budget Year Two Unit Cost or Quantity is supplied, Unit Cost, Quantity, and Total are required.', 'WARNING',1,1,'[PROC#CB-160]',NULL,2),
(195,'by3-triplet-requirements','If Budget Year Three Unit Cost or Quantity is supplied, Unit Cost, Quantity, and Total are required.', 'WARNING',1,1,'[PROC#CB-160]',NULL,2),
(196,'by4-triplet-requirements','If Budget Year Four Unit Cost or Quantity is supplied, Unit Cost, Quantity, and Total are required.', 'WARNING',1,1,'[PROC#CB-160]',NULL,2),
(197,'by5-triplet-requirements','If Budget Year Five Unit Cost or Quantity is supplied, Unit Cost, Quantity, and Total are required.', 'WARNING',1,1,'[PROC#CB-160]',NULL,2),
(198,'p21-one-monthlydeliv-required','At least one Monthly Delivery is required per Delivery Schedule.', 'WARNING',1,1,'[PROC#P21-105]',NULL,2),
(199,'no-total-install-cost-unless-alo-non-organic','Cannot provide Total Installation data unless there is at least one Non-Organic Installation.', 'WARNING',1,1,'[PROC#P3a-445]',NULL,2),
(200,'duplicate-monthly-delivery','There are duplicate Monthly Deliveries for [{0}].','WARNING',1,1,'[PROC#P21-115]',NULL,4),
(202,'alo-quarter-in-for-installation','A quantity is required in at least Prior Years, a PY-BY5 quarter, or To Complete for an In Modification Completion Installation Schedule.','WARNING',1,1,'[PROC#P3a-510]',NULL,3),
(203,'alo-quarter-out-for-installation','A quantity is required in at least Prior Years, a PY-BY5 quarter, or To Complete for an Out Modification Completion Installation Schedule.','WARNING',1,1,'[PROC#P3a-520]',NULL,3),
(204,'total-in-equals-out-for-installation','The Installation Schedule Total In Quantity [{0}] must equal the Total Out Quantity [{1}].','WARNING',1,1,'[PROC#P3a-550]',NULL,3),
(205,'p18-total-required','The total row is required for the P-18.','WARNING',1,1,'[PROC#P18-165]',NULL,1),
(206,'p3a-total-required','At least one FY (PYS-BY5) cost or cost/quantity pair data is required for Total All Modifications.','WARNING',1,1,'[PROC#P3a-297]',NULL,1),
(209,'total-in-equals-sum-of-ins','Sum of Ins [{0}] must be equal to Total In [{1}]','WARNING',1,1,'[PROC#P3a-530]',NULL,2),
(210,'total-out-equals-sum-of-outs','Sum of Outs [{0}] must be equal to Total Out [{1}].','WARNING',1,1,'[PROC#P3a-540]',NULL,2),
(213,'p3a-pe-number-unique','RDT&E Program Elements must be unique. [{0}] occurs more than once.','WARNING', 1,1,'[PROC#P3a-155]',NULL,4),
(214,'cost-element-name-unique','Cost Element Names must be unique. [{0}] occurs more than once.','WARNING', 1,1,'[PROC#CB-240]',NULL,4),
(216,'p5-item-name-unique','The combination of P5 Item Name and Number must be unique. [{0}][{1}] occurs more than once.','WARNING',1,1,'[PROC#P5-100]',NULL,4),
(217,'alo-inventory-objective','At least one year for Inventory Objective or Current Authorization Allowance is required.','ERROR', 0,1,'[PROC#P20-160]',NULL,1),
(218,'quantity-required','If Usage or Losses are specified, quantity data for at least one of PYS-BY5 is required.','WARNING', 1,1,'[PROC#P20-140]',NULL,1),
(219,'quantity-required','If Other Gains are specified, quantity data for at least one of PYS-BY5 is required.','WARNING', 1,1,'[PROC#P20-120]',NULL,1),
(220,'admin-leadtime-required','Admin Leadtime is required.','WARNING', 1,1,NULL,NULL,1),
(221,'production-leadtime-required','Production Leadtime is required.','WARNING', 1,1,NULL,NULL,1),
(223,'pys-installation-cost-rollup','The Prior Years Installation {0} [{1}] must sum vertically to the Installation Cost Total {0} [{2}].','WARNING', 1,1,'[PROC#P3a-450]',NULL,5),
(224,'py-installation-cost-rollup','The Prior Year Installation {0} [{1}] must sum vertically to the Installation Cost Total {0} [{2}].','WARNING', 1,1,'[PROC#P3a-450]',NULL,5),
(225,'cy-installation-cost-rollup','The Current Year Installation {0} [{1}] must sum vertically to the Installation Cost Total {0} [{2}].','WARNING', 1,1,'[PROC#P3a-450]',NULL,5),
(226,'by1-installation-cost-rollup','The Budget Year One Installation {0} [{1}] must sum vertically to the Installation Cost Total {0} [{2}].','WARNING', 1,1,'[PROC#P3a-450]',NULL,5),
(227,'by2-installation-cost-rollup','The Budget Year Two Installation {0} [{1}] must sum vertically to the Installation Cost Total {0} [{2}].','WARNING', 1,1,'[PROC#P3a-450]',NULL,5),
(228,'by3-installation-cost-rollup','The Budget Year Three Installation {0} [{1}] must sum vertically to the Installation Cost Total {0} [{2}].','WARNING', 1,1,'[PROC#P3a-450]',NULL,5),
(229,'by4-installation-cost-rollup','The Budget Year Four Installation {0} [{1}] must sum vertically to the Installation Cost Total {0} [{2}].','WARNING', 1,1,'[PROC#P3a-450]',NULL,5),
(230,'by5-installation-cost-rollup','The Budget Year Five Installation {0} [{1}] must sum vertically to the Installation Cost Total {0} [{2}].','WARNING', 1,1,'[PROC#P3a-450]',NULL,5),
(231,'tocomplete-installation-cost-rollup','The To Complete Installation {0} [{1}] must sum vertically to the Installation Cost Total {0} [{2}].','WARNING', 1,1,'[PROC#P3a-450]',NULL,5),
(232,'total-installation-cost-rollup','The Total Installation {0} [{1}] must sum vertically to the Installation Cost Total {0} [{2}].','WARNING', 1,1,'[PROC#P3a-450]',NULL,5),
(233,'alo-total-assets-on-hand','At least one year for Total Assets on Hand is required.','ERROR', 0,1,'[PROC#P20-155]',NULL,1),
(234,'pys-total-assets-on-hand-cost-rollup','The sum of Prior Years [{0}] within Asset Dynamics must equal Asset Dynamics Total [{1}].','WARNING', 1,1,'[PROC#P20-150]',NULL,5),
(235,'py-total-assets-on-hand-cost-rollup','The sum of Prior Year [{0}] within Asset Dynamics must equal Asset Dynamics Total [{1}].','WARNING', 0,1,'[PROC#P20-150]',NULL,5),
(236,'cy-total-assets-on-hand-cost-rollup','The sum of Current Year [{0}] within Asset Dynamics must equal Asset Dynamics Total [{1}].','WARNING', 0,1,'[PROC#P20-150]',NULL,5),
(237,'by1-total-assets-on-hand-cost-rollup','The sum of Budget Year One [{0}] within Asset Dynamics must equal Asset Dynamics Total [{1}].','WARNING', 0,1,'[PROC#P20-150]',NULL,5),
(238,'by2-total-assets-on-hand-cost-rollup','The sum of Budget Year Two [{0}] within Asset Dynamics must equal Asset Dynamics Total [{1}].','WARNING', 0,1,'[PROC#P20-150]',NULL,5),
(239,'by3-total-assets-on-hand-cost-rollup','The sum of Budget Year Three [{0}] within Asset Dynamics must equal Asset Dynamics Total [{1}].','WARNING', 0,1,'[PROC#P20-150]',NULL,5),
(240,'by4-total-assets-on-hand-cost-rollup','The sum of Budget Year Four [{0}] within Asset Dynamics must equal Asset Dynamics Total [{1}].','WARNING', 0,1,'[PROC#P20-150]',NULL,5),
(241,'by5-total-assets-on-hand-cost-rollup','The sum of Budget Year Five [{0}] within Asset Dynamics must equal Asset Dynamics Total [{1}].','WARNING', 0,1,'[PROC#P20-150]',NULL,5),
(242,'tocomplete-deliveries-cost-rollup','The sum of To Complete [{0}] within Asset Dynamics must equal Asset Dynamics Total [{1}].','WARNING', 0,1,'[PROC#P20-150]',NULL,5),
(243,'other-gains-name-unique','The Other Gains Cost Element [{0}] name must be unique.','WARNING', 1,1,'[PROC#P20-110]',NULL,4),
(244,'usage-losses-name-unique','The Usage/Losses Cost Element [{0}] name must be unique.','WARNING', 1,1,'[PROC#P20-130]',NULL,4),
(245,'total-deliveries-cost-rollup','The sum of Total [{0}] within Asset Dynamics must equal Asset Dynamics Total [{1}].','WARNING', 0,1,'[PROC#P20-150]',NULL,5),
(246,'inventory-objective-rollup','The sum of Budget Year Inventory Objectives [{0}] must equal the Inventory Objective for Budget Year One [{1}].','WARNING', 0,1,'[PROC#P20-180]',NULL,5),
(247,'alo-ammo-expenditures','At least one Actual Ammunition Expenditures/Usage must be provided.','ERROR', 0,1,'[PROC#P20-190]',NULL,1),
(248,'alo-aircraft-category','At least one Aircraft Inventory must be provided.','ERROR', 0,1,'[PROC#P20-220]',NULL,1),
(249,'aircraft-overall-total','Active Aircraft Inventory Total [{1}] plus Inactive Aircraft Inventory Total [{2}] must equal Overall Aircraft Inventory Total [{0}].','WARNING', 0,1,'[PROC#P20-250]',NULL,5),
(250,'aircraft-active-total','The sum of all Active Aircraft Categories [{1}] must equal the Total Active Aircraft Inventory [{0}].','WARNING', 0,1,'[PROC#P20-230]',NULL,5),
(251,'aircraft-inactive-total','The sum of all Inactive Aircraft Categories [{0}] must equal the Total Inactive Aircraft Inventory [{1}].','WARNING', 0,1,'[PROC#P20-240]',NULL,5),
(253,'rfp-before-award-date','The Request for Proposal Date [{0}] must not occur after the Award Date [{1}].','WARNING', 1,1,'[PROC#CB-280]',NULL,5),
(254,'p18-item-name-unique','The Spares Item Name [{0}] must be unique within the category [{1}].','WARNING', 1,1,'[PROC#P18-110]',NULL,4),
(353,'alo-p10-contract-for-prior-year', 'Cost Elements must have Contract Data for Prior year.', 'WARNING',0,0,'[PROC#P10-230]',NULL,3),
(354,'alo-p10-contract-for-current-year', 'Cost Elements must have Contract Data for Current Year.', 'WARNING',0,0,'[PROC#P10-230]',NULL,3),
(355,'initial-leadtime-complete','If any Initial Leadtime is provided, Total for Initial Quantity must be provided.', 'WARNING',1,1,'[PROC#CB-200]',NULL,3),
(356,'reorder-leadtime-complete','If any Reorder Leadtime is provided, Total for Reorder Quantity must be provided.', 'WARNING',1,1,'[PROC#CB-210]',NULL,3),
(357,'alo-sub-cost-element','There must be at least one Cost Element in this Category.','WARNING',1,1,'[PROC#P5-160]',NULL,3),
(358,'alo-p20-inventory-objective','At least one Inventory Objective is required in the Supplemental Info.','WARNING',1,1,'[PROC#P20-173]',NULL,3),
(359,'first-delivery-date-match','The First Delivery Date in the History Planning entry [{0}] must match the date of the first delivery in the Delivery Schedule [{1}].','WARNING',1,1,'[PROC#P5a-135]',NULL,5),
(360,'delivery-schedule-agency','Whenever P-21 data is provided, at least some of the data must be provided for the submitting agency.','WARNING',1,1,'[PROC#P21-160]',NULL,3),
(361,'cs-agency-match-component','If a Service/Agency is specified in a secondary distribution, the component [{0}] must be in Service/Agencies [{1}] list of components [{2}]. Service Components are listed in Appendix A5 - Service Component.','ERROR',1,1,'[PROC#CB-113]',NULL,3),
(362,'p18-ba-unique','The Spares Budget Activity [{0}] must be unique and cannot be repeated.','WARNING',1,1,'[PROC#P18-115]',NULL,4),
(363,'no-p20-in-PB','Exhibit P-20 Requirements Study is not allowed in the PB submission.','WARNING',1,1,'[PROC#P20-105]',NULL,6),
(365,'delivery-schedule-agency','The Service/Agency name [{0}] specified in Delivery Schedule was not found in the database. Please see list of valid names (not codes) in Appendix A4 of the business rules document.','WARNING',1,1,'[PROC#P21-120]',NULL,3),
(366,'delivery-schedule-component','The Service Component [{0}] specified was not found in the database. Please see list of valid Service Components in Appendix A5 of the business rules document.','WARNING',1,1,'[PROC#CB-113]',NULL,3),
(367,'pys-quantity-rollup','The sum of Modification Items quantities, plus the Prior Years Quantity Delta, for Prior Years [{0}] does not equal the total P-3a Resource Summary Prior Years quantity [{1}].','WARNING',1,1,'[PROC#P3a-195]',NULL,5),
(368,'py-quantity-rollup','The sum of Modification Items quantities for Prior Year [{0}] does not equal the total P-3a Resource Summary Prior Year quantity [{1}].','WARNING',1,1,'[PROC#P3a-195]',NULL,5),
(369,'cy-quantity-rollup','The sum of Modification Items quantities for Current Year [{0}] does not equal the total P-3a Resource Summary Current Year quantity [{1}].','WARNING',1,1,'[PROC#P3a-195]',NULL,5),
(370,'by1-quantity-rollup','The sum of Modification Items quantities for Budget Year One [{0}] does not equal the total P-3a Resource Summary Budget Year One quantity [{1}].','WARNING',1,1,'[PROC#P3a-195]',NULL,5),
(371,'by1oco-quantity-rollup','The sum of Modification Items quantities for Budget Year One OCO [{0}] does not equal the total P-3a Resource Summary Budget Year One OCO quantity [{1}].','WARNING',1,1,'[PROC#P3a-195]',NULL,5),
(372,'by1base-quantity-rollup','The sum of Modification Items quantities for Budget Year One Base [{0}] does not equal the total P-3a Resource Summary Budget Year One Base quantity [{1}].','WARNING',1,1,'[PROC#P3a-195]',NULL,5),
(373,'by2-quantity-rollup','The sum of Modification Items quantities for Budget Year Two [{0}] does not equal the total P-3a Resource Summary Budget Year Two quantity [{1}].','WARNING',1,1,'[PROC#P3a-195]',NULL,5),
(374,'by3-quantity-rollup','The sum of Modification Items quantities for Budget Year Three [{0}] does not equal the total P-3a Resource Summary Budget Year Three quantity [{1}].','WARNING',1,1,'[PROC#P3a-195]',NULL,5),
(375,'by4-quantity-rollup','The sum of Modification Items quantities for Budget Year Four [{0}] does not equal the total P-3a Resource Summary Budget Year Four quantity [{1}].','WARNING',1,1,'[PROC#P3a-195]',NULL,5),
(376,'by5-quantity-rollup','The sum of Modification Items quantities for Budget Year Five [{0}] does not equal the total P-3a Resource Summary Budget Year Five quantity [{1}].','WARNING',1,1,'[PROC#P3a-195]',NULL,5),
(377,'toComplete-quantity-rollup','The sum of Modification Items quantities for To Complete [{0}] does not equal the total P-3a Resource Summary To Complete quantity [{1}].','WARNING',1,1,'[PROC#P3a-195]',NULL,5),
(378,'total-quantity-rollup','The sum of Modification Items quantities, plus the Prior Years Quantity Delta, for Total [{0}] does not equal the total P-3a Resource Summary Total quantity [{1}].','WARNING',1,1,'[PROC#P3a-195]',NULL,5),
(379,'dupe-prod-fp','Facility Projects must be unique in respect to Number and Title. [{0}] [{1}] appears more than once.','WARNING',1,1,'[PROC#P25-100]',NULL,4),
(380,'dupe-layaway-fp','Facility Projects must be unique in respect to Number and Title. [{0}] [{1}] appears more than once.','WARNING',1,1,'[PROC#P17-100]',NULL,4),
(381,'p18-subtotal-required-if-ba','At least one {0} End Item must be specified if Total {0} is specified.','WARNING',1,1,'[PROC#P18-155]',NULL,3),
(382,'p40a-category-unique','Category names must be unique. [{0}] appears more than once.','WARNING',1,1,'[PROC#P40a-100]',NULL,4),
(383,'p40a-item-unique','P-40a Item names within a category must be unique. [{0}] appears more than once.','WARNING',1,1,'[PROC#P40a-110]',NULL,4),
(384,'manufacturer-unique','Manufacturers must be unique in respect to Name, Location, Production Rates and Procurement Leadtimes. [{0}] [{1}] appears more than once.','WARNING',1,1,'[PROC#CB-195]',NULL,4),
(385,'base-oco-requires-total','BY1 Total is required when BY1 Base or BY1 OCO is present.','WARNING',1,1,'[PROC#CB-125]',NULL,5),
(386,'pys-quantity-rollup','The sum of all sub-exhibit quantities (with or without P-40a quantities included), plus the Prior Years Quantity Delta, for Prior Years [{0}] does not equal the P-40 Resource Summary quantity [{1}].', 'WARNING',1,1,'[PROC#P40-180]',NULL,5),
(387,'py-quantity-rollup','The sum of all sub-exhibit quantities (with or without P-40a quantities included) for Prior Year [{0}] does not equal the P-40 Resource Summary quantity [{1}].','WARNING',1,1,'[PROC#P40-180]',NULL,5),
(388,'cy-quantity-rollup','The sum of all sub-exhibit quantities (with or without P-40a quantities included) for Current Year [{0}] does not equal the P-40 Resource Summary quantity [{1}].','WARNING',1,1,'[PROC#P40-180]',NULL,5),
(389,'by1base-quantity-rollup','The sum of all sub-exhibit quantities (with or without P-40a quantities included) for Budget Year One Base [{0}] does not equal the P-40 Resource Summary quantity [{1}].','WARNING',1,1,'[PROC#P40-180]',NULL,5),
(390,'by1oco-quantity-rollup','The sum of all sub-exhibit quantities (with or without P-40a quantities included) for Budget Year One OCO [{0}] does not equal the P-40 Resource Summary quantity [{1}].','WARNING',1,1,'[PROC#P40-180]',NULL,5),
(391,'by1-quantity-rollup','The sum of all sub-exhibit quantities (with or without P-40a quantities included) for Budget Year One [{0}] does not equal the P-40 Resource Summary quantity [{1}].','WARNING',1,1,'[PROC#P40-180]',NULL,5),
(392,'by2-quantity-rollup','The sum of all sub-exhibit quantities (with or without P-40a quantities included) for Budget Year Two [{0}] does not equal the P-40 Resource Summary quantity [{1}].','WARNING',1,1,'[PROC#P40-180]',NULL,5),
(393,'by3-quantity-rollup','The sum of all sub-exhibit quantities (with or without P-40a quantities included) for Budget Year Three [{0}] does not equal the P-40 Resource Summary quantity [{1}].','WARNING',1,1,'[PROC#P40-180]',NULL,5),
(394,'by4-quantity-rollup','The sum of all sub-exhibit quantities (with or without P-40a quantities included) for Budget Year Four [{0}] does not equal the P-40 Resource Summary quantity [{1}].','WARNING',1,1,'[PROC#P40-180]',NULL,5),
(395,'by5-quantity-rollup','The sum of all sub-exhibit quantities (with or without P-40a quantities included) for Budget Year Five [{0}] does not equal the P-40 Resource Summary quantity [{1}].','WARNING',1,1,'[PROC#P40-180]',NULL,5),
(396,'toComplete-quantity-rollup','The sum of all sub-exhibit quantities (with or without P-40a quantities included) for To Complete [{0}] does not equal the P-40 Resource Summary quantity [{1}].','WARNING',1,1,'[PROC#P40-180]',NULL,5),
(397,'total-quantity-rollup','The sum of all sub-exhibit quantities (with or without P-40a quantities included), plus the Prior Years Quantity Delta, for Total [{0}] does not equal the P-40 Resource Summary quantity [{1}].','WARNING',1,1,'[PROC#P40-180]',NULL,5),
(422,'no-component-split-nonsubmitting-agency','Delivery Schedules for Non-Submitting Service or Agency [{0}] cannot have Secondary Distributions.','WARNING',1,1,'[PROC#P21-175]',NULL,3),
(423,'p21-component-split-proc-quantity-rollup','The sum of the Secondary Distribution Delivery Schedules Procurement Quantity [{1}] must equal the Delivery Schedule Procurement Quantity [{0}].','WARNING',1,1,'[PROC#P21-180]',NULL,5),
(424,'p21-component-split-delivery-rollup','The sum of the monthly deliveries for a component [{0}] must be less than or equal to the total procurement quantity [{1}] for that component.','WARNING',1,1,'[PROC#P21-190]',NULL,5),
(425,'p21-remarks-without-p21','Delivery Schedule Remarks for [{1}] cannot be specified unless there is at least one {0} with a Delivery Schedule.','WARNING',1,1,'[PROC#P21-110]',NULL,3),
(428,'p5a-remarks-without-p5a','P-5a Overall Remarks should not be specified unless there is at least one [{0}] with P-5a data (History and Planning).','WARNING',1,1,'[PROC#P5a-160]',NULL,3),
(430,'pys-cost-rollup','The provided Prior Years [{2}] does not fall within the sum for child Exhibits, plus the Prior Years Delta, [{0,number,#.####}] - [{1,number,#.####}] (in dollars: [{3}]-[{4}]).','WARNING',1,1,'[PROC#P40-170]',NULL,5),
(431,'py-cost-rollup','The provided Prior Year [{2}] does not fall within the [min] - [max] range of sums for child Exhibits [{0,number,#.####}] - [{1,number,#.####}] (in dollars: [{3}]-[{4}])','WARNING',1,1,'[PROC#P40-170].',NULL,5),
(432,'cy-cost-rollup','The provided Current Year [{2}] does not fall within the [min] - [max] range of sums for child Exhibits [{0,number,#.####}] - [{1,number,#.####}] (in dollars: [{3}]-[{4}])','WARNING',1,1,'[PROC#P40-170].',NULL,5),
(433,'by1base-cost-rollup','The provided Budget Year One Base [{2}] does not fall within the [min] - [max] range of sums for child Exhibits [{0,number,#.####}] - [{1,number,#.####}] (in dollars: [{3}]-[{4}]).','WARNING',0,1,'[PROC#P40-170]',NULL,5),
(434,'by1oco-cost-rollup','The provided Budget Year One OCO [{2}] does not fall within the [min] - [max] range of sums for child Exhibits [{0,number,#.####}] - [{1,number,#.####}] (in dollars: [{3}]-[{4}]).','WARNING',1,1,'[PROC#P40-170]',NULL,5),
(435,'by1-cost-rollup','The provided Budget Year One Total [{2}] does not fall within the [min] - [max] range of sums for child Exhibits [{0,number,#.####}] - [{1,number,#.####}] (in dollars: [{3}]-[{4}]).','WARNING',1,1,'[PROC#P40-170]',NULL,5),
(436,'by2-cost-rollup','The provided Budget Year Two [{2}] does not fall within the [min] - [max] range of sums for child Exhibits [{0,number,#.####}] - [{1,number,#.####}] (in dollars: [{3}]-[{4}]).','WARNING',1,1,'[PROC#P40-170]',NULL,5),
(437,'by3-cost-rollup','The provided Budget Year Three [{2}] does not fall within the [min] - [max] range of sums for child Exhibits [{0,number,#.####}] - [{1,number,#.####}] (in dollars: [{3}]-[{4}]).','WARNING',1,1,'[PROC#P40-170]',NULL,5),
(438,'by4-cost-rollup','The provided Budget Year Four [{2}] does not fall within the [min] - [max] range of sums for child Exhibits [{0,number,#.####}] - [{1,number,#.####}] (in dollars: [{3}]-[{4}]).','WARNING',1,1,'[PROC#P40-170]',NULL,5),
(439,'by5-cost-rollup','The provided Budget Year Five [{2}] does not fall within the [min] - [max] range of sums for child Exhibits [{0,number,#.####}] - [{1,number,#.####}] (in dollars: [{3}]-[{4}]).','WARNING',1,1,'[PROC#P40-170]',NULL,5),
(440,'tocomplete-cost-rollup','The provided To Complete [{2}] does not fall within the [min] - [max] range of sums for child Exhibits [{0,number,#.####}] - [{1,number,#.####}] (in dollars: [{3}]-[{4}]).','WARNING',1,1,'[PROC#P40-170]',NULL,5),
(441,'total-cost-rollup','The provided Total [{2}] does not fall within the [min] - [max] range of sums for child Exhibits, plus the Prior Years Delta, [{0,number,#.####}] - [{1,number,#.####}] (in dollars: [{3}]-[{4}]).','WARNING',1,1,'[PROC#P40-170]',NULL,5),
(442,'at-least-one-rs-years-required','No Resource Summary entry can exist without data for at least one FY (PYS-BY5) or To Complete.','WARNING',1,1,'[PROC#GRS-140]',NULL,3),
(443,'dupe-inactive-fp','Facility Projects must be unique with respect to Project Type and Facility. [{0}] [{1}] appears more than once.','WARNING',1,1,'[PROC#P26-100]',NULL,4),
(444,'disallowed-values-fp','Less PY Advance Procurement, Plus CY Advance Procurement, and Initial Spares should not be entered when the Line Item contains P-17, P-25 or P-26.','WARNING',1,1,'[PROC#CB-300]',NULL,4),
(446,'program-element-number-unique','The Program Element Number [{0}] cannot be duplicated.','WARNING',1,1,'[PROC#P40-130]',NULL,5),
(447,'other-program-element-number-unique','The Other Program Element Number [{0}] cannot be duplicated.','WARNING',1,1,'[PROC#P40-140]',NULL,5),
(448,'compo-split-at-least-one-years-required','At least one FY (PY-BY5) cost is required for at least one component for Secondary Distributions.','WARNING',1,1,'[PROC#CB-114]',NULL,5),
(451,'alo-vehicle-augmentation','If Supplemental Info: Vehicles is selected, Vehicle Augmentation must be provided.','ERROR',1,1,NULL,NULL,1),
(452,'by1-inventory-objective-name-unique','The Budget Year Inventory Objectives Name [{0}] must be unique.','WARNING',1,1,'[PROC#P20-175]',NULL,4),
(455,'aircraft-inventory-objective-requirements','Total Active, Total Inactive and Total Overall Aircraft Inventory are required if Aircraft Inventory is selected.','WARNING',1,1,NULL,NULL,1),
(456,'secondary-distribution-rollup','The sum of all Secondary Distributions [{1}] must equal the total [{2}] for [{0}] deliveries.','WARNING',1,1,'[PROC#P21-195]',NULL,1),
(457,'pys-all-prior-years-deliveries-qty-rollup','The sum of child Prior Years quantity [{0}] plus the Prior Years Deliveries [{1}] must equal the Prior Years quantity [{2}] of the associated Cost Element.','WARNING',1,1,'[PROC#P5a-175]',NULL,1),
(458,'inventory-objective-footnote-required','The sum of the Supplemental Info Inventory Objective quantities does not equal the BY1 value of Inventory Objectives or Current Authorization Allowance. An explanation is required in the Inventory Objectives BY1 footnote.','WARNING',0,1,'[PROC#P20-180]',NULL,1),
(459,'delivery-sched-when-rates','If any rate or leadtime is provided for a Manufacturer, then monthly deliveries must be provided for that Manufacturer.','WARNING',1,1,'[PROC#CB-295]',NULL,5),
(461,'total-cost-installation-cost-rollup','The sum of all funding years and To Complete [{0}] for Total Cost, does not equal the given Total Cost Installation Total [{1}].','WARNING',1,1,'[PROC#P3a-480]',NULL,5),
(462,'total-quantity-installation-rollup','The sum of all funding years and To Complete [{0}] for Total Quantity, does not equal the given Total Quantity Installation Total [{1}].','WARNING',1,1,'[PROC#P3a-490]',NULL,5),
(463,'by1base-installation-cost-rollup','The sum of Budget Year One Base {0} [{1}] within the Installation Cost Table must equal the Budget Year One Base Installation Cost Total [{2}].','WARNING', 1,1,'[PROC#P3a-450]',NULL,5),
(464,'by1oco-installation-cost-rollup','The sum of Budget Year One OCO {0} [{1}] within the Installation Cost Table must equal the Budget Year One OCO Installation Cost Total [{2}].','WARNING', 1,1,'[PROC#P3a-450]',NULL,5),
(465,'pys-installation-ver-cost-rollup','The sum of child Installation Costs for Prior Years [{0}] does not equal the total [{2}] Prior Years Installation Cost.','WARNING',1,1,'[PROC#P3a-460]',NULL,5),
(466,'py-installation-ver-cost-rollup','The sum of child Installation Costs for Prior Year [{0}] does not equal the total [{2}] Prior Year Installation Cost.','WARNING',1,1,'[PROC#P3a-460]',NULL,5),
(467,'cy-installation-ver-cost-rollup','The sum of child Installation Costs for Current Year [{0}] does not equal the total [{2}] Current Year Installation Cost.','WARNING',1,1,'[PROC#P3a-460]',NULL,5),
(468,'by1base-installation-ver-cost-rollup','The sum of child Installation Costs for Budget Year One Base [{0}] does not equal the total [{2}] Budget Year One Base Installation Cost.','WARNING',1,1,'[PROC#P3a-460]',NULL,5),
(469,'by1oco-installation-ver-cost-rollup','The sum of child Installation Costs for Budget Year One OCO [{0}] does not equal the total [{2}] Budget Year One OCO Installation Cost.','WARNING',1,1,'[PROC#P3a-460]',NULL,5),
(470,'by1-installation-ver-cost-rollup','The sum of child Installation Costs for Budget Year One [{0}] does not equal the total [{2}] Budget Year One Installation Cost.','WARNING',1,1,'[PROC#P3a-460]',NULL,5),
(471,'by2-installation-ver-cost-rollup','The sum of child Installation Costs for Budget Year Two [{0}] does not equal the total [{2}] Budget Year Two Installation Cost.','WARNING',1,1,'[PROC#P3a-460]',NULL,5),
(472,'by3-installation-ver-cost-rollup','The sum of child Installation Costs for Budget Year Three [{0}] does not equal the total [{2}] Budget Year Three Installation Cost.','WARNING',1,1,'[PROC#P3a-460]',NULL,5),
(473,'by4-installation-ver-cost-rollup','The sum of child Installation Costs for Budget Year Four [{0}] does not equal the total [{2}] Budget Year Four Installation Cost.','WARNING',1,1,'[PROC#P3a-460]',NULL,5),
(474,'by5-installation-ver-cost-rollup','The sum of child Installation Costs for Budget Year Five [{0}] does not equal the total [{2}] Budget Year Five Installation Cost.','WARNING',1,1,'[PROC#P3a-460]',NULL,5),
(475,'tocomplete-installation-ver-cost-rollup','The sum of child Installation Costs for To Complete [{0}] does not equal the total [{2}] To Complete Installation Cost.','WARNING',1,1,'[PROC#P3a-460]',NULL,5),
(476,'total-installation-ver-cost-rollup','The sum of child Installation Costs for Total [{0}] does not equal the total [{2}] Total Installation Cost.','WARNING',1,1,'[PROC#P3a-460]',NULL,5),
(477,'p40a-alo-item-total-cost-required','There must be at least one FY Item Total Cost.','WARNING',1,1,'[PROC#P40a-150]',NULL,2),
(478,'p10-tl-remarks-without-tl','Termination Liability Remarks for [{0}] cannot be specified unless there is at least one FY Cost.','WARNING',1,1,'[PROC#P10-140]',NULL,3),
(479,'p3a-milestone-unique','Development Milestones must be unique. [{0}] occurs more than once.','WARNING',1,1,'[PROC#P3a-140]',NULL,4),
(480,'oco-not-allowed','OCO funding is not allowed','WARNING',1,1,'[PROC#CB-127]',NULL,6),
(481,'p3a-other-pe-unique','P-3a level related Program Element numbers must be unique.','WARNING',1,1,'[PROC#P3a-150]',NULL,4),
(482,'non-organic-cost-quantity-pair','For Non-Organic installations, if either a Total Cost or Quantity is provided, then both must be provided.', 'WARNING',1,1,'[PROC#P3a-570]',NULL,2),
(483,'py-quantity-has-cost','If a Secondary Distribution quantity is provided for Prior Year then a corresponding Total Obligation Authority cost must also be provided for Prior Year.','WARNING',1,1,'[PROC#CB-115]',NULL,5),
(484,'cy-quantity-has-cost','If a Secondary Distribution quantity is provided for Current Year then a corresponding Total Obligation Authority cost must also be provided for Current Year.','WARNING',1,1,'[PROC#CB-115]',NULL,5),
(485,'by1base-quantity-has-cost','If a Secondary Distribution quantity is provided for Budget Year One Base then a corresponding Total Obligation Authority cost must also be provided for Budget Year One Base.','WARNING',1,1,'[PROC#CB-115]',NULL,5),
(486,'by1oco-quantity-has-cost','If a Secondary Distribution quantity is provided for Budget Year One OCO then a corresponding Total Obligation Authority cost must also be provided for Budget Year One OCO.','WARNING',1,1,'[PROC#CB-115]',NULL,5),
(487,'by1-quantity-has-cost','If a Secondary Distribution quantity is provided for Budget Year One then a corresponding Total Obligation Authority cost must also be provided for Budget Year One.','WARNING',1,1,'[PROC#CB-115]',NULL,5),
(488,'by2-quantity-has-cost','If a Secondary Distribution quantity is provided for Budget Year Two then a corresponding Total Obligation Authority cost must also be provided for Budget Year Two.','WARNING',1,1,'[PROC#CB-115]',NULL,5),
(489,'by3-quantity-has-cost','If a Secondary Distribution quantity is provided for Budget Year Three then a corresponding Total Obligation Authority cost must also be provided for Budget Year Three.','WARNING',1,1,'[PROC#CB-115]',NULL,5),
(490,'by4-quantity-has-cost','If a Secondary Distribution quantity is provided for Budget Year Four then a corresponding Total Obligation Authority cost must also be provided for Budget Year Four.','WARNING',1,1,'[PROC#CB-115]',NULL,5),
(491,'by5-quantity-has-cost','If a Secondary Distribution quantity is provided for Budget Year Five then a corresponding Total Obligation Authority cost must also be provided for Budget Year Five.','WARNING',1,1,'[PROC#CB-115]',NULL,5),
(492,'p18-mutually-exclusive','A Line Item containing a P-18 may only contain only a single P-18 sub-exhibit and no other sub-exhibits.','WARNING',1,1,'[PROC#P40-420]',NULL,2),
(493,'p3a-title-num-unique','A P-3a Modification Group  must be unique with respect to Modification Number [{0}] and Modification Title[{1}].','WARNING',1,1,'[PROC#P3a-100]',NULL,4),
(495,'mdap-code-format','MDAP/PNO code must be formatted correctly.','WARNING',1,1,'[PROC#CB-104]',NULL,5),
(496,'submission-date','Line Item with LineItemNumber=[{0}] and BudgetCycle=[{1}] and BudgetYear=[{2}] and Agency=[{3}] has invalid submission date of [{4}].','WARNING',1,1,'[PROC#CB-310]',NULL,4),
(498,'quantity-without-cost','Quantity cannot exist without Cost.','WARNING',1,1,'[PROC#CB-255]',NULL,2),
(499,'tocomplete-triplet-requirements','If ToComplete Unit Cost or Quantity is supplied, Unit Cost, Quantity, and Total are required.', 'WARNING',1,1,'[PROC#CB-160]',NULL,2),
(500,'total-triplet-requirements','If Total Unit Cost or Quantity is supplied, Unit Cost, Quantity, and Total are required.', 'WARNING',1,1,'[PROC#CB-160]',NULL,2),
(501,'item-name-required','Item Name is required.', 'WARNING',1,1,'[PROC#P5-620]',NULL,2),
(502,'p18-name-required','P-18 Name is required.', 'WARNING',1,1,'[PROC#P18-600]',NULL,2),
(503,'p3a-title-required','P-3a Title is required.', 'WARNING',1,1,'[PROC#P3a-780]',NULL,2),
(504,'p3a-modification-number-required','P-3a Modification Number is required.', 'WARNING',1,1,'[PROC#P3a-740]',NULL,2),
(505,'p3a-type-required','P-3a Type is required.', 'WARNING',1,1,'[PROC#P3a-790]',NULL,2),
(506,'p3a-model-required','P-3a Model is required.', 'WARNING',1,1,'[PROC#P3a-730]',NULL,2),
(507,'line-item-number-required','Line Item Number is required.', 'ERROR',1,1,'[PROC#P40-610]',NULL,2),
(508,'line-item-title-required','Line Item Title is required.', 'WARNING',1,1,'[PROC#P40-620]',NULL,2),
(509,'line-item-description-required','Line Item Description is required.', 'WARNING',1,1,'[PROC#P40-600]',NULL,2),
(510,'p40a-item-names-required','All items within a P-40a must have a name.', 'WARNING',1,1,'[PROC#P40a-600]',NULL,2),
(512,'manufacturer-location-required', 'Manufacturer location is required.', 'WARNING',1,1,'[PROC#P5a-660]',NULL,2),
(513,'hp-fiscal-year-required', 'History and Planning fiscal year is required.', 'WARNING',1,1,'[PROC#P5a-620]',NULL,2),
(514,'hp-pco-location-required', 'History and Planning PCO location is required.', 'WARNING',1,1,'[PROC#P5a-630]',NULL,2),
(515,'hp-award-date-required', 'History and Planning award date is required.', 'WARNING',1,1,'[PROC#P5a-600]',NULL,2),
(516,'hp-first-delivery-date-required', 'History and Planning first delivery date is required.', 'WARNING',1,1,'[PROC#P5a-610]',NULL,2),
(517,'hp-quantity-required', 'History and Planning quantity is required.', 'WARNING',1,1,'[PROC#P5a-640]',NULL,2),
(518,'hp-unit-cost-required', 'History and Planning unit cost is required.', 'WARNING',1,1,'[PROC#P5a-650]',NULL,2),
(519,'cost-element-name-required','All P-5 cost elements must have names.','WARNING',1,1,'[PROC#P5-600]',NULL,2),
(520,'cost-element-total-required','All P-5 cost elements must have total costs.','WARNING',1,1,'[PROC#P5-610]',NULL,2),
(521,'other-gains-required','P20 requirements must have at least one Other Gains element specified.','WARNING',1,1,NULL,NULL,2),
(522,'usage-losses-required','P20 requirements must have at least one Usage Losses element specified.','WARNING',1,1,NULL,NULL,2),
(523,'og-names-required','All other gains cost elements in the P20 requirements must have names.','WARNING',1,1,NULL,NULL,2),
(524,'ul-names-required','All usage loss cost elements in the P20 requirements must have names.','WARNING',1,1,NULL,NULL,2),
(525,'by1IO-name-required','P20 BY1 Inventory Objectives must have names.','WARNING',1,1,NULL,NULL,2),
(526,'by1IO-quantity-required','P20 BY1 Inventory Objectives must have quantities.','WARNING',1,1,NULL,NULL,2),
(527,'p3a-description-required','P-3a Description is required.','WARNING',1,1,'[PROC#P3a-690]',NULL,2),
(528,'p3a-item-titles-required','P-3a Modification Item titles are required.','WARNING',1,1,'[PROC#P3a-700]',NULL,2),
(529,'p3a-milestone-titles-required','P-3a Development Milestone titles are required.','WARNING',1,1,'[PROC#P3a-720]',NULL,2),
(530,'p3a-milestone-dates-required','P-3a Development Milestone dates are required.','WARNING',1,1,'[PROC#P3a-710]',NULL,2),
(531,'p3a-sce-names-required','P-3a Support Cost Element names are required.','WARNING',1,1,'[PROC#P3a-760]',NULL,2),
(533,'other-pe-numbers-required','P-3a Program Element numbers must be provided.','WARNING',1,1,'[PROC#P3a-680]',NULL,2),
(535,'a-b-kits-name-required','P-3a Mod Item A and B kit names must be provided.','WARNING',1,1,'[PROC#P3a-600]',NULL,2),
(539,'inorganic-is-required','P-3a Mod Item non-Organic Implementations must provide an Installation Schedule.','WARNING',0,0,'[PROC#P3a-630]',NULL,2),
(540,'manufacturer-name-required','P-3a Mod Item Manufacturers must have a name provided.','WARNING',1,1,'[PROC#P3a-650]',NULL,2),
(541,'manufacturer-location-required','P-3a Mod Item Manufacturers must have a location provided.','WARNING',1,1,'[PROC#P3a-640]',NULL,2),
(542,'delivery-amount-required','A Monthly Delivery Quantity, greater than zero, is required.','WARNING',1,1,'[PROC#P21-600]',NULL,2),
(543,'p3a-mod-number-valid','P-3a Modification Number must follow a standard format.','WARNING',1,1,'[PROC#P3a-750]',NULL,2),
(544,'delivery-month-required','Monthly Delivery Schedule Month is required.','WARNING',1,1,'[PROC#P21-610]',NULL,2),
(545,'spares-item-names-required','All spare end items must have names.','WARNING',1,1,'[PROC#P18-620]',NULL,2),
(546,'spares-item-line-number-required','All spare end items must have line numbers.','WARNING',1,1,'[PROC#P18-610]',NULL,2),
(547,'implementation-method-required','Method of Implementation must be specified.','WARNING',1,1,'[PROC#P3a-800]',NULL,2),
(550,'p3a-item-unique','Modification Item names must be unique. [{0}] occurs more than once.','WARNING',1,1,'[PROC#P3a-160]',NULL,4),
(552,'unit-cost-continuing-check','Unit Cost cannot be provided for To Complete or Total, if Total Cost is set to Continuing.','WARNING',1,1,'[PROC#CONT-430]',NULL,4),
(553,'quantity-continuing-check','Quantity cannot be provided for To Complete or Total, if Total Cost is set to Continuing.','WARNING',1,1,'[PROC#CONT-420]',NULL,4),
(554,'tocomplete-triplet','Triplet check failure for To Complete where Total Cost (in millions) = [{0}], Unit Cost (in {8}) = [{1}] and Quantity ({9}) = [{2}]. The Total Cost [{5}] must fall within the product [min] - [max] range of Quantity and Unit Cost, which is [{3}]-[{4}] [{6}-{7} in dollars].','WARNING',1,1,'[PROC#CB-140]',NULL,5),
(555,'total-triplet','Triplet check failure for Total where Total Cost (in millions) = [{0}], Unit Cost (in {8}) = [{1}] and Quantity ({9}) = [{2}]. The Total Cost [{5}] must fall within the product [min] - [max] range of Quantity and Unit Cost, which is [{3}]-[{4}] [{6}-{7} in dollars].','WARNING',1,1,'[PROC#CB-140]',NULL,5),
(558,'p3a-mod-item-cost-element-required','Cost data is required for at least one FY (PYS-BY5) for each RDT&E PE.','WARNING',1,1,'[PROC#P3a-240]',NULL, 2),
(566,'py-cost-vertical-rollup','Secondary Distribution Prior Year Total [{0}] does not match the sum of the child Prior Year Secondary Distributions [{1}].','WARNING',1,1,'[PROC#CB-340]',NULL,5),
(567,'cy-cost-vertical-rollup','Secondary Distribution Current Year Total [{0}] does not match the sum of the child Current Year Secondary Distributions [{1}].','WARNING',1,1,'[PROC#CB-340]',NULL,5),
(568,'by1base-cost-vertical-rollup','Secondary Distribution Budget Year One Base Total [{0}] does not match the sum of the child Budget Year One Base Secondary Distributions [{1}].','WARNING',1,1,'[PROC#CB-340]',NULL,5),
(569,'by1oco-cost-vertical-rollup','Secondary Distribution Budget Year One OCO Total [{0}] does not match the sum of the child Budget Year One OCO Secondary Distributions [{1}].','WARNING',1,1,'[PROC#CB-340]',NULL,5),
(570,'by1-cost-vertical-rollup','Secondary Distribution Budget Year One Total [{0}] does not match the sum of the child Budget Year One Secondary Distributions [{1}].','WARNING',1,1,'[PROC#CB-340]',NULL,5),
(571,'by2-cost-vertical-rollup','Secondary Distribution Budget Year Two Total [{0}] does not match the sum of the child Budget Year Two Secondary Distributions [{1}].','WARNING',1,1,'[PROC#CB-340]',NULL,5),
(572,'by3-cost-vertical-rollup','Secondary Distribution Budget Year Three Total [{0}] does not match the sum of the child Budget Year Three Secondary Distributions [{1}].','WARNING',1,1,'[PROC#CB-340]',NULL,5),
(573,'by4-cost-vertical-rollup','Secondary Distribution Budget Year Four Total [{0}] does not match the sum of the child Budget Year Four Secondary Distributions [{1}].','WARNING',1,1,'[PROC#CB-340]',NULL,5),
(574,'by5-cost-vertical-rollup','Secondary Distribution Budget Year Five Total [{0}] does not match the sum of the child Budget Year Five Secondary Distributions [{1}].','WARNING',1,1,'[PROC#CB-340]',NULL,5),
(578,'py-quantity-vertical-rollup','The provided Secondary Distribution Prior Year Quantity [{1}] does not equal the sum of the child Secondary Distributions [{0}].','WARNING',1,1,'[PROC#CB-350]',NULL,5),
(579,'cy-quantity-vertical-rollup','The provided Secondary Distribution Current Year Quantity [{1}] does not equal the sum of the child Secondary Distributions [{0}].','WARNING',1,1,'[PROC#CB-350]',NULL,5),
(580,'by1base-quantity-vertical-rollup','The provided Secondary Distribution Budget Year One Base Quantity [{1}] does not equal the sum of the child Secondary Distributions [{0}].','WARNING',1,1,'[PROC#CB-350]',NULL,5),
(581,'by1oco-quantity-vertical-rollup','The provided Secondary Distribution Budget Year One OCO Quantity [{1}] does not equal the sum of the child Secondary Distributions [{0}].','WARNING',1,1,'[PROC#CB-350]',NULL,5),
(582,'by1-quantity-vertical-rollup','The provided Secondary Distribution Budget Year One Total Quantity [{1}] does not equal the sum of the child Secondary Distributions [{0}].','WARNING',1,1,'[PROC#CB-350]',NULL,5),
(583,'by2-quantity-vertical-rollup','The provided Secondary Distribution Budget Year Two Quantity [{1}] does not equal the sum of the child Secondary Distributions [{0}].','WARNING',1,1,'[PROC#CB-350]',NULL,5),
(584,'by3-quantity-vertical-rollup','The provided Secondary Distribution Budget Year Three Quantity [{1}] does not equal the sum of the child Secondary Distributions [{0}].','WARNING',1,1,'[PROC#CB-350]',NULL,5),
(585,'by4-quantity-vertical-rollup','The provided Secondary Distribution Budget Year Four Quantity [{1}] does not equal the sum of the child Secondary Distributions [{0}].','WARNING',1,1,'[PROC#CB-350]',NULL,5),
(586,'by5-quantity-vertical-rollup','The provided Secondary Distribution Budget Year Five Quantity [{1}] does not equal the sum of the child Secondary Distributions [{0}].','WARNING',1,1,'[PROC#CB-350]',NULL,5),
(590,'py-cs-cost-rollup','The sum [min] - [max] range of Secondary Distributions for Prior Year [{0,number,#.####}] - [{1,number,#.####}] (in dollars: [{3}]-[{4}]) does not equal the provided total for Prior Year [{2}].','WARNING',1,1,'[PROC#P40-320]',NULL,5),
(591,'cy-cs-cost-rollup','The sum [min] - [max] range of Secondary Distributions for Current Year [{0,number,#.####}] - [{1,number,#.####}] (in dollars: [{3}]-[{4}]) does not equal the provided total for Current Year [{2}].','WARNING',1,1,'[PROC#P40-320]',NULL,5),
(592,'by1base-cs-cost-rollup','The sum [min] - [max] range of Secondary Distributions for Budget Year One Base [{0,number,#.####}] - [{1,number,#.####}] (in dollars: [{3}]-[{4}]) does not equal the provided total for Budget Year One Base [{2}].','WARNING',1,1,'[PROC#P40-320]',NULL,5),
(593,'by1oco-cs-cost-rollup','The sum [min] - [max] range of Secondary Distributions for Budget Year One OCO [{0,number,#.####}] - [{1,number,#.####}] (in dollars: [{3}]-[{4}]) does not equal the provided total for Budget Year One OCO [{2}].','WARNING',1,1,'[PROC#P40-320]',NULL,5),
(594,'by1-cs-cost-rollup','The sum [min] - [max] range of Secondary Distributions for Budget Year One [{0,number,#.####}] - [{1,number,#.####}] (in dollars: [{3}]-[{4}]) does not equal the provided total for Budget Year One [{2}].','WARNING',1,1,'[PROC#P40-320]',NULL,5),
(595,'by2-cs-cost-rollup','The sum [min] - [max] range of Secondary Distributions for Budget Year Two [{0,number,#.####}] - [{1,number,#.####}] (in dollars: [{3}]-[{4}]) does not equal the provided total for Budget Year Two [{2}].','WARNING',1,1,'[PROC#P40-320]',NULL,5),
(596,'by3-cs-cost-rollup','The sum [min] - [max] range of Secondary Distributions for Budget Year Three [{0,number,#.####}] - [{1,number,#.####}] (in dollars: [{3}]-[{4}]) does not equal the provided total for Budget Year Three [{2}].','WARNING',1,1,'[PROC#P40-320]',NULL,5),
(597,'by4-cs-cost-rollup','The sum [min] - [max] range of Secondary Distributions for Budget Year Four [{0,number,#.####}] - [{1,number,#.####}] (in dollars: [{3}]-[{4}]) does not equal the provided total for Budget Year Four [{2}].','WARNING',1,1,'[PROC#P40-320]',NULL,5),
(598,'by5-cs-cost-rollup','The sum [min] - [max] range of Secondary Distributions for Budget Year Five [{0,number,#.####}] - [{1,number,#.####}] (in dollars: [{3}]-[{4}]) does not equal the provided total for Budget Year Five [{2}].','WARNING',1,1,'[PROC#P40-320]',NULL,5),
(601,'child-compo-splits-required','If a Component is specified in the Line Item Secondary Distribution, there must be at least one child exhibit with a Secondary Distribution containing the matching Component.','WARNING',0,0,'[PROC#CB-330]',NULL,5),
(604,'py-cs-quantity-rollup','The sum of Secondary Distribution Quantities for Prior Year [{0}] does not equal the provided Quantity total for Prior Year [{1}].','WARNING',1,1,'[PROC#P40-330]',NULL,5),
(605,'cy-cs-quantity-rollup','The sum of Secondary Distribution Quantities for Current Year [{0}] does not equal the provided Quantity total for Current Year [{1}].','WARNING',1,1,'[PROC#P40-330]',NULL,5),
(606,'by1base-cs-quantity-rollup','The sum of Secondary Distribution Quantities for Budget Year One Base [{0}] does not equal the provided Quantity total for Budget Year One Base [{1}].','WARNING',1,1,'[PROC#P40-330]',NULL,5),
(607,'by1oco-cs-quantity-rollup','The sum of Secondary Distribution Quantities for Budget Year One OCO [{0}] does not equal the provided Quantity total for Budget Year One OCO [{1}].','WARNING',1,1,'[PROC#P40-330]',NULL,5),
(608,'by1-cs-quantity-rollup','The sum of Secondary Distribution Quantities for Budget Year One [{0}] does not equal the provided Quantity total for Budget Year One [{1}].','WARNING',1,1,'[PROC#P40-330]',NULL,5),
(609,'by2-cs-quantity-rollup','The sum of Secondary Distribution Quantities for Budget Year Two [{0}] does not equal the provided Quantity total for Budget Year Two [{1}].','WARNING',1,1,'[PROC#P40-330]',NULL,5),
(610,'by3-cs-quantity-rollup','The sum of Secondary Distribution Quantities for Budget Year Three [{0}] does not equal the provided Quantity total for Budget Year Three [{1}].','WARNING',1,1,'[PROC#P40-330]',NULL,5),
(611,'by4-cs-quantity-rollup','The sum of Secondary Distribution Quantities for Budget Year Four [{0}] does not equal the provided Quantity total for Budget Year Four [{1}].','WARNING',1,1,'[PROC#P40-330]',NULL,5),
(612,'by5-cs-quantity-rollup','The sum of Secondary Distribution Quantities for Budget Year Five [{0}] does not equal the provided Quantity total for Budget Year Five [{1}].','WARNING',1,1,'[PROC#P40-330]',NULL,5),
(616,'item-rollup','The sum [min] - [max] range of child Cost Elements [{0}] - [{1}] (in dollars: [{3}]-[{4}]) does not equal the Gross/Weapon System Cost [{2}].','WARNING',1,1,'[PROC#CB-134]',NULL,5),
(617,'line-item-rollup','The sum [min] - [max] range of child Exhibits [{0}] - [{1}] (in dollars: [{3}]-[{4}]) does not equal the Gross/Weapon System Cost [{2}].','WARNING',1,1,'[PROC#CB-134]',NULL,5),
(618,'line-item-out-years-rollup','The sum [min] - [max] range of child Exhibits, plus the Out Years Delta,  [{0}] - [{1}] (in dollars: [{3}]-[{4}]) does not equal the Gross/Weapon System Cost [{2}].','WARNING',1,1,'[PROC#CB-134]',NULL,5),
(619,'subtotal-vertical-rollup','The provided subtotal [{1}] does not equal the sum of child Cost Elements [{0}].','WARNING',1,1,'[PROC#CB-134]',NULL,5),
(621,'line-item-pys-total-rollup','The sum [min] - [max] range of child Exhibits, plus the Prior Years Delta, [{0}] - [{1}] (in dollars: [{3}]-[{4}]) does not equal the Gross/Weapon System Cost [{2}].','WARNING',1,1,'[PROC#CB-134]',NULL,5),
(622,'item-pys-total-rollup','The sum [min] - [max] range of child Cost Elements, plus the Prior Years Delta, [{0}] - [{1}] (in dollars: [{3}]-[{4}]) does not equal the Gross/Weapon System Cost [{2}].','WARNING',1,1,'[PROC#CB-134]',NULL,5),
(623,'compo-split-check','If one item in the P-40a has a Secondary Distribution, all items in the P-40a must have a Secondary Distribution.','WARNING',0,0,'[PROC#P40a-200]',NULL,5),
(635,'p40-resource-summary-p18-only', 'For a P-40 enclosing P-18 Subexhibit(s) only, Procurement Quantity and Gross/Weapon System Unit Cost are not valid Resource Summary entries.', 'WARNING',1,1,'[PROC#P40-210]',NULL,2),
(636,'p1-line-number-numeric', 'The P-1 Line Number must be numeric and may contain one dash (-).', 'WARNING',1,1,'[PROC#P40-220]',NULL,3),
(637,'alo-mod-item-for-out-years','If any Modification Out Years Delta values are provided, there must be at least one modification (P-3a or Modification P-40a) and at least one non-modification (regular P-40a, P-5, etc.) sub-exhibit.','WARNING',1,1,'[PROC#P40-400]',NULL,5),
(638,'item-rollup','The sum [min] - [max] range of Procurement Costs, Support Costs, and Installation Costs [{0}] - [{1}] (in dollars: [{3}]-[{4}]) does not equal the Gross/Weapon System Cost [{2}].','WARNING',1,1,'[PROC#CB-134]',NULL,5),
(644,'p10-cost-element-name-required','Cost Element Name is required.','WARNING',1,1,'[PROC#P10-170]',NULL,5),
(649,'cfe-total-vertical-rollup','The sum of child Cost Elements [{0}] does not equal the CFE Category Total [{1}].','WARNING',1,1,'[PROC#CB-134]',NULL,5),
(646,'gfe-total-vertical-rollup','The sum of child Cost Elements [{0}] does not equal the GFE Category Total [{1}].','WARNING',1,1,'[PROC#CB-134]',NULL,5),
(647,'eoq-total-vertical-rollup','The sum of child Cost Elements [{0}] does not equal the EOQ Category Total [{1}].','WARNING',1,1,'[PROC#CB-134]',NULL,5),
(648,'other-total-vertical-rollup','The sum of child Cost Elements [{0}] does not equal the Other Category Total [{1}].','WARNING',1,1,'[PROC#CB-134]',NULL,5),
(650,'no-ctc-or-total','P-10 Termination Liabilities cannot have To Complete and Total Costs.','WARNING',1,1,'[PROC#P10-200]',NULL,5),
(651,'pys-quantity-rollup','The sum of child Quantities for Prior Years [{0}] does not equal the total Prior Years quantity [{1}].','WARNING',1,1,'[PROC#CB-136]',NULL,5),
(652,'py-quantity-rollup','The sum of child Quantities for Prior Year [{0}] does not equal the total Prior Year quantity [{1}].','WARNING',1,1,'[PROC#CB-136]',NULL,5),
(653,'cy-quantity-rollup','The sum of child Quantities for Current Year [{0}] does not equal the total Current Year quantity [{1}].','WARNING',1,1,'[PROC#CB-136]',NULL,5),
(654,'by1-quantity-rollup','The sum of child Quantities for Budget Year One [{0}] does not equal the total Budget Year One quantity [{1}].','WARNING',1,1,'[PROC#CB-136]',NULL,5),
(655,'by1base-quantity-rollup','The sum of child Quantities for Budget Year One Base [{0}] does not equal the total Budget Year One Base quantity [{1}].','WARNING',1,1,'[PROC#CB-136]',NULL,5),
(656,'by1oco-quantity-rollup','The sum of child Quantities for Budget Year One OCO [{0}] does not equal the total Budget Year One OCO quantity [{1}].','WARNING',1,1,'[PROC#CB-136]',NULL,5),
(657,'by2-quantity-rollup','The sum of child Quantities for Budget Year Two [{0}] does not equal the total Budget Year Two quantity [{1}].','WARNING',1,1,'[PROC#CB-136]',NULL,5),
(658,'by3-quantity-rollup','The sum of child Quantities for Budget Year Three [{0}] does not equal the total Budget Year Three quantity [{1}].','WARNING',1,1,'[PROC#CB-136]',NULL,5),
(659,'by4-quantity-rollup','The sum of child Quantities for Budget Year Four [{0}] does not equal the total Budget Year Four quantity [{1}].','WARNING',1,1,'[PROC#CB-136]',NULL,5),
(660,'by5-quantity-rollup','The sum of child Quantities for Budget Year Five [{0}] does not equal the total Budget Year Five quantity [{1}].','WARNING',1,1,'[PROC#CB-136]',NULL,5),
(661,'tocomplete-quantity-rollup','The sum of child Quantities for To Complete [{0}] does not equal the total To Complete quantity [{1}].','WARNING',1,1,'[PROC#CB-136]',NULL,5),
(662,'total-quantity-rollup','The sum of child Quantities for Total [{0}] does not equal the total Total quantity [{1}].','WARNING',1,1,'[PROC#CB-136]',NULL,5),
(663,'non-eoq-by-greater-than-for-fy','Non-EOQ Cost Element Advance Procurement funding must be requested in years prior to "For FY", the Authorization year of the End Item.','WARNING',1,1,'[PROC#P10-210]',NULL,5),
(664,'eoq-by-greater-than-for-fy','EOQ Cost Element Advance Procurement funding must be requested in years the same as, or prior to, "For FY", the Authorization year of the End Item.','WARNING',1,1,'[PROC#P10-220]',NULL,5),
(666,'p10-description-required','P-10 Description is required.','WARNING',1,1,'[PROC#P10-240]',NULL,2),
(668,'alo-p10-contract-for-budget-year-one','Cost Elements must have Contract Data for Budget Year One.','WARNING',0,0,'[PROC#P10-230]',NULL,3),
(669,'plus-cy-rollup','Plus CY Advance Procurement [{1}] must equal the sum of child Plus CY Advance Procurement costs [{0}].','WARNING',0,1,'[PROC#CB-134]',NULL,5),
(670,'advance-p1-line-number-numeric', 'The Advance Procurement P-1 Line Number must be numeric.', 'WARNING',1,1,'[PROC#P40-250]',NULL,3),
(671,'p40-p10-description-required','Advance Procurement Line Item Description is required.','WARNING',1,1,'[PROC#P10-260]',NULL,2),
(672,'advance-procurement-p1-line-number-exists','Advance Procurement P-1 Line Number is required.','WARNING',1,1,'[PROC#P40-240]',NULL,2),
(673,'award-date-before-comp-date','The First System Award Date must be an earlier date than the First System Completion Date.','WARNING',1,1,'[PROC#P10-250]',NULL,2),
(674,'pys-cost-rollup','The sum of child Costs for Prior Years, plus the Prior Years Delta, [{0}] does not equal the total Prior Years [{2}].','WARNING',1,1,'[PROC#CB-134]',NULL,5),
(675,'py-cost-rollup','The sum of child Costs for Prior Year [{0}] does not equal the total Prior Year [{2}].','WARNING',1,1,'[PROC#CB-134]',NULL,5),
(676,'cy-cost-rollup','The sum of child Costs for Current Year [{0}] does not equal the total Current Year [{2}].','WARNING',1,1,'[PROC#CB-134]',NULL,5),
(677,'by1base-cost-rollup','The sum of child Costs for Budget Year One Base [{0}] does not equal the total Budget Year One Base [{2}].','WARNING',1,1,'[PROC#CB-134]',NULL,5),
(678,'by1oco-cost-rollup','The sum of child Costs for Budget Year One OCO [{0}] does not equal the total Budget Year One OCO [{2}].','WARNING',1,1,'[PROC#CB-134]',NULL,5),
(679,'by1-cost-rollup','The sum of child Costs for Budget Year One [{0}] does not equal the total Budget Year One [{2}].','WARNING',1,1,'[PROC#CB-134]',NULL,5),
(680,'by2-cost-rollup','The sum of child Costs for Budget Year Two [{0}] does not equal the total Budget Year Two [{2}].','WARNING',1,1,'[PROC#CB-134]',NULL,5),
(681,'by3-cost-rollup','The sum of child Costs for Budget Year Three [{0}] does not equal the total Budget Year Three [{2}].','WARNING',1,1,'[PROC#CB-134]',NULL,5),
(682,'by4-cost-rollup','The sum of child Costs for Budget Year Four [{0}] does not equal the total Budget Year Four [{2}].','WARNING',1,1,'[PROC#CB-134]',NULL,5),
(683,'by5-cost-rollup','The sum of child Costs for Budget Year Five [{0}] does not equal the total Budget Year Five [{2}].','WARNING',1,1,'[PROC#CB-134]',NULL,5),
(684,'tocomplete-cost-rollup','The sum of child Costs for To Complete [{0}] does not equal the total To Complete [{2}].','WARNING',1,1,'[PROC#CB-134]',NULL,5),
(685,'total-cost-rollup','The sum of child Costs for Total [{0}] plus the Prior Years Delta, does not equal the total Total [{2}].','WARNING',1,1,'[PROC#CB-134]',NULL,5),
(686,'install-quantity-rollup','The sum of all non-Organic Installation Total quantities plus Organic Installation quantities [{0}] must equal the Total Procurement Quantity for the Modification Item [{1}].','WARNING',0,0,'[PROC#P3a-457]', NULL,5),
(687,'rdte-pe-number-rollup','All Modification Item RDT&E PE Numbers, must also be specified at the P-3a Modification Group level in the "Related RDT&E PEs" section.','WARNING',1,1,'[PROC#P3a-157]',NULL,5),
(688,'p10-required-if-plus-cy','At least one P-10 sub-exhibit is required if any data is provided for Plus CY Advance Procurement.','WARNING',1,1,'[PROC#GRS-210]',NULL,5),
(689,'by1-history-planning-rollup','The total quantity for all Budget Year One History Planning entries [{0}] must equal the quantity [{1}] from the associated {2}.', 'WARNING',0,0,'[PROC#P5a-150]',NULL,5),
(690,'no-pys-delta-without-subexhibits','Prior Years Cost and Quantity Deltas cannot be provided when there are no sub-exhibits.','WARNING',1,1,'[PROC#P40-410]',NULL,5),
(692,'alo-greater-zero','A Resource Summary must have at least one Gross/Weapon System Cost greater than zero.','WARNING',1,1,'[PROC#GRS-110]',NULL,5),
(694,'only-contract-for-by1','P-3a Modification Group Advance Procurement Cost Elements can only have BY1 Contract Data.','WARNING',1,1,'[PROC#P3a-590]',NULL,5),
(695,'pys-cost-rollup','The sum [min] - [max] range of child Costs for Prior Years, plus the Prior Years Delta, [{0}] - [{1}] (in dollars: [{3}]-[{4}]) does not equal the Gross/Weapon System Cost total Prior Years [{2}].','WARNING',1,1,'[PROC#CB-134]',NULL,5),
(696,'py-cost-rollup','The sum [min] - [max] range of child Costs for Prior Year [{0}] - [{1}] (in dollars: [{3}]-[{4}]) does not equal the Gross/Weapon System Cost total Prior Year [{2}].','WARNING',1,1,'[PROC#CB-134]',NULL,5),
(697,'cy-cost-rollup','The sum [min] - [max] range of child Costs for Current Year [{0}] - [{1}] (in dollars: [{3}]-[{4}]) does not equal the Gross/Weapon System Cost total Current Year [{2}].','WARNING',1,1,'[PROC#CB-134]',NULL,5),
(698,'by1base-cost-rollup','The sum [min] - [max] range of child Costs for Budget Year One Base [{0}] - [{1}] (in dollars: [{3}]-[{4}]) does not equal the Gross/Weapon System Cost total Budget Year One Base [{2}].','WARNING',1,1,'[PROC#CB-134]',NULL,5),
(699,'by1oco-cost-rollup','The sum [min] - [max] range of child Costs for Budget Year One OCO [{0}] - [{1}] (in dollars: [{3}]-[{4}]) does not equal the Gross/Weapon System Cost total Budget Year One OCO [{2}].','WARNING',1,1,'[PROC#CB-134]',NULL,5),
(700,'by1-cost-rollup','The sum [min] - [max] range of child Costs for Budget Year One [{0}] - [{1}] (in dollars: [{3}]-[{4}]) does not equal the Gross/Weapon System Cost total Budget Year One [{2}].','WARNING',1,1,'[PROC#CB-134]',NULL,5),
(701,'by2-cost-rollup','The sum [min] - [max] range of child Costs for Budget Year Two [{0}] - [{1}] (in dollars: [{3}]-[{4}]) does not equal the Gross/Weapon System Cost total Budget Year Two [{2}].','WARNING',1,1,'[PROC#CB-134]',NULL,5),
(702,'by3-cost-rollup','The sum [min] - [max] range of child Costs for Budget Year Three [{0}] - [{1}] (in dollars: [{3}]-[{4}]) does not equal the Gross/Weapon System Cost total Budget Year Three [{2}].','WARNING',1,1,'[PROC#CB-134]',NULL,5),
(703,'by4-cost-rollup','The sum [min] - [max] range of child Costs for Budget Year Four [{0}] - [{1}] (in dollars: [{3}]-[{4}]) does not equal the Gross/Weapon System Cost total Budget Year Four [{2}].','WARNING',1,1,'[PROC#CB-134]',NULL,5),
(704,'by5-cost-rollup','The sum [min] - [max] range of child Costs for Budget Year Five [{0}] - [{1}] (in dollars: [{3}]-[{4}]) does not equal the Gross/Weapon System Cost total Budget Year Five [{2}].','WARNING',1,1,'[PROC#CB-134]',NULL,5),
(705,'tocomplete-cost-rollup','The sum [min] - [max] range of child Costs for To Complete [{0}] - [{1}] (in dollars: [{3}]-[{4}]) does not equal the Gross/Weapon System Cost total To Complete [{2}].','WARNING',1,1,'[PROC#CB-134]',NULL,5),
(706,'total-cost-rollup','The sum [min] - [max] range of child Costs for Total [{0}] - [{1}] (in dollars: [{3}]-[{4}]), plus the Prior Years Delta, does not equal the Gross/Weapon System Cost total Total [{2}].','WARNING',1,1,'[PROC#CB-134]',NULL,5),
(707,'pys-p3a-p10-rollup','The sum of all child Advance Procurement Cost Elements [{0}] does not equal the P-3a Plus CY Advance Procurement [{1}].','WARNING',1,1,'[PROC#P3a-580]',NULL,5),
(708,'py-p3a-p10-rollup','The sum of all child Advance Procurement Cost Elements [{0}] does not equal the P-3a Plus CY Advance Procurement [{1}].','WARNING',1,1,'[PROC#P3a-580]',NULL,5),
(709,'cy-p3a-p10-rollup','The sum of all child Advance Procurement Cost Elements [{0}] does not equal the P-3a Plus CY Advance Procurement [{1}].','WARNING',1,1,'[PROC#P3a-580]',NULL,5),
(710,'by1-p3a-p10-rollup','The sum of all child Advance Procurement Cost Elements [{0}] does not equal the P-3a Plus CY Advance Procurement [{1}].','WARNING',1,1,'[PROC#P3a-580]',NULL,5),
(711,'by2-p3a-p10-rollup','The sum of all child Advance Procurement Cost Elements [{0}] does not equal the P-3a Plus CY Advance Procurement [{1}].','WARNING',1,1,'[PROC#P3a-580]',NULL,5),
(712,'by3-p3a-p10-rollup','The sum of all child Advance Procurement Cost Elements [{0}] does not equal the P-3a Plus CY Advance Procurement [{1}].','WARNING',1,1,'[PROC#P3a-580]',NULL,5),
(713,'by4-p3a-p10-rollup','The sum of all child Advance Procurement Cost Elements [{0}] does not equal the P-3a Plus CY Advance Procurement [{1}].','WARNING',1,1,'[PROC#P3a-580]',NULL,5),
(714,'by5-p3a-p10-rollup','The sum of all child Advance Procurement Cost Elements [{0}] does not equal the P-3a Plus CY Advance Procurement [{1}].','WARNING',1,1,'[PROC#P3a-580]',NULL,5),
(715,'tocomplete-p3a-p10-rollup','The sum of all child Advance Procurement Cost Elements [{0}] does not equal the P-3a Plus CY Advance Procurement [{1}].','WARNING',1,1,'[PROC#P3a-580]',NULL,5),
(716,'total-p3a-p10-rollup','The sum of all child Advance Procurement Cost Elements [{0}] does not equal the P-3a Plus CY Advance Procurement [{1}].','WARNING',1,1,'[PROC#P3a-580]',NULL,5),
(717,'plus-cyap-continuing-rollup','An enclosing Parents To Complete and Total Costs CANNOT be set to Continuing without Continuing Children and MUST be set to Continuing if any Continuing Children exist.','WARNING',1,1,'[PROC#CONT-400]',NULL,5),
(718,'wcf-exempt-pys-rollup','The sum of Working Capital Fund Spares and Total Exempt Spares for Prior Years [{0}] must equal the Total Initial Spares total for Prior Years [{1}].','WARNING',1,1,'[PROC#P18-175]',NULL,5),
(719,'wcf-exempt-py-rollup','The sum of Working Capital Fund Spares and Total Exempt Spares for Prior Year [{0}] must equal the Total Initial Spares total for Prior Year [{1}].','WARNING',1,1,'[PROC#P18-175]',NULL,5),
(720,'wcf-exempt-cy-rollup','The sum of Working Capital Fund Spares and Total Exempt Spares for Current Year [{0}] must equal the Total Initial Spares total for Current Year [{1}].','WARNING',1,1,'[PROC#P18-175]',NULL,5),
(721,'wcf-exempt-by1base-rollup','The sum of Working Capital Fund Spares and Total Exempt Spares for Budget Year One Base [{0}] must equal the Total Initial Spares total for Budget Year One Base [{1}].','WARNING',1,1,'[PROC#P18-175]',NULL,5),
(722,'wcf-exempt-by1oco-rollup','The sum of Working Capital Fund Spares and Total Exempt Spares for Budget Year One OCO [{0}] must equal the Total Initial Spares total for Budget Year One OCO [{1}].','WARNING',1,1,'[PROC#P18-175]',NULL,5),
(723,'wcf-exempt-by1-rollup','The sum of Working Capital Fund Spares and Total Exempt Spares for Budget Year One [{0}] must equal the Total Initial Spares total for Budget Year One [{1}].','WARNING',1,1,'[PROC#P18-175]',NULL,5),
(724,'wcf-exempt-by2-rollup','The sum of Working Capital Fund Spares and Total Exempt Spares for Budget Year Two [{0}] must equal the Total Initial Spares total for Budget Year Two [{1}].','WARNING',1,1,'[PROC#P18-175]',NULL,5),
(725,'wcf-exempt-by3-rollup','The sum of Working Capital Fund Spares and Total Exempt Spares for Budget Year Three [{0}] must equal the Total Initial Spares total for Budget Year Three [{1}].','WARNING',1,1,'[PROC#P18-175]',NULL,5),
(726,'wcf-exempt-by4-rollup','The sum of Working Capital Fund Spares and Total Exempt Spares for Budget Year Four [{0}] must equal the Total Initial Spares total for Budget Year Four [{1}].','WARNING',1,1,'[PROC#P18-175]',NULL,5),
(727,'wcf-exempt-by5-rollup','The sum of Working Capital Fund Spares and Total Exempt Spares for Budget Year Five [{0}] must equal the Total Initial Spares total for Budget Year Five [{1}].','WARNING',1,1,'[PROC#P18-175]',NULL,5),
(728,'wcf-exempt-tocomplete-rollup','The sum of Working Capital Fund Spares and Total Exempt Spares for To Complete [{0}] must equal the Total Initial Spares total for To Complete [{1}].','WARNING',1,1,'[PROC#P18-175]',NULL,5),
(729,'wcf-exempt-total-rollup','The sum of Working Capital Fund Spares and Total Exempt Spares for Total [{0}] must equal the Total Initial Spares total for Total [{1}].','WARNING',1,1,'[PROC#P18-175]',NULL,5),
(730,'wcf-exempt-cont-rollup','The Total Initial Spares costs CANNOT be set to Continuing without either Continuing Working Capital Fund Spares costs or Continuing Total Exempt Spares costs and MUST be set to Continuing if there are Continuing Working Capital Fund Spares costs or Continuing Total Exempt Spares costs.','WARNING',1,1,'[PROC#CONT-400]',NULL,5),
(731,'no-unit-cost-subtotal','Unit cost values cannot be provided for Category Totals.','WARNING',1,1,'[PROC#CB-150]',NULL,5),
(732,'no-quantity-subtotal','Quantity values cannot be provided for Category Totals.','WARNING',1,1,'[PROC#CB-155]',NULL,5),
(735,'eoq-for-fy-required','"For FY" values must be provided for all EOQ Budget Year data.','WARNING',1,1,'[PROC#P10-270]',NULL,5),
(737,'mods-total-required','All costs associated with a P-3a subexhibit must have Totals.','WARNING',1,1,'[PROC#P3a-900]',NULL,5),
(738,'p10-hp-no-oco','P-10 Cost Elements cannot have OCO Contract Data.','WARNING',1,1,'[PROC#P10-300]',NULL,5),
(739,'p10-hp-no-suffix','P-10 Cost Element Contract Data cannot have suffixes.','WARNING',1,1,'[PROC#P10-310]',NULL,5),
(740,'hp-manufacturer-name-required','History and Planning Manufacturer Name is required.','WARNING',1,1,'[PROC#P5a-670]',NULL,5),
(741,'pys-p5-p10-rollup','The sum of all child Advance Procurement Cost Elements [{0}] does not equal the P-5 Plus CY Advance Procurement [{1}].','WARNING',1,1,'[PROC#P5-500]',NULL,5),
(742,'py-p5-p10-rollup','The sum of all child Advance Procurement Cost Elements [{0}] does not equal the P-5 Plus CY Advance Procurement [{1}].','WARNING',1,1,'[PROC#P5-500]',NULL,5),
(743,'cy-p5-p10-rollup','The sum of all child Advance Procurement Cost Elements [{0}] does not equal the P-5 Plus CY Advance Procurement [{1}].','WARNING',1,1,'[PROC#P5-500]',NULL,5),
(744,'by1-p5-p10-rollup','The sum of all child Advance Procurement Cost Elements [{0}] does not equal the P-5 Plus CY Advance Procurement [{1}].','WARNING',1,1,'[PROC#P5-500]',NULL,5),
(745,'by2-p5-p10-rollup','The sum of all child Advance Procurement Cost Elements [{0}] does not equal the P-5 Plus CY Advance Procurement [{1}].','WARNING',1,1,'[PROC#P5-500]',NULL,5),
(746,'by3-p5-p10-rollup','The sum of all child Advance Procurement Cost Elements [{0}] does not equal the P-5 Plus CY Advance Procurement [{1}].','WARNING',1,1,'[PROC#P5-500]',NULL,5),
(747,'by4-p5-p10-rollup','The sum of all child Advance Procurement Cost Elements [{0}] does not equal the P-5 Plus CY Advance Procurement [{1}].','WARNING',1,1,'[PROC#P5-500]',NULL,5),
(748,'by5-p5-p10-rollup','The sum of all child Advance Procurement Cost Elements [{0}] does not equal the P-5 Plus CY Advance Procurement [{1}].','WARNING',1,1,'[PROC#P5-500]',NULL,5),
(749,'tocomplete-p5-p10-rollup','The sum of all child Advance Procurement Cost Elements [{0}] does not equal the P-5 Plus CY Advance Procurement [{1}].','WARNING',1,1,'[PROC#P5-500]',NULL,5),
(750,'total-p5-p10-rollup','The sum of all child Advance Procurement Cost Elements [{0}] does not equal the P-5 Plus CY Advance Procurement [{1}].','WARNING',1,1,'[PROC#P5-500]',NULL,5),
(751,'amo-by1-hp-per-p10-cost-element','P-10 Cost Element Contract Data can only have one BY 1 History and Planning entry across all manufacturers.','WARNING',1,1,'[PROC#P10-290]',NULL,5),
(752,'p40a-not-suppressed-if-subexhibits','P-40a exhibits cannot be suppressed if any of its Items have either History and Planning data or MDAP Codes.  The item, [{0}], from item group, [{1}], either has a P-5a sub-exhibit or an MDAP code.','WARNING',1,1,'[PROC#P40a-300]',NULL,5),
(753,'other-rs-rows-need-one-fy-cost','User provided Resource Summary rows must have data for at least one FY (PYS-BY5) or To Complete.','WARNING',1,1,'[PROC#GRS-145]',NULL,5),
(754,'subtotal-qty-vertical-rollup','The provided Quantity subtotal [{1}] does not equal the sum of child Cost Element Quantities [{0}].','WARNING',1,1,'[PROC#CB-136]',NULL,5),
(755,'horizontal-rollup-with-range','The provided Total [{2}] does not fall within the [min] - [max] range of sums for all funding years and To Complete [{0,number,#.####}] - [{1,number,#.####}] (in dollars: [{3}]-[{4}]).','WARNING',1,1,'[PROC#CB-130]',NULL,5),
(756,'base-plus-oco-with-range','The provided Budget Year One Total [{2}] does not fall within the [min] - [max] range of sums for the Budget Year One Base and OCO costs [{0,number,#.####}] - [{1,number,#.####}] (in dollars: [{3}]-[{4}]).','WARNING',1,1,'[PROC#CB-120]',NULL,5),
(757,'pys-installation-ver-quantity-rollup','The sum of child Installation Quantities for Prior Years [{0}] does not equal the total [{1}] Prior Years Installation Quantity.','WARNING',1,1,'[PROC#P3a-470]',NULL,5),
(758,'py-installation-ver-quantity-rollup','The sum of child Installation Quantities for Prior Year [{0}] does not equal the total [{1}] Prior Year Installation Quantities.','WARNING',1,1,'[PROC#P3a-470]',NULL,5),
(759,'cy-installation-ver-quantity-rollup','The sum of child Installation Quantities for Current Year [{0}] does not equal the total [{1}] Current Year Installation Quantities.','WARNING',1,1,'[PROC#P3a-470]',NULL,5),
(760,'by1base-installation-ver-quantity-rollup','The sum of child Installation Quantities for Budget Year One Base [{0}] does not equal the total [{1}] Budget Year One Base Installation Quantities.','WARNING',1,1,'[PROC#P3a-470]',NULL,5),
(761,'by1oco-installation-ver-quantity-rollup','The sum of child Installation Quantities for Budget Year One OCO [{0}] does not equal the total [{1}] Budget Year One OCO Installation Quantities.','WARNING',1,1,'[PROC#P3a-470]',NULL,5),
(762,'by1-installation-ver-quantity-rollup','The sum of child Installation Quantities for Budget Year One [{0}] does not equal the total [{1}] Budget Year One Installation Quantities.','WARNING',1,1,'[PROC#P3a-470]',NULL,5),
(763,'by2-installation-ver-quantity-rollup','The sum of child Installation Quantities for Budget Year Two [{0}] does not equal the total [{1}] Budget Year Two Installation Quantities.','WARNING',1,1,'[PROC#P3a-470]',NULL,5),
(764,'by3-installation-ver-quantity-rollup','The sum of child Installation Quantities for Budget Year Three [{0}] does not equal the total [{1}] Budget Year Three Installation Quantities.','WARNING',1,1,'[PROC#P3a-470]',NULL,5),
(765,'by4-installation-ver-quantity-rollup','The sum of child Installation Quantities for Budget Year Four [{0}] does not equal the total [{1}] Budget Year Four Installation Quantities.','WARNING',1,1,'[PROC#P3a-470]',NULL,5),
(766,'by5-installation-ver-quantity-rollup','The sum of child Installation Quantities for Budget Year Five [{0}] does not equal the total [{1}] Budget Year Five Installation Quantities.','WARNING',1,1,'[PROC#P3a-470]',NULL,5),
(767,'tocomplete-installation-ver-quantity-rollup','The sum of child Installation Quantities for To Complete [{0}] does not equal the total [{1}] To Complete Installation Quantities.','WARNING',1,1,'[PROC#P3a-470]',NULL,5),
(768,'total-installation-ver-quantity-rollup','The sum of child Installation Quantities for Total [{0}] does not equal the total [{1}] Total Installation Quantities.','WARNING',1,1,'[PROC#P3a-470]',NULL,5),
(769,'require-outyears','Modification P-40a exhibits must have cost data for at least one outyear (BY2-BY5) or To Complete.','WARNING',1,1,'[PROC#P40a-320]',NULL,3),
(771,'hp-award-date-before-delivery','First delivery date cannot be prior to the award date.','WARNING',1,1,'[PROC#CB-270]',NULL,5),
(772,'p3ap10-hp-no-pco-location','P-3a Modification Item Advance Procurement Cost Element History and Planning data CANNOT have PCO Location provided.','WARNING',1,1,'[PROC#P3a-860]',NULL,6),
(773,'p3ap10-hp-no-delivery-date','P-3a Modification Item Advance Procurement Cost Element History and Planning data CANNOT have the First Delivery Date provided.','WARNING',1,1,'[PROC#P3a-870]',NULL,6),
(774,'p3ap10-hp-no-date-rev-available','P-3a Modification Item Advance Procurement Cost Element History and Planning data CANNOT have the Date Revision Available provided.','WARNING',1,1,'[PROC#P3a-880]',NULL,6),
(775,'p3ap10-hp-no-rfp-date','P-3a Modification Item Advance Procurement Cost Element History and Planning data CANNOT have the RFP Issue Date provided.','WARNING',1,1,'[PROC#P3a-890]',NULL,6),
(776,'mru-required','Manufacturer Rate Units are required if there is a Manufacturer.','WARNING',1,1,'[PROC#P5a-680]',NULL,6),
(777,'delivery-amount-in-bounds','Delivery Quantity Total [{0}] for [{1}] must be less than or equal to Maximum Production Rate [{3}].','WARNING',1,1,'[PROC#P21-220]',NULL,6),
(778,'mod-p40a-requires-type','Modification Type must be provided for Modification P-40a Items.','WARNING',1,1,'[PROC#P40a-330]',NULL,6),
(779,'mod-p40a-requires-models-affected','At least one Model Affected must be provided for Modification P-40a Items.','WARNING',1,1,'[PROC#P40a-340]',NULL,6),
(780,'proc-quantity-rollup-for-p21','The sum of all Monthly Deliveries from all of the Delivery Schedules [{0}] does not equal the Procurement Quantity Total [{1}].','WARNING',1,1,'[PROC#P21-300]',NULL,5),
(781,'deliveries-within-yearly-rate','Monthly deliveries during a 12-month period (from [{0}] through [{1}]) cannot exceed maximum yearly production [{2}].','WARNING',1,1,'[PROC#P21-230]',NULL,6),
(782,'oco-base-not-allowed','Submission of OCO funding data is not allowed for this cycle. Provide BY1 Total funding only.','WARNING',0,0,'[PROC#CB-127]',NULL,6),
(783,'advance-p1-line-number-required','If the Advance Procurement P-1 Line Number is provided, the Non-Advance Procurement P-1 Line Number must be provided.','WARNING',1,1,'[PROC#P40-260]',NULL,5),
(784,'models-unique','Models of Systems Affected must be unique within a P-3a Modification Group. [{0}] is listed more than once.','WARNING',1,1,'[PROC#P3a-350]',NULL,6),
(785,'models-unique','Models of Systems Affected must be unique within a Modification P-40a Item. [{0}] is listed more than once.','WARNING',1,1,'[PROC#P40a-350]',NULL,6),
(786,'delivery-date-after-contract-date','Procurement Contract Delivery Date must not be prior to the Contract Date.','WARNING',1,1,'[PROC#P3a-500]',NULL,6),
(787,'no-continuing-without-other-fy-cost','Total Cost cannot be set to Continuing without data for at least one FY (PYS-BY5).','WARNING',1,1,'[PROC#CONT-200]',NULL,6),
(788,'p3a-support-cost-qty-rollup-required','If supplied, Support Cost quantities must sum horizontally to the Support Cost quantity Total.','WARNING',1,1,'[PROC#P3a-910]',NULL,5),
(789,'individual_monthly_deliveries_rollup','Monthly Deliveries must sum vertically to the associated History and Planning Fiscal Year Monthly Total. The sum of child quantities [{2}] is not equal to the subtotal quantity [{1}] for month {0}.', 'WARNING',1,1,'[PROC#P21-320]', NULL,5),
(790,'individual_monthly_total_required','If there are multiple delivery schedules across one or more Service/Agencies, a subtotal sum for each unique month is required.  There is no entry for {0}.', 'WARNING',1,1,'[PROC#P21-330]', NULL,6),
(791,'mdap-code-p40-level','MDAP/MAIS Code(s) can either be designated at the Line Item level or the Item level, but not both.','WARNING',1,1,'[PROC#CB-320]',NULL,5),
(794,'year-between-1900-and-9999','History and Planning Fiscal Year (FY) values must fall within the range 1900-9999.  {0} is outside the allowed range.','WARNING',1,1,'[PROC#P5a-110]',NULL,3),
(795, 'total-gwsc-must-equal-total-toa','Gross/Weapon System Cost "Total" must equal Total Obligation Authority "Total".  The GWSC Total [{0}] is not equal to TOA Total [{1}].','WARNING',1,1,'[PROC#GRS-220]',NULL,5),
(796, 'recurring-non-recurring-subtotal','There must be at least one {0} Cost Element if a {1} Total is entered.','WARNING',1,1,'[PROC#P5-621]',NULL,5),
(797, 'ap-standalone-too-much-data', 'A Standalone Advance Procurement P-40 can only have Plus CY, Total Obligation Authority, and Quantity in the BY1 column.', 'WARNING',1,1,'[PROC#P40-500]',NULL,6),
(798, 'ap-standalone-flag-recommended', 'The "APOnlyFlag" must be set to "true" for a Standalone Advance Procurement P-40.', 'WARNING',1,1,'[PROC#P40-510]',NULL,6),
(799, 'combined-p5-lineitem-check','The Combined P-5 exhibit pdf can only be used for Line Item # 5300, Completion of Prior Year Shipbuilding Programs.','WARNING',1,1,'[PROC#P5-300]',NULL,2),
(800, 'combined-p5-only-p5-exhibits','A Line Item that uses the Combined P-5 exhibit pdf is only allowed to have P5 subexhibits.','WARNING',1,1,'[PROC#P40-600]',NULL,2),
(801, 'ap-description-empty-check','Line Item Description for the end item CANNOT be provided for a Standalone Advance Procurement P-40.','WARNING',1,1,'[PROC#P40-520]',NULL,2),
(802, 'ap-justification-empty-check','Line Item Justification for the end item CANNOT be provided for a Standalone Advance Procurement P-40.','WARNING',1,1,'[PROC#P40-530]',NULL,2),
(803, 'ap-standalone-not-permitted-check','This data element[s] IS NOT part of a valid Standalone Advance Procurement P-40.','WARNING',1,1,'[PROC#P40-540]',NULL,2),
(804, 'p40a-total-must-have-non-zero-value','P-40a Total must have non-zero cost data for at least one of (PYS-BY5) or To Complete.','WARNING',1,1,'[PROC#P40a-360]',NULL,3),
(805, 'jbook-budget-cycle-consistent-check','The budget cycle [{0}] for the Line Item with the title [{1}] must have the same budget cycle as the parent Justification Book [{2}].','WARNING',1,1,'[PROC#JB-100]',NULL,3),
(806, 'jbook-p1-present','The Line Item titled [{0}] must have a P1 Number.','WARNING',1,1,'[PROC#JB-110]',NULL,3),
(807, 'jbook-p1-unique','The following P-1 numbers are duplicates: [{0}].','WARNING',1,1,'[PROC#JB-120]',NULL,3),
(808, 'inactive-facility-project-contractor-required','A contractor must be included for an inactive facility project.','WARNING',1,1,'[PROC#P26-110]',NULL,3),
(809, 'no-standalone-and-suppressed-ap-p40','A Line Item cannot have both the Standalone Advance Procurement P-40 flag and the Suppress Advance Procurement P-40 flag set to true simultaneously. These two options are mutually exclusive.','WARNING',1,1,'[PROC#P40-550]',NULL,5),
(810, 'no-ap-info-when-suppressed','No Advance Procurement P-40 information (Description, Justification, and P-1 Line Number) can be provided when the Advance Procurement P-40 is suppressed.','WARNING',1,1,'[PROC#P40-560]',NULL,2),
(813, 'other-rs-row-rollup', 'The sum of child Exhibits for this Custom Resource Summary row [{0}] does not equal the value provided in the P-40 [{1}].','WARNING',0,1,'[PROC#CB-134]', NULL, 5),
(814, 'p5-cost-minimum', 'P-5 Item Contract data cannot be provided if the BY1 Line Item Gross Weapon/System Cost is less than $5 million.','WARNING',0,1,'[PROC#P5a-500]', NULL, 2),
(815, 'p40a-contract-data', 'P-40a Items cannot have Contract data.','WARNING',1,1,'[PROC#P40a-500]', NULL, 2),
(816, 'p40-user-defined-cost-title-unique', 'User Defined Resource Summary row names must be unique. [{0}] occurs more than once.','WARNING',1,1,'[PROC#GRS-300]', NULL, 4),
(817, 'li-tracking-note-remove', 'Individual exhibit Tracking Notes are not allowed in Justification Books. Please remove the Tracking Note from Line Item [{0}].','WARNING',1,1,'[PROC#JB-160]', NULL, 2),
(818, 'p40-only-threshold', 'The P-40 is the only exhibit that can be submitted for non-MDAP/MAIS Line Items, if the BY1 Line Item Gross Weapon/System Cost is less than 5 million.','WARNING',1,1,'[PROC#THRP40-700]', NULL, 2),
(819, 'p3a-cost-minimum', 'The P-3a exhibit cannot be submitted for non-MDAP/MAIS Line Items if the BY1 Individual Modification Cost is less than $5 million.','WARNING',1,1,'[PROC#THRP3a-950]', NULL, 2),
(820, 'p21-cost-minimum', 'The P-21 exhibit cannot be submitted for non-MDAP/MAIS Line Items if the BY1 Cost Element value is less than $5 million.','WARNING',1,1,'[PROC#THRP21-600]',NULL, 2),
(821, 'p5-out-years-forbidden', 'Out-year Cost Element data is not permitted in the P-5.','WARNING',1,1,'[PROC#OYP5-700]',NULL, 3),
(822, 'p40a-out-year-rule', 'Out-year Item Cost data is not permitted in a Non-Modification P-40a.','WARNING',1,1,'[PROC#OYP40a-700]',NULL, 2),
(823, 'p3a-out-year-installation-cost', 'Out-year Installation Cost data is not permitted in the P-3a.','WARNING',0,1,'[PROC#OYP3a-980]',NULL, 2),
(824, 'p3a-out-year-contract-and-delivery-date', 'Out-year Contract and Delivery Date data is not permitted in the P-3a.','WARNING',0,1,'[PROC#OYP3a-970]',NULL, 2),
(825, 'p10-out-year-rule', 'Out-year Cost Element data is not permitted in the P-10.','WARNING',1,1,'[PROC#OYP10-500]',NULL, 2),
-- (826, 'p5-out-years-forbidden', 'Out-year Cost Element data is not permitted in the P-5.','WARNING',1,1,'[PROC#OYP5-700]',NULL, 3),
(827, 'p21-out-years-forbidden', 'Out-year deliveries are only permitted in the P-21 for in-year procurements.','WARNING',1,1,'[PROC#OYP21-700]',NULL, 3),
(828, 'p3a-out-year-cost-element-data', 'Out-year Cost Element data is not permitted in the P-3a.','WARNING',0,1,'[PROC#OYP3a-950]',NULL, 2),
(829, 'p3a-out-year-support-cost-data', 'Out-year Support Cost data is not permitted in the P-3a.','WARNING',0,1,'[PROC#OYP3a-960]',NULL, 2),
(830, 'p40-user-defined-cost-title-not-null', 'User defined Resource Summary row names are required.','WARNING',1,1,'[PROC#GRS-400]', NULL, 4),
(831, 'p10-fy-date-check', 'A Cost Element "For FY" fiscal year value must be equal to or greater than the Procurement fiscal year value.','WARNING',1,1,'[PROC#P10-400]', NULL, 2),
(832, 'p1-line-number-exists', 'P-1 Line Number is required.', 'WARNING',  1, 1, '[PROC#P40-650]', NULL ,2),
(833, 'prcp-p1-exists', 'Exhibit not PRCP validated.  Locked PRCP data not available.', 'WARNING',1,1,'[PROC#PRCP-600]',NULL,3),
(834, 'prcp-li-match', 'The combination of Line Item Number ({0}), Organization ({1}), Appropriation ({2}) and Budget Activity ({3}) does not match any entry in the PRCP P-1.', 'WARNING', 1, 1, '[PROC#PRCP-610]', NULL, 3),
(835, 'prcp-line-number-match', 'The PRCP P-1 {0} Line Number ({1}) does not match the exhibit P-1 Line Number ({2}) for Line Item ({3}), Organization ({4}), Appropriation ({5}), Budget Activity ({6}) and Budget Sub-Activity ({7})', 'WARNING',1,1,'[PROC#PRCP-615]',NULL,3),
(836, 'prcp-ap-line-number-match', 'The PRCP P-1 Advance Procurement (CY) Line Number ({0}) does not match the exhibit P-1 Line Number ({1}) for Line Item ({2}), Organization ({3}), Appropriation ({4}), Budget Activity ({5}) and Budget Sub-Activity ({6}).', 'WARNING',1,1,'[PROC#PRCP-616]',NULL,3),
(837, 'prcp-cost-rows-match-no-prcp', 'The {0} Resource Summary Row does not match any [{1}] row in the PRCP P-1.', 'WARNING', 1,1,'[PROC#PRCP-620]', NULL, 3),
(838, 'py-matches-prcp', 'Prior Year [{0}] cost {1} does not match the PRCP Prior Year [{2}] cost {3}.', 'WARNING', 1, 1, '[PROC#PRCP-630]', NULL, 5),
(839, 'cy-matches-prcp', 'Current Year [{0}] cost {1} does not match the PRCP Current Year [{2}] cost {3}.', 'WARNING', 1, 1, '[PROC#PRCP-631]', NULL, 5),
(840, 'by1-matches-prcp', 'Budget Year One [{0}] cost {1} does not match the PRCP Budget Year One [{2}] cost {3}.', 'WARNING', 1, 1, '[PROC#PRCP-632]', NULL, 5),
(841, 'by1Base-matches-prcp', 'Budget Year One Base [{0}] cost {1} does not match the PRCP Budget Year One Base [{2}] cost {3}.', 'WARNING', 1, 1, '[PROC#PRCP-637]', NULL, 5),
(842, 'by1OCO-matches-prcp', 'Budget Year One OCO [{0}] cost {1} does not match the PRCP Budget Year One OCO [{2}] cost {3}.', 'WARNING', 1, 1, '[PROC#PRCP-638]', NULL, 5),
(843, 'by2-matches-prcp', 'Budget Year Two [{0}] cost {1} does not match the PRCP Budget Year Two [{2}] cost {3}.', 'WARNING', 1, 1, '[PROC#PRCP-633]', NULL, 5),
(844, 'by3-matches-prcp', 'Budget Year Three [{0}] cost {1} does not match the PRCP Budget Year Three [{2}] cost {3}.', 'WARNING', 1, 1, '[PROC#PRCP-634]', NULL, 5),
(845, 'by4-matches-prcp', 'Budget Year Four [{0}] cost {1} does not match the PRCP Budget Year Four [{2}] cost {3}.', 'WARNING', 1, 1, '[PROC#PRCP-635]', NULL, 5),
(846, 'by5-matches-prcp', 'Budget Year Five [{0}] cost {1} does not match the PRCP Budget Year Five [{2}] cost {3}.', 'WARNING', 1, 1, '[PROC#PRCP-636]', NULL, 5),
(847, 'p8a-prior-year-cost-rollup','The P-8a Prior Year Total Cost [{0}] must equal the P5c Prior Year Subtotal Cost [{1}].','WARNING',1,1,'[SCN#P8a-100]',NULL,5),
(848, 'p8a-current-year-cost-rollup','The P-8a Current Year Total Cost [{0}] must equal the P5c Current Year Subtotal Cost [{1}].','WARNING',1,1,'[SCN#P8a-101]',NULL,5),
(849, 'p8a-budget-year-one-cost-rollup','The P-8a Budget Year One Total Cost [{0}] must equal the P5c Budget Year One Subtotal Cost [{1}].','WARNING',1,1,'[SCN#P8a-102]',NULL,5),
(850, 'p-35-prior-year-cost-rollup', 'The P35 Item Prior Year Category Total [{0}], must equal the P-35 item Prior Year Total Cost [{1}]','WARNING',1,1,'[SCN#P35-100]',NULL,5),
(851, 'p-35-current-year-cost-rollup', 'The P35 Item Current Year Category Total [{0}], must equal the  P-35 Item Current Year Total Cost [{1}]','WARNING',1,1,'[SCN#P35-101]',NULL,5),
(852, 'p-35-budget-year-one-cost-rollup', 'The P35 Item Budget Year One Category Total [{0}], must equal the  P-35 Item Budget Year One Total Cost [{1}]','WARNING',1,1,'[SCN#P35-102]',NULL,5),
(853, 'p5c-prior-year-cost-rollup', 'P5c Net P-1 Funding Prior Year Total Cost [{0}] must equal the P-40 Net Procurement (P-1) Prior Year cost [{1}]','WARNING',1,1,'[SCN#P5c-100]',NULL,5),
(854, 'p5c-current-year-cost-rollup', 'P5c Net P-1 Funding Current Year Total Cost [{0}] must equal the P-40 Net Procurement (P-1) Current Year cost [{1}]','WARNING',1,1,'[SCN#P5c-101]',NULL,5),
(855, 'p5c-by1-year-cost-rollup', 'P5c Net P-1 Funding Budget Year One Total Cost [{0}] must equal the P-40 Net Procurement (P-1) Budget Year One cost [{1}]','WARNING',1,1,'[SCN#P5c-102]',NULL,5),
(856, 'p29-full-funding-TOA-prior-year-cost', 'P-29 Outfitting Full Funding TOA - OutFitting Total Prior Year Cost [{0}] must equal the Line Item Full Funding TOA - Outfitting Prior Year Cost [{1}]','WARNING',1,1,'[SCN#P29-300]',NULL,5),
(857, 'p30-full-funding-TOA-prior-year-cost', 'P-30 Post Delivery Full Funding TOA - Delivery Total Prior Year Cost [{0}] must equal the Line Item Full Funding TOA - Post Delivery Prior Year Cost [{1}]','WARNING',1,1,'[SCN#P30-300]',NULL,5),
(858, 'p29-full-funding-TOA-current-year-cost', 'P-29 Outfitting Full Funding TOA - OutFitting Total Current Year Cost [{0}] must equal the Line Item Full Funding TOA - Outfitting Current Year Cost [{1}]','WARNING',1,1,'[SCN#P29-301]',NULL,5),
(859, 'p29-full-funding-TOA-budget-year-one-cost', 'P-29 Outfitting Full Funding TOA - OutFitting Total Budget Year One Cost [{0}] must equal the Line Item Full Funding TOA - Outfitting Budget Year One Cost [{1}]','WARNING',1,1,'[SCN#P29-302]',NULL,5),
(860, 'p30-full-funding-TOA-current-year-cost', 'P-30 Post Delivery Full Funding TOA - Delivery Total Current Year Cost [{0}] must equal the Line Item Full Funding TOA - Post Delivery Current Year Cost [{1}]','WARNING',1,1,'[SCN#P30-301]',NULL,5),
(861, 'p30-full-funding-TOA-budget-year-one-cost', 'P-30 Post Delivery Full Funding TOA - Delivery Total Budget Year One Cost [{0}] must equal the Line Item Full Funding TOA - Post Delivery Budget Year One Cost [{1}]','WARNING',1,1,'[SCN#P30-302]',NULL,5),
(862, 'p29-cost-category-prior-year-cost-rollup', 'The sum of all P-29 Ship Class Outfitting Prior Year Total Costs [{0}] must equal the P-29 Full Funding TOA - Outfitting Total Prior Year Cost [{1}]','WARNING',1,1,'[SCN#P29-200]',NULL,5),
(863, 'p29-cost-category-current-year-cost-rollup', 'The sum of all P-29 Ship Class Outfitting Current Year Total Costs [{0}] must equal the P-29 Full Funding TOA - Outfitting Total Current Year Cost [{1}]','WARNING',1,1,'[SCN#P29-201]',NULL,5),
(864, 'p29-cost-category-budget-year-one-cost-rollup', 'The sum of all P-29 Ship Class Outfitting Budget Year One Total Costs [{0}] must equal the P-29 Full Funding TOA - Outfitting Total Budget Year One Cost [{1}]','WARNING',1,1,'[SCN#P29-202]',NULL,5),
(865, 'p30-cost-category-prior-year-cost-rollup', 'The sum of all P-30 Ship Class Post Delivery Prior Year Total Costs [{0}] must equal the P-30 Full Funding TOA - Post Delivery Total Prior Year Cost [{1}]','WARNING',1,1,'[SCN#P30-200]',NULL,5),
(866, 'p30-cost-category-current-year-cost-rollup', 'The sum of all P-30 Ship Class Post Delivery Current Year Total Costs [{0}] must equal the P-30 Full Funding TOA - Post Delivery Total Current Year Cost [{1}]','WARNING',1,1,'[SCN#P30-201]',NULL,5),
(867, 'p30-cost-category-budget-year-one-cost-rollup', 'The sum of all P-30 Ship Class Post Delivery Budget Year One Total Costs [{0}] must equal the P-30 Full Funding TOA - Post DeliveryTotal Budget Year One Cost [{1}]','WARNING',1,1,'[SCN#P30-202]',NULL,5),
(868, 'p29-cost-element-prior-year-cost-rollup', 'The sum of P-29 Outfitting Prior Year Costs [{0}] must equal the Outfitting Prior Year Total Cost [{1}]','WARNING',1,1,'[SCN#P29-100]',NULL,5),
(869, 'p29-cost-element-current-year-cost-rollup', 'The sum of P-29 Outfitting Current Year Costs [{0}] must equal the Outfitting Current Year Total Cost [{1}]','WARNING',1,1,'[SCN#P29-101]',NULL,5),
(870, 'p29-cost-element-budget-year-one-cost-rollup', 'The sum of P-29 Outfitting Budget Year One Costs [{0}] must equal the Outfitting Budget Year One Total Cost [{1}]','WARNING',1,1,'[SCN#P29-102]',NULL,5),
(871, 'p30-cost-element-prior-year-cost-rollup', 'The sum of P-30 Post Delivery Prior Year Costs [{0}] must equal the Post Delivery Prior Year Total Cost [{1}]','WARNING',1,1,'[SCN#P30-100]',NULL,5),
(872, 'p30-cost-element-current-year-cost-rollup', 'The sum of P-30 Post Delivery Current Year Costs [{0}] must equal the Post Delivery Current Year Total Cost [{1}]','WARNING',1,1,'[SCN#P30-101]',NULL,5),
(873, 'p30-cost-element-budget-year-one-cost-rollup', 'The sum of P-30 Post Delivery Budget Year One Costs [{0}] must equal the Post Delivery Budget Year One Total Cost [{1}]','WARNING',1,1,'[SCN#P30-102]',NULL,5),
(874, 'scn-total-gwsc-must-equal-total-toa','Gross/Weapon System Cost Total [{0}] must equal Total Obligation Authority Total [{1}]','WARNING','1','1','[SCN#GRS-100]',NULL,5),
(875, 'prcp-cost-rows-match-no-rs', 'The {0} PRCP P-1 row does not match any [{1}] row in the Resource Summary.', 'WARNING', 1,1,'[PROC#PRCP-625]', NULL, 3)
;

INSERT INTO `ValidationClassValidationRule` (validationClassId, validationRuleId) VALUES
((select id from ValidationClass where name like '%.SpringRulesValidator'),1),
(3,2),
(3,3),
(3,4),
(3,875),
(4,6),
(4,7),
(4,8),
(4,9),
(4,10),
(4,11),
(4,12),
(4,13),
(4,14),
(4,22),
(4,23),
(7,501),
(7,153),
(8,24),
(9,25),
(11,30),
(14,34),
(14,35),
(20,38),
(21,39),
(5,42),
(22,43),
(22,44),
(22,45),
(22,46),
(22,47),
(22,48),
(22,49),
(22,50),
(22,51),
(22,52),
(22,53),
(22,54),
(92,695),
(92,696),
(92,697),
(92,698),
(92,699),
(92,700),
(92,701),
(92,702),
(92,703),
(92,704),
(92,705),
(92,706),
(92,651),
(92,652),
(92,653),
(92,654),
(92,655),
(92,656),
(92,657),
(92,658),
(92,659),
(92,660),
(92,661),
(92,662),
(14,56),
(14,57),
(14,58),
(14,59),
(14,60),
(14,61),
(14,62),
(14,63),
(14,64),
(51,67),
(51,68),
(51,69),
(51,70),
(51,71),
(51,72),
(51,73),
(51,74),
(51,75),
(51,76),
(51,77),
(51,78),
(53,79),
(53,80),
(53,81),
(53,82),
(53,83),
(53,84),
(53,85),
(53,86),
(53,87),
(53,88),
(53,89),
(25,92),
(25,214),
(25,478),
(29,98),
(29,99),
(29,100),
(29,101),
(29,102),
(29,103),
(29,104),
(29,105),
(29,106),
(29,107),
(29,554),
(29,555),
(30,107),
(30,103),
(11,112),
(11,114),
(11,115),
(11,116),
(11,117),
(11,118),
(11,119),
(11,120),
(11,121),
(11,122),
(11,123),
(11,124),
(11,125),
(11,126),
(11,127),
(11,128),
(11,129),
(11,130),
(11,131),
(11,132),
(11,133),
(11,134),
(11,135),
(11,136),
(11,137),
(11,138),
(32,98),
(32,99),
(32,100),
(32,101),
(32,102),
(32,103),
(32,104),
(32,105),
(32,106),
(32,107),
(32,554),
(32,555),
(33,97),
(33,113),
(34,442),
(36,97),
(38,152),
(22,153),
(92,153),
(7,154),
(40,113),
(28,156),
(5,158),
(17,159),
(10,159),
(17,160),
(17,161),
(17,162),
(17,163),
(17,164),
(17,165),
(17,166),
(17,167),
(10,160),
(10,161),
(10,162),
(10,163),
(10,164),
(10,165),
(10,166),
(10,167),
(6,168),
(23,170),
(24,171),
(53,172),
(41,97),
(41,113),
(93,97),
(93,113),
(39,178),
(42,96),
(42,97),
(43,177),
(14,179),
(14,180),
(14,181),
(14,182),
(14,183),
(14,184),
(14,185),
(14,186),
(14,187),
(29,188),
(29,189),
(29,190),
(29,191),
(29,192),
(29,193),
(29,194),
(29,195),
(29,196),
(29,197),
(45,113),
(6,198),
(6,200),
(36,113),
(46,113),
(43,202),
(43,203),
(43,204),
(48,97),
(28,205),
(51,206),
(5,205),
(43,209),
(43,210),
(49,96),
(50,96),
(49,113),
(50,113),
(15,357),
(55,97),
(52,213),
(16,214),
(91,214),
(17,214),
(3,216),
(55,217),
(56,218),
(57,219),
(55,220),
(55,221),
(43,223),
(43,224),
(43,225),
(43,226),
(43,227),
(43,228),
(43,229),
(43,230),
(43,231),
(43,232),
(55,233),
(55,234),
(55,235),
(55,236),
(55,237),
(55,238),
(55,239),
(55,240),
(55,241),
(55,242),
(55,243),
(55,244),
(55,245),
(14,5),
(55,246),
(55,247),
(55,248),
(55,249),
(55,250),
(55,251),
(5,253),
(28,254),
(61,97),
(61,113),
(62,97),
(62,113),
(27,353),
(27,354),
(27,668),
(4,355),
(4,356),
(16,357),
(55,358),
(5,359),
(5,360),
(13,361),
(66,361),
(28,362),
(7,363),
(66,365),
(66,366),
(23,367),
(23,368),
(23,369),
(23,370),
(23,371),
(23,372),
(23,373),
(23,374),
(23,375),
(23,376),
(23,377),
(23,378),
(23,550),
(67,379),
(67,380),
(37,381),
((select id from ValidationClass where name like '%.P40AValidator'),382),
((select id from ValidationClass where name like '%.P40ACategoryValidator'),383),
((select id from ValidationClass where name like '%.P40AItemValidator'),384),
(19,385),
(95,385),
(33,385),
(34,385),
(35,385),
(36,385),
(46,385),
(41,385),
(93,385),
(42,385),
(48,385),
(55,385),
(61,385),
(62,385),
(3,386),
(3,387),
(3,388),
(3,389),
(3,390),
(3,391),
(3,392),
(3,393),
(3,394),
(3,395),
(3,396),
(3,397),
(71,97),
(71,113),
(71,385),
(72,385),
(6,422),
(6,423),
(6,424),
(7,425),
(8,425),
(7,428),
(73,34),
(73,35),
(73,5),
(33,96),
(17,384),
(44,430),
(44,431),
(44,432),
(44,433),
(44,434),
(44,435),
(44,436),
(44,437),
(44,438),
(44,439),
(44,440),
(44,441),
(67,443),
(3,444),
(8,428),
(3,446),
(3,447),
(14,448),
(53,199),
(10,363),
(53,199),
(78,103),
(78,107),
(55,451),
(55,452),
(24,384),
(67,97),
(68,97),
(69,97),
(68,153),
(70,153),
(55,455),
(6,456),
(17,457),
(10,457),
(55,458),
(4, 459),
(72,442),
(71,442),
(27,96),
(3,153),
(53,461),
(53,462),
(79,442),
(79,97),
(79,385),
(80,97),
(80,385),
(80,442),
(81,97),
(81,385),
(82,97),
(82,385),
(43,463),
(43,464),
(53,465),
(53,466),
(53,467),
(53,468),
(53,469),
(53,470),
(53,471),
(53,472),
(53,473),
(53,474),
(53,475),
(53,476),
(10,477),
(17,96),
(25,96),
(19,96),
(95,96),
(37,43),
(37,44),
(37,45),
(37,46),
(37,47),
(37,48),
(37,49),
(37,50),
(37,51),
(37,52),
(37,53),
(37,54),
(37,153),
(28,43),
(28,44),
(28,45),
(28,46),
(28,47),
(28,48),
(28,49),
(28,50),
(28,51),
(28,52),
(28,53),
(28,54),
(28,153),
(23,479),
(23,481),
(73,448),
(43,482),
(31,110),
(14,483),
(14,484),
(14,485),
(14,486),
(14,487),
(14,488),
(14,489),
(14,490),
(14,491),
(73,483),
(73,484),
(73,485),
(73,486),
(73,487),
(73,488),
(73,489),
(73,490),
(73,491),
(3,492),
(3,493),
(7,495),
(10,495),
(23,495),
(24,495),
(39,495),
(3,496),
(17,498),
(51,498),
(52,498),
(29,499),
(29,500),
(28,502),
(3,495),
(19,442),
(95,442),
(23,503),
(23,504),
(23,505),
(23,506),
(3,507),
(3,508),
(3,509),
(9,510),
(4,512),
(5,513),
(5,514),
(5,515),
(5,516),
(5,517),
(5,518),
(7,519),
(7,520),
(7,616),
(7,622),
(55,521),
(55,522),
(55,523),
(55,524),
(55,525),
(55,526),
(23,527),
(23,528),
(23,529),
(23,530),
(23,531),
(24,533),
(24,535),
(24,539),
(24,540),
(24,541),
(23,543),
(85,544),
(85,542),
(39,545),
(39,546),
(43,547),
(15,214),
(90,214),
(16,214),
(91,214),
(23,619),
(23,754),
(4,459),
(29,552),
(29,553),
(52,558),
(3,566),
(3,567),
(3,568),
(3,569),
(3,570),
(3,571),
(3,572),
(3,573),
(3,574),
(3,578),
(3,579),
(3,580),
(3,581),
(3,582),
(3,583),
(3,584),
(3,585),
(3,586),
(3,590),
(3,591),
(3,592),
(3,593),
(3,594),
(3,595),
(3,596),
(3,597),
(3,598),
(3,601),
(3,604),
(3,605),
(3,606),
(3,607),
(3,608),
(3,609),
(3,610),
(3,611),
(3,612),
(23,214),
(24,616),
(3,617),
(3,783),
(3,621),
(3,670),
(8,623),
(23,638),
(88,98),
(88,99),
(88,100),
(88,101),
(88,102),
(88,103),
(88,104),
(88,105),
(88,106),
(88,107),
(88,554),
(88,555),
(3,635),
(3,636),
(3,637),
(3,618),
(13,637),
(27,644),
(25,646),
(25,647),
(25,648),
(25,649),
(27,650),
(27,663),
(27,664),
(25,666),
(3,669),
(3,671),
(3,672),
(25,673),
(18,674),
(18,675),
(18,676),
(18,677),
(18,678),
(18,679),
(18,680),
(18,681),
(18,682),
(18,683),
(18,684),
(18,685),
(26,674),
(26,675),
(26,676),
(26,677),
(26,678),
(26,679),
(26,680),
(26,681),
(26,682),
(26,683),
(26,684),
(26,685),
(26,651),
(26,652),
(26,653),
(26,654),
(26,655),
(26,656),
(26,657),
(26,658),
(26,659),
(26,660),
(26,661),
(26,662),
(24,686),
(23,687),
(11,688),
(27,107),
(27,191),
(27,689),
(89,498),
(27,478),
(3,690),
(43,153),
(24,153),
(3,692),
(7,692),
(23,692),
(27,694),
(23,707),
(23,708),
(23,709),
(23,710),
(23,711),
(23,712),
(23,713),
(23,714),
(23,715),
(23,716),
(23,153),
(3,717),
(7,717),
(23,717),
(28,718),
(28,719),
(28,720),
(28,721),
(28,722),
(28,723),
(28,724),
(28,725),
(28,726),
(28,727),
(28,728),
(28,729),
(28,730),
(15,732),
(15,731),
(16,732),
(16,731),
(90,732),
(90,731),
(91,732),
(91,731),
(9,731),
(9,732),
(27,735),
(51,737),
(17,737),
(5,738),
(5,739),
(4,740),
(7,741),
(7,742),
(7,743),
(7,744),
(7,745),
(7,746),
(7,747),
(7,748),
(7,749),
(7,750),
(27,751),
(8,752),
(93,753),
(94,755),
(94,756),
(95,97),
(95,113),
(53,757),
(53,758),
(53,759),
(53,760),
(53,761),
(53,762),
(53,763),
(53,764),
(53,765),
(53,766),
(53,767),
(8,769),
(5,772),
(5,773),
(5,774),
(5,775),
(5,771),
(53,768),
(3,776),
(5,777),
(34,480),
(10,778),
(10,779),
(5,780),
(5,781),
(34,782),
(51,153),
(26,153),
(23,784),
(10,785),
(32,552),
(32,553),
(88,552),
(88,553),
(24,786),
(19,787),
(34,787),
(41,787),
(42,787),
(45,787),
(49,787),
(80,787),
(43,787),
(93,787),
(95,787),
(23,788),
(5,789),
(5,790),
(3,791),
(5,794),
(3,795),
(16,796),
(3,797),
(3,798),
(3,799),
(3,800),
(96,30),
(96,688),
(7,797),
(23,797),
(3,801),
(3,802),
(7,803),
(23,803),
(3,803),
(8,804),
(97,805),
(97,806),
(97,807),
(70,808),
(3,809),
(3,810),
(3,813),
(17,814),
(10,815),
(11,816),
(97,817),
(3,818),
(23,819),
(17,820),
(7,821),
(8,822),
(23,823),
(23,824),
(27,825),
-- (7,826),
(6,827),
(23,828),
(23,829),
(11,830),
(25,831),
(3,832),
(3,833),
(3,834),
(3,835),
(3,836),
(3,837),
(98,837),
(98,838),
(98,839),
(98,840),
(98,841),
(98,842),
(98,843),
(98,844),
(98,845),
(98,846),
(99,847),
(99,848),
(99,849),
(100,850),
(100,851),
(100,852),
(101,856),
(101,857),
(101,858),
(101,859),
(101,860),
(101,861),
(101,862),
(101,863),
(101,864),
(101,865),
(101,866),
(101,867),
(102,868),
(102,869),
(102,870),
(102,871),
(102,872),
(102,873),
(103,874),
(103,833),
(103,834),
(103,835),
(103,837),
(104,853),
(104,854),
(104,855)
;

commit;